timestamp_utc,timestamp_peru,timestamp_nl,ruta,capaciteit,beschikbaar,verkocht_over_1_dag,verkocht_over_2_dagen
2026-09-06T07:12:20.369Z,2026-09-06 02:12:20,2026-09-06 09:12:20,"Ruta 2-A: Clásico Diseñada",600,600,,
2026-09-06T07:33:12.728Z,2026-09-06 02:33:12,2026-09-06 09:33:12,"Ruta 2-A: Clásico Diseñada",600,600,,
2026-09-06T08:33:43.450Z,2026-09-06 03:33:43,2026-09-06 10:33:43,"Ruta 2-A: Clásico Diseñada",600,600,,
2026-09-06T08:35:42.327Z,2026-09-06 03:35:42,2026-09-06 10:35:42,"Ruta 2-A: Clásico Diseñada",600,600,,
2026-09-06T09:05:05.235Z,2026-09-06 04:05:05,2026-09-06 11:05:05,"Ruta 2-A: Clásico Diseñada",600,600,,
2026-09-06T09:33:33.447Z,2026-09-06 04:33:33,2026-09-06 11:33:33,"Ruta 2-A: Clásico Diseñada",600,600,,
2026-09-06T10:04:39.874Z,2026-09-06 05:04:39,2026-09-06 12:04:39,"Ruta 2-A: Clásico Diseñada",600,600,,
2026-09-06T10:32:38.508Z,2026-09-06 05:32:38,2026-09-06 12:32:38,"Ruta 2-A: Clásico Diseñada",600,600,,
2026-09-06T11:04:34.081Z,2026-09-06 06:04:34,2026-09-06 13:04:34,"Ruta 2-A: Clásico Diseñada",600,600,,
2026-09-06T11:32:43.561Z,2026-09-06 06:32:43,2026-09-06 13:32:43,"Ruta 2-A: Clásico Diseñada",600,563,,
2026-09-06T12:06:27.305Z,2026-09-06 07:06:27,2026-09-06 14:06:27,"Ruta 1-A: Montaña Machupicchu",50,50,,
2026-09-06T12:06:27.305Z,2026-09-06 07:06:27,2026-09-06 14:06:27,"Ruta 2-A: Clásico Diseñada",600,516,,
2026-09-06T12:38:25.952Z,2026-09-06 07:38:25,2026-09-06 14:38:25,"Ruta 1-A: Montaña Machupicchu",50,50,,
2026-09-06T12:38:25.952Z,2026-09-06 07:38:25,2026-09-06 14:38:25,"Ruta 2-A: Clásico Diseñada",600,477,,
2026-09-06T12:48:26.848Z,2026-09-06 07:48:26,2026-09-06 14:48:26,"Ruta 1-A: Montaña Machupicchu",50,50,,
2026-09-06T12:48:26.848Z,2026-09-06 07:48:26,2026-09-06 14:48:26,"Ruta 2-A: Clásico Diseñada",600,454,,
2026-09-06T13:04:58.245Z,2026-09-06 08:04:58,2026-09-06 15:04:58,"Ruta 1-A: Montaña Machupicchu",50,50,,
2026-09-06T13:04:58.245Z,2026-09-06 08:04:58,2026-09-06 15:04:58,"Ruta 2-A: Clásico Diseñada",600,431,,
2026-09-06T13:21:10.971Z,2026-09-06 08:21:10,2026-09-06 15:21:10,"Ruta 1-A: Montaña Machupicchu",50,50,,
2026-09-06T13:21:10.971Z,2026-09-06 08:21:10,2026-09-06 15:21:10,"Ruta 2-A: Clásico Diseñada",600,417,,
2026-09-06T13:33:03.364Z,2026-09-06 08:33:03,2026-09-06 15:33:03,"Ruta 1-A: Montaña Machupicchu",50,50,,
2026-09-06T13:33:03.364Z,2026-09-06 08:33:03,2026-09-06 15:33:03,"Ruta 2-A: Clásico Diseñada",600,409,,
2026-09-06T13:47:37.600Z,2026-09-06 08:47:37,2026-09-06 15:47:37,"Ruta 1-A: Montaña Machupicchu",50,50,,
2026-09-06T13:47:37.600Z,2026-09-06 08:47:37,2026-09-06 15:47:37,"Ruta 2-A: Clásico Diseñada",600,390,,
2026-09-06T14:05:16.397Z,2026-09-06 09:05:16,2026-09-06 16:05:16,"Ruta 1-A: Montaña Machupicchu",50,50,,
2026-09-06T14:05:16.397Z,2026-09-06 09:05:16,2026-09-06 16:05:16,"Ruta 2-A: Clásico Diseñada",600,368,,
2026-09-06T14:21:23.427Z,2026-09-06 09:21:23,2026-09-06 16:21:23,"Ruta 1-A: Montaña Machupicchu",50,50,,
2026-09-06T14:21:23.427Z,2026-09-06 09:21:23,2026-09-06 16:21:23,"Ruta 2-A: Clásico Diseñada",600,355,,
2026-09-06T14:33:00.535Z,2026-09-06 09:33:00,2026-09-06 16:33:00,"Ruta 1-A: Montaña Machupicchu",50,50,,
2026-09-06T14:33:00.535Z,2026-09-06 09:33:00,2026-09-06 16:33:00,"Ruta 2-A: Clásico Diseñada",600,354,,
2026-09-06T14:47:47.857Z,2026-09-06 09:47:47,2026-09-06 16:47:47,"Ruta 1-A: Montaña Machupicchu",50,50,,
2026-09-06T14:47:47.857Z,2026-09-06 09:47:47,2026-09-06 16:47:47,"Ruta 2-A: Clásico Diseñada",600,343,,
2026-09-06T15:21:05.997Z,2026-09-06 10:21:05,2026-09-06 17:21:05,"Ruta 1-A: Montaña Machupicchu",50,46,,
2026-09-06T15:21:05.997Z,2026-09-06 10:21:05,2026-09-06 17:21:05,"Ruta 2-A: Clásico Diseñada",600,327,,
2026-09-06T15:33:12.203Z,2026-09-06 10:33:12,2026-09-06 17:33:12,"Ruta 1-A: Montaña Machupicchu",50,46,,
2026-09-06T15:33:12.203Z,2026-09-06 10:33:12,2026-09-06 17:33:12,"Ruta 2-A: Clásico Diseñada",600,327,,
2026-09-06T15:47:20.557Z,2026-09-06 10:47:20,2026-09-06 17:47:20,"Ruta 1-A: Montaña Machupicchu",50,46,,
2026-09-06T15:47:20.557Z,2026-09-06 10:47:20,2026-09-06 17:47:20,"Ruta 2-A: Clásico Diseñada",600,324,,
2026-09-06T16:06:02.534Z,2026-09-06 11:06:02,2026-09-06 18:06:02,"Ruta 1-A: Montaña Machupicchu",50,46,,
2026-09-06T16:06:02.534Z,2026-09-06 11:06:02,2026-09-06 18:06:02,"Ruta 2-A: Clásico Diseñada",600,321,,
2026-09-06T16:23:44.117Z,2026-09-06 11:23:44,2026-09-06 18:23:44,"Ruta 1-A: Montaña Machupicchu",50,46,,
2026-09-06T16:23:44.117Z,2026-09-06 11:23:44,2026-09-06 18:23:44,"Ruta 2-A: Clásico Diseñada",600,311,,
2026-09-06T16:33:01.410Z,2026-09-06 11:33:01,2026-09-06 18:33:01,"Ruta 1-A: Montaña Machupicchu",50,46,,
2026-09-06T16:33:01.410Z,2026-09-06 11:33:01,2026-09-06 18:33:01,"Ruta 2-A: Clásico Diseñada",600,305,,
2026-09-06T16:47:42.409Z,2026-09-06 11:47:42,2026-09-06 18:47:42,"Ruta 1-A: Montaña Machupicchu",50,46,,
2026-09-06T16:47:42.409Z,2026-09-06 11:47:42,2026-09-06 18:47:42,"Ruta 2-A: Clásico Diseñada",600,296,,
2026-09-06T17:04:35.588Z,2026-09-06 12:04:35,2026-09-06 19:04:35,"Ruta 1-A: Montaña Machupicchu",50,46,,
2026-09-06T17:04:35.588Z,2026-09-06 12:04:35,2026-09-06 19:04:35,"Ruta 2-A: Clásico Diseñada",600,275,,
2026-09-06T17:19:29.310Z,2026-09-06 12:19:29,2026-09-06 19:19:29,"Ruta 1-A: Montaña Machupicchu",50,46,,
2026-09-06T17:19:29.310Z,2026-09-06 12:19:29,2026-09-06 19:19:29,"Ruta 2-A: Clásico Diseñada",600,253,,
2026-09-06T17:32:58.508Z,2026-09-06 12:32:58,2026-09-06 19:32:58,"Ruta 1-A: Montaña Machupicchu",50,46,,
2026-09-06T17:32:58.508Z,2026-09-06 12:32:58,2026-09-06 19:32:58,"Ruta 2-A: Clásico Diseñada",600,229,,
2026-09-06T17:47:22.434Z,2026-09-06 12:47:22,2026-09-06 19:47:22,"Ruta 1-A: Montaña Machupicchu",50,46,,
2026-09-06T17:47:22.434Z,2026-09-06 12:47:22,2026-09-06 19:47:22,"Ruta 2-A: Clásico Diseñada",600,213,,
2026-09-06T18:06:34.582Z,2026-09-06 13:06:34,2026-09-06 20:06:34,"Ruta 1-A: Montaña Machupicchu",50,46,,
2026-09-06T18:06:34.582Z,2026-09-06 13:06:34,2026-09-06 20:06:34,"Ruta 2-A: Clásico Diseñada",600,187,,
2026-09-06T18:25:12.428Z,2026-09-06 13:25:12,2026-09-06 20:25:12,"Ruta 1-A: Montaña Machupicchu",50,46,,
2026-09-06T18:25:12.428Z,2026-09-06 13:25:12,2026-09-06 20:25:12,"Ruta 2-A: Clásico Diseñada",600,178,,
2026-09-06T18:34:25.081Z,2026-09-06 13:34:25,2026-09-06 20:34:25,"Ruta 1-A: Montaña Machupicchu",50,46,,
2026-09-06T18:34:25.081Z,2026-09-06 13:34:25,2026-09-06 20:34:25,"Ruta 2-A: Clásico Diseñada",600,178,,
2026-09-06T18:47:37.860Z,2026-09-06 13:47:37,2026-09-06 20:47:37,"Ruta 1-A: Montaña Machupicchu",50,46,,
2026-09-06T18:47:37.860Z,2026-09-06 13:47:37,2026-09-06 20:47:37,"Ruta 2-A: Clásico Diseñada",600,163,,
2026-09-06T19:04:28.841Z,2026-09-06 14:04:28,2026-09-06 21:04:28,"Ruta 1-A: Montaña Machupicchu",50,46,,
2026-09-06T19:04:28.841Z,2026-09-06 14:04:28,2026-09-06 21:04:28,"Ruta 2-A: Clásico Diseñada",600,154,,
2026-09-06T19:18:27.509Z,2026-09-06 14:18:27,2026-09-06 21:18:27,"Ruta 1-A: Montaña Machupicchu",50,46,,
2026-09-06T19:18:27.509Z,2026-09-06 14:18:27,2026-09-06 21:18:27,"Ruta 2-A: Clásico Diseñada",600,143,,
2026-09-06T19:33:09.217Z,2026-09-06 14:33:09,2026-09-06 21:33:09,"Ruta 1-A: Montaña Machupicchu",50,46,,
2026-09-06T19:33:09.217Z,2026-09-06 14:33:09,2026-09-06 21:33:09,"Ruta 2-A: Clásico Diseñada",600,137,,
2026-09-06T19:49:58.583Z,2026-09-06 14:49:58,2026-09-06 21:49:58,"Ruta 1-A: Montaña Machupicchu",50,44,,
2026-09-06T19:49:58.583Z,2026-09-06 14:49:58,2026-09-06 21:49:58,"Ruta 2-A: Clásico Diseñada",600,118,,
2026-09-06T20:05:47.435Z,2026-09-06 15:05:47,2026-09-06 22:05:47,"Ruta 1-A: Montaña Machupicchu",50,44,,
2026-09-06T20:05:47.435Z,2026-09-06 15:05:47,2026-09-06 22:05:47,"Ruta 2-A: Clásico Diseñada",600,80,,
2026-09-06T20:22:32.428Z,2026-09-06 15:22:32,2026-09-06 22:22:32,"Ruta 1-A: Montaña Machupicchu",50,44,,
2026-09-06T20:22:32.428Z,2026-09-06 15:22:32,2026-09-06 22:22:32,"Ruta 2-A: Clásico Diseñada",600,53,,
2026-09-06T20:47:45.977Z,2026-09-06 15:47:45,2026-09-06 22:47:45,"Ruta 1-A: Montaña Machupicchu",50,44,,
2026-09-06T20:47:45.977Z,2026-09-06 15:47:45,2026-09-06 22:47:45,"Ruta 2-A: Clásico Diseñada",600,46,,
2026-09-06T21:05:09.484Z,2026-09-06 16:05:09,2026-09-06 23:05:09,"Ruta 1-A: Montaña Machupicchu",50,44,,
2026-09-06T21:05:09.484Z,2026-09-06 16:05:09,2026-09-06 23:05:09,"Ruta 2-A: Clásico Diseñada",600,39,,
2026-09-06T21:33:12.992Z,2026-09-06 16:33:12,2026-09-06 23:33:12,"Ruta 1-A: Montaña Machupicchu",50,44,,
2026-09-06T21:33:12.992Z,2026-09-06 16:33:12,2026-09-06 23:33:12,"Ruta 2-A: Clásico Diseñada",600,26,,
2026-09-06T21:47:32.399Z,2026-09-06 16:47:32,2026-09-06 23:47:32,"Ruta 1-A: Montaña Machupicchu",50,44,,
2026-09-06T21:47:32.399Z,2026-09-06 16:47:32,2026-09-06 23:47:32,"Ruta 2-A: Clásico Diseñada",600,13,,
2026-09-06T22:05:19.785Z,2026-09-06 17:05:19,2026-09-07 00:05:19,"Ruta 1-A: Montaña Machupicchu",50,44,,
2026-09-06T22:05:19.785Z,2026-09-06 17:05:19,2026-09-07 00:05:19,"Ruta 2-A: Clásico Diseñada",600,2,,
2026-09-06T22:21:41.161Z,2026-09-06 17:21:41,2026-09-07 00:21:41,"Ruta 1-A: Montaña Machupicchu",50,42,,
2026-09-06T22:21:41.161Z,2026-09-06 17:21:41,2026-09-07 00:21:41,"Ruta 2-A: Clásico Diseñada",600,0,,
2026-09-06T22:32:54.207Z,2026-09-06 17:32:54,2026-09-07 00:32:54,"Ruta 1-A: Montaña Machupicchu",50,42,,
2026-09-06T22:32:54.207Z,2026-09-06 17:32:54,2026-09-07 00:32:54,"Ruta 2-A: Clásico Diseñada",600,0,,
2026-09-06T22:47:20.842Z,2026-09-06 17:47:20,2026-09-07 00:47:20,"Ruta 1-A: Montaña Machupicchu",50,42,,
2026-09-06T22:47:20.842Z,2026-09-06 17:47:20,2026-09-07 00:47:20,"Ruta 2-A: Clásico Diseñada",600,0,,
2026-09-06T23:04:51.255Z,2026-09-06 18:04:51,2026-09-07 01:04:51,"Ruta 1-A: Montaña Machupicchu",50,42,,
2026-09-06T23:04:51.255Z,2026-09-06 18:04:51,2026-09-07 01:04:51,"Ruta 2-A: Clásico Diseñada",600,0,,
2026-09-06T23:20:44.031Z,2026-09-06 18:20:44,2026-09-07 01:20:44,"Ruta 1-A: Montaña Machupicchu",50,42,,
2026-09-06T23:20:44.031Z,2026-09-06 18:20:44,2026-09-07 01:20:44,"Ruta 2-A: Clásico Diseñada",600,0,,
2026-09-06T23:33:06.332Z,2026-09-06 18:33:06,2026-09-07 01:33:06,"Ruta 1-A: Montaña Machupicchu",50,42,,
2026-09-06T23:33:06.332Z,2026-09-06 18:33:06,2026-09-07 01:33:06,"Ruta 2-A: Clásico Diseñada",600,0,,
2026-09-06T23:47:27.379Z,2026-09-06 18:47:27,2026-09-07 01:47:27,"Ruta 1-A: Montaña Machupicchu",50,42,,
2026-09-06T23:47:27.379Z,2026-09-06 18:47:27,2026-09-07 01:47:27,"Ruta 2-A: Clásico Diseñada",600,0,,
2026-09-07T00:15:58.222Z,2026-09-06 19:15:58,2026-09-07 02:15:58,"Ruta 1-A: Montaña Machupicchu",50,50,,
2026-09-07T00:15:58.222Z,2026-09-06 19:15:58,2026-09-07 02:15:58,"Ruta 2-A: Clásico Diseñada",600,600,,
2026-09-07T01:10:10.535Z,2026-09-06 20:10:10,2026-09-07 03:10:10,"Ruta 1-A: Montaña Machupicchu",50,50,,
2026-09-07T01:10:10.535Z,2026-09-06 20:10:10,2026-09-07 03:10:10,"Ruta 2-A: Clásico Diseñada",600,600,,
2026-09-07T01:38:37.284Z,2026-09-06 20:38:37,2026-09-07 03:38:37,"Ruta 1-A: Montaña Machupicchu",50,50,,
2026-09-07T01:38:37.284Z,2026-09-06 20:38:37,2026-09-07 03:38:37,"Ruta 2-A: Clásico Diseñada",600,600,,
2026-09-07T01:58:09.011Z,2026-09-06 20:58:09,2026-09-07 03:58:09,"Ruta 1-A: Montaña Machupicchu",50,50,,
2026-09-07T01:58:09.011Z,2026-09-06 20:58:09,2026-09-07 03:58:09,"Ruta 2-A: Clásico Diseñada",600,600,,
2026-09-07T02:25:10.905Z,2026-09-06 21:25:10,2026-09-07 04:25:10,"Ruta 1-A: Montaña Machupicchu",50,50,,
2026-09-07T02:25:10.905Z,2026-09-06 21:25:10,2026-09-07 04:25:10,"Ruta 2-A: Clásico Diseñada",600,600,,
2026-09-07T02:41:59.316Z,2026-09-06 21:41:59,2026-09-07 04:41:59,"Ruta 1-A: Montaña Machupicchu",50,50,,
2026-09-07T02:41:59.316Z,2026-09-06 21:41:59,2026-09-07 04:41:59,"Ruta 2-A: Clásico Diseñada",600,600,,
2026-09-07T02:52:21.884Z,2026-09-06 21:52:21,2026-09-07 04:52:21,"Ruta 1-A: Montaña Machupicchu",50,50,,
2026-09-07T02:52:21.884Z,2026-09-06 21:52:21,2026-09-07 04:52:21,"Ruta 2-A: Clásico Diseñada",600,600,,
2026-09-07T03:07:45.218Z,2026-09-06 22:07:45,2026-09-07 05:07:45,"Ruta 1-A: Montaña Machupicchu",50,50,,
2026-09-07T03:07:45.218Z,2026-09-06 22:07:45,2026-09-07 05:07:45,"Ruta 2-A: Clásico Diseñada",600,600,,
2026-09-07T03:30:47.052Z,2026-09-06 22:30:47,2026-09-07 05:30:47,"Ruta 1-A: Montaña Machupicchu",50,50,,
2026-09-07T03:30:47.052Z,2026-09-06 22:30:47,2026-09-07 05:30:47,"Ruta 2-A: Clásico Diseñada",600,600,,
2026-09-07T03:50:11.390Z,2026-09-06 22:50:11,2026-09-07 05:50:11,"Ruta 1-A: Montaña Machupicchu",50,50,,
2026-09-07T03:50:11.390Z,2026-09-06 22:50:11,2026-09-07 05:50:11,"Ruta 2-A: Clásico Diseñada",600,600,,
2026-09-07T04:30:10.605Z,2026-09-06 23:30:10,2026-09-07 06:30:10,"Ruta 1-A: Montaña Machupicchu",50,50,,
2026-09-07T04:30:10.605Z,2026-09-06 23:30:10,2026-09-07 06:30:10,"Ruta 2-A: Clásico Diseñada",600,600,,
2026-09-07T04:46:26.414Z,2026-09-06 23:46:26,2026-09-07 06:46:26,"Ruta 1-A: Montaña Machupicchu",50,50,,
2026-09-07T04:46:26.414Z,2026-09-06 23:46:26,2026-09-07 06:46:26,"Ruta 2-A: Clásico Diseñada",600,600,,
2026-09-07T05:06:31.834Z,2026-09-07 00:06:31,2026-09-07 07:06:31,"Ruta 1-A: Montaña Machupicchu",50,50,,
2026-09-07T05:06:31.834Z,2026-09-07 00:06:31,2026-09-07 07:06:31,"Ruta 2-A: Clásico Diseñada",600,600,,
2026-09-07T05:25:55.028Z,2026-09-07 00:25:55,2026-09-07 07:25:55,"Ruta 1-A: Montaña Machupicchu",50,50,,
2026-09-07T05:25:55.028Z,2026-09-07 00:25:55,2026-09-07 07:25:55,"Ruta 2-A: Clásico Diseñada",600,600,,
2026-09-07T05:36:21.158Z,2026-09-07 00:36:21,2026-09-07 07:36:21,"Ruta 1-A: Montaña Machupicchu",50,50,,
2026-09-07T05:36:21.158Z,2026-09-07 00:36:21,2026-09-07 07:36:21,"Ruta 2-A: Clásico Diseñada",600,600,,
2026-09-07T05:47:31.520Z,2026-09-07 00:47:31,2026-09-07 07:47:31,"Ruta 1-A: Montaña Machupicchu",50,50,,
2026-09-07T05:47:31.520Z,2026-09-07 00:47:31,2026-09-07 07:47:31,"Ruta 2-A: Clásico Diseñada",600,600,,
2026-09-07T06:12:03.339Z,2026-09-07 01:12:03,2026-09-07 08:12:03,"Ruta 1-A: Montaña Machupicchu",50,50,,
2026-09-07T06:12:03.339Z,2026-09-07 01:12:03,2026-09-07 08:12:03,"Ruta 2-A: Clásico Diseñada",600,600,,
2026-09-07T06:49:26.354Z,2026-09-07 01:49:26,2026-09-07 08:49:26,"Ruta 1-A: Montaña Machupicchu",50,50,,
2026-09-07T06:49:26.354Z,2026-09-07 01:49:26,2026-09-07 08:49:26,"Ruta 2-A: Clásico Diseñada",600,600,,
2026-09-07T07:14:29.166Z,2026-09-07 02:14:29,2026-09-07 09:14:29,"Ruta 1-A: Montaña Machupicchu",50,50,,
2026-09-07T07:14:29.166Z,2026-09-07 02:14:29,2026-09-07 09:14:29,"Ruta 2-A: Clásico Diseñada",600,600,,
2026-09-07T07:38:39.184Z,2026-09-07 02:38:39,2026-09-07 09:38:39,"Ruta 1-A: Montaña Machupicchu",50,50,,
2026-09-07T07:38:39.184Z,2026-09-07 02:38:39,2026-09-07 09:38:39,"Ruta 2-A: Clásico Diseñada",600,600,,
2026-09-07T07:52:17.073Z,2026-09-07 02:52:17,2026-09-07 09:52:17,"Ruta 1-A: Montaña Machupicchu",50,50,,
2026-09-07T07:52:17.073Z,2026-09-07 02:52:17,2026-09-07 09:52:17,"Ruta 2-A: Clásico Diseñada",600,600,,
2026-09-07T08:36:39.933Z,2026-09-07 03:36:39,2026-09-07 10:36:39,"Ruta 1-A: Montaña Machupicchu",50,50,,
2026-09-07T08:36:39.933Z,2026-09-07 03:36:39,2026-09-07 10:36:39,"Ruta 2-A: Clásico Diseñada",600,600,,
2026-09-07T08:53:04.895Z,2026-09-07 03:53:04,2026-09-07 10:53:04,"Ruta 1-A: Montaña Machupicchu",50,50,,
2026-09-07T08:53:04.895Z,2026-09-07 03:53:04,2026-09-07 10:53:04,"Ruta 2-A: Clásico Diseñada",600,600,,
2026-09-07T09:08:23.150Z,2026-09-07 04:08:23,2026-09-07 11:08:23,"Ruta 1-A: Montaña Machupicchu",50,50,,
2026-09-07T09:08:23.150Z,2026-09-07 04:08:23,2026-09-07 11:08:23,"Ruta 2-A: Clásico Diseñada",600,600,,
2026-09-07T09:33:47.971Z,2026-09-07 04:33:47,2026-09-07 11:33:47,"Ruta 1-A: Montaña Machupicchu",50,50,,
2026-09-07T09:33:47.971Z,2026-09-07 04:33:47,2026-09-07 11:33:47,"Ruta 2-A: Clásico Diseñada",600,600,,
2026-09-07T09:50:42.606Z,2026-09-07 04:50:42,2026-09-07 11:50:42,"Ruta 1-A: Montaña Machupicchu",50,50,,
2026-09-07T09:50:42.606Z,2026-09-07 04:50:42,2026-09-07 11:50:42,"Ruta 2-A: Clásico Diseñada",600,600,,
2026-09-07T10:06:14.808Z,2026-09-07 05:06:14,2026-09-07 12:06:14,"Ruta 1-A: Montaña Machupicchu",50,50,,
2026-09-07T10:06:14.808Z,2026-09-07 05:06:14,2026-09-07 12:06:14,"Ruta 2-A: Clásico Diseñada",600,600,,
2026-09-07T10:26:57.642Z,2026-09-07 05:26:57,2026-09-07 12:26:57,"Ruta 1-A: Montaña Machupicchu",50,50,,
2026-09-07T10:26:57.642Z,2026-09-07 05:26:57,2026-09-07 12:26:57,"Ruta 2-A: Clásico Diseñada",600,600,,
2026-09-07T10:37:27.526Z,2026-09-07 05:37:27,2026-09-07 12:37:27,"Ruta 1-A: Montaña Machupicchu",50,50,,
2026-09-07T10:37:27.526Z,2026-09-07 05:37:27,2026-09-07 12:37:27,"Ruta 2-A: Clásico Diseñada",600,600,,
2026-09-07T10:47:25.437Z,2026-09-07 05:47:25,2026-09-07 12:47:25,"Ruta 1-A: Montaña Machupicchu",50,50,,
2026-09-07T10:47:25.437Z,2026-09-07 05:47:25,2026-09-07 12:47:25,"Ruta 2-A: Clásico Diseñada",600,600,,
2026-09-07T11:05:43.266Z,2026-09-07 06:05:43,2026-09-07 13:05:43,"Ruta 1-A: Montaña Machupicchu",50,50,,
2026-09-07T11:05:43.266Z,2026-09-07 06:05:43,2026-09-07 13:05:43,"Ruta 2-A: Clásico Diseñada",600,594,,
2026-09-07T11:24:10.444Z,2026-09-07 06:24:10,2026-09-07 13:24:10,"Ruta 1-A: Montaña Machupicchu",50,50,,
2026-09-07T11:24:10.444Z,2026-09-07 06:24:10,2026-09-07 13:24:10,"Ruta 2-A: Clásico Diseñada",600,572,,
2026-09-07T11:34:17.257Z,2026-09-07 06:34:17,2026-09-07 13:34:17,"Ruta 1-A: Montaña Machupicchu",50,50,,
2026-09-07T11:34:17.257Z,2026-09-07 06:34:17,2026-09-07 13:34:17,"Ruta 2-A: Clásico Diseñada",600,561,,
2026-09-07T12:08:56.571Z,2026-09-07 07:08:56,2026-09-07 14:08:56,"Ruta 1-A: Montaña Machupicchu",50,50,,
2026-09-07T12:08:56.571Z,2026-09-07 07:08:56,2026-09-07 14:08:56,"Ruta 2-A: Clásico Diseñada",600,498,,
2026-09-07T12:36:19.068Z,2026-09-07 07:36:19,2026-09-07 14:36:19,"Ruta 1-A: Montaña Machupicchu",50,50,,
2026-09-07T12:36:19.068Z,2026-09-07 07:36:19,2026-09-07 14:36:19,"Ruta 2-A: Clásico Diseñada",600,447,,
2026-09-07T12:53:39.650Z,2026-09-07 07:53:39,2026-09-07 14:53:39,"Ruta 1-A: Montaña Machupicchu",50,50,,
2026-09-07T12:53:39.650Z,2026-09-07 07:53:39,2026-09-07 14:53:39,"Ruta 2-A: Clásico Diseñada",600,445,,
2026-09-07T13:06:14.353Z,2026-09-07 08:06:14,2026-09-07 15:06:14,"Ruta 1-A: Montaña Machupicchu",50,50,,
2026-09-07T13:06:14.353Z,2026-09-07 08:06:14,2026-09-07 15:06:14,"Ruta 2-A: Clásico Diseñada",600,434,,
2026-09-07T13:27:18.400Z,2026-09-07 08:27:18,2026-09-07 15:27:18,"Ruta 1-A: Montaña Machupicchu",50,50,,
2026-09-07T13:27:18.400Z,2026-09-07 08:27:18,2026-09-07 15:27:18,"Ruta 2-A: Clásico Diseñada",600,411,,
2026-09-07T13:38:12.513Z,2026-09-07 08:38:12,2026-09-07 15:38:12,"Ruta 1-A: Montaña Machupicchu",50,50,,
2026-09-07T13:38:12.513Z,2026-09-07 08:38:12,2026-09-07 15:38:12,"Ruta 2-A: Clásico Diseñada",600,389,,
2026-09-07T13:47:43.840Z,2026-09-07 08:47:43,2026-09-07 15:47:43,"Ruta 1-A: Montaña Machupicchu",50,50,,
2026-09-07T13:47:43.840Z,2026-09-07 08:47:43,2026-09-07 15:47:43,"Ruta 2-A: Clásico Diseñada",600,368,,
2026-09-07T14:07:27.579Z,2026-09-07 09:07:27,2026-09-07 16:07:27,"Ruta 1-A: Montaña Machupicchu",50,50,,
2026-09-07T14:07:27.579Z,2026-09-07 09:07:27,2026-09-07 16:07:27,"Ruta 2-A: Clásico Diseñada",600,342,,
2026-09-07T14:26:42.154Z,2026-09-07 09:26:42,2026-09-07 16:26:42,"Ruta 1-A: Montaña Machupicchu",50,50,,
2026-09-07T14:26:42.154Z,2026-09-07 09:26:42,2026-09-07 16:26:42,"Ruta 2-A: Clásico Diseñada",600,328,,
2026-09-07T14:37:07.532Z,2026-09-07 09:37:07,2026-09-07 16:37:07,"Ruta 1-A: Montaña Machupicchu",50,50,,
2026-09-07T14:37:07.532Z,2026-09-07 09:37:07,2026-09-07 16:37:07,"Ruta 2-A: Clásico Diseñada",600,322,,
2026-09-07T14:47:22.773Z,2026-09-07 09:47:22,2026-09-07 16:47:22,"Ruta 1-A: Montaña Machupicchu",50,50,,
2026-09-07T14:47:22.773Z,2026-09-07 09:47:22,2026-09-07 16:47:22,"Ruta 2-A: Clásico Diseñada",600,308,,
2026-09-07T15:05:41.818Z,2026-09-07 10:05:41,2026-09-07 17:05:41,"Ruta 1-A: Montaña Machupicchu",50,50,,
2026-09-07T15:05:41.818Z,2026-09-07 10:05:41,2026-09-07 17:05:41,"Ruta 2-A: Clásico Diseñada",600,295,,
2026-09-07T15:24:13.662Z,2026-09-07 10:24:13,2026-09-07 17:24:13,"Ruta 1-A: Montaña Machupicchu",50,50,,
2026-09-07T15:24:13.662Z,2026-09-07 10:24:13,2026-09-07 17:24:13,"Ruta 2-A: Clásico Diseñada",600,292,,
2026-09-07T15:34:03.469Z,2026-09-07 10:34:03,2026-09-07 17:34:03,"Ruta 1-A: Montaña Machupicchu",50,50,,
2026-09-07T15:34:03.469Z,2026-09-07 10:34:03,2026-09-07 17:34:03,"Ruta 2-A: Clásico Diseñada",600,288,,
2026-09-07T16:06:03.758Z,2026-09-07 11:06:03,2026-09-07 18:06:03,"Ruta 1-A: Montaña Machupicchu",50,50,,
2026-09-07T16:06:03.758Z,2026-09-07 11:06:03,2026-09-07 18:06:03,"Ruta 2-A: Clásico Diseñada",600,277,,
2026-09-07T16:25:57.942Z,2026-09-07 11:25:57,2026-09-07 18:25:57,"Ruta 1-A: Montaña Machupicchu",50,50,,
2026-09-07T16:25:57.942Z,2026-09-07 11:25:57,2026-09-07 18:25:57,"Ruta 2-A: Clásico Diseñada",600,269,,
2026-09-07T16:35:23.398Z,2026-09-07 11:35:23,2026-09-07 18:35:23,"Ruta 1-A: Montaña Machupicchu",50,50,,
2026-09-07T16:35:23.398Z,2026-09-07 11:35:23,2026-09-07 18:35:23,"Ruta 2-A: Clásico Diseñada",600,269,,
2026-09-07T16:47:54.469Z,2026-09-07 11:47:54,2026-09-07 18:47:54,"Ruta 1-A: Montaña Machupicchu",50,50,,
2026-09-07T16:47:54.469Z,2026-09-07 11:47:54,2026-09-07 18:47:54,"Ruta 2-A: Clásico Diseñada",600,265,,
2026-09-07T17:05:20.011Z,2026-09-07 12:05:20,2026-09-07 19:05:20,"Ruta 1-A: Montaña Machupicchu",50,50,,
2026-09-07T17:05:20.011Z,2026-09-07 12:05:20,2026-09-07 19:05:20,"Ruta 2-A: Clásico Diseñada",600,244,,
2026-09-07T17:22:03.524Z,2026-09-07 12:22:03,2026-09-07 19:22:03,"Ruta 1-A: Montaña Machupicchu",50,50,,
2026-09-07T17:22:03.524Z,2026-09-07 12:22:03,2026-09-07 19:22:03,"Ruta 2-A: Clásico Diseñada",600,213,,
2026-09-07T17:33:00.815Z,2026-09-07 12:33:00,2026-09-07 19:33:00,"Ruta 1-A: Montaña Machupicchu",50,50,,
2026-09-07T17:33:00.815Z,2026-09-07 12:33:00,2026-09-07 19:33:00,"Ruta 2-A: Clásico Diseñada",600,195,,
2026-09-07T18:07:07.218Z,2026-09-07 13:07:07,2026-09-07 20:07:07,"Ruta 1-A: Montaña Machupicchu",50,50,,
2026-09-07T18:07:07.218Z,2026-09-07 13:07:07,2026-09-07 20:07:07,"Ruta 2-A: Clásico Diseñada",600,151,,
2026-09-07T18:28:29.163Z,2026-09-07 13:28:29,2026-09-07 20:28:29,"Ruta 1-A: Montaña Machupicchu",50,50,,
2026-09-07T18:28:29.163Z,2026-09-07 13:28:29,2026-09-07 20:28:29,"Ruta 2-A: Clásico Diseñada",600,139,,
2026-09-07T18:42:37.928Z,2026-09-07 13:42:37,2026-09-07 20:42:37,"Ruta 1-A: Montaña Machupicchu",50,50,,
2026-09-07T18:42:37.928Z,2026-09-07 13:42:37,2026-09-07 20:42:37,"Ruta 2-A: Clásico Diseñada",600,138,,
2026-09-07T18:49:33.738Z,2026-09-07 13:49:33,2026-09-07 20:49:33,"Ruta 1-A: Montaña Machupicchu",50,50,,
2026-09-07T18:49:33.738Z,2026-09-07 13:49:33,2026-09-07 20:49:33,"Ruta 2-A: Clásico Diseñada",600,138,,
2026-09-07T19:04:57.225Z,2026-09-07 14:04:57,2026-09-07 21:04:57,"Ruta 1-A: Montaña Machupicchu",50,50,,
2026-09-07T19:04:57.225Z,2026-09-07 14:04:57,2026-09-07 21:04:57,"Ruta 2-A: Clásico Diseñada",600,130,,
2026-09-07T19:20:31.988Z,2026-09-07 14:20:31,2026-09-07 21:20:31,"Ruta 1-A: Montaña Machupicchu",50,50,,
2026-09-07T19:20:31.988Z,2026-09-07 14:20:31,2026-09-07 21:20:31,"Ruta 2-A: Clásico Diseñada",600,120,,
2026-09-07T19:33:03.332Z,2026-09-07 14:33:03,2026-09-07 21:33:03,"Ruta 1-A: Montaña Machupicchu",50,49,,
2026-09-07T19:33:03.332Z,2026-09-07 14:33:03,2026-09-07 21:33:03,"Ruta 2-A: Clásico Diseñada",600,117,,
2026-09-07T19:47:43.607Z,2026-09-07 14:47:43,2026-09-07 21:47:43,"Ruta 1-A: Montaña Machupicchu",50,49,,
2026-09-07T19:47:43.607Z,2026-09-07 14:47:43,2026-09-07 21:47:43,"Ruta 2-A: Clásico Diseñada",600,106,,
2026-09-07T20:06:05.503Z,2026-09-07 15:06:05,2026-09-07 22:06:05,"Ruta 1-A: Montaña Machupicchu",50,49,,
2026-09-07T20:06:05.503Z,2026-09-07 15:06:05,2026-09-07 22:06:05,"Ruta 2-A: Clásico Diseñada",600,86,,
2026-09-07T20:23:55.054Z,2026-09-07 15:23:55,2026-09-07 22:23:55,"Ruta 1-A: Montaña Machupicchu",50,49,,
2026-09-07T20:23:55.054Z,2026-09-07 15:23:55,2026-09-07 22:23:55,"Ruta 2-A: Clásico Diseñada",600,78,,
2026-09-07T20:33:27.112Z,2026-09-07 15:33:27,2026-09-07 22:33:27,"Ruta 1-A: Montaña Machupicchu",50,49,,
2026-09-07T20:33:27.112Z,2026-09-07 15:33:27,2026-09-07 22:33:27,"Ruta 2-A: Clásico Diseñada",600,75,,
2026-09-07T20:47:22.989Z,2026-09-07 15:47:22,2026-09-07 22:47:22,"Ruta 1-A: Montaña Machupicchu",50,49,,
2026-09-07T20:47:22.989Z,2026-09-07 15:47:22,2026-09-07 22:47:22,"Ruta 2-A: Clásico Diseñada",600,64,,
2026-09-07T21:05:10.057Z,2026-09-07 16:05:10,2026-09-07 23:05:10,"Ruta 1-A: Montaña Machupicchu",50,49,,
2026-09-07T21:05:10.057Z,2026-09-07 16:05:10,2026-09-07 23:05:10,"Ruta 2-A: Clásico Diseñada",600,51,,
2026-09-07T21:22:06.605Z,2026-09-07 16:22:06,2026-09-07 23:22:06,"Ruta 1-A: Montaña Machupicchu",50,49,,
2026-09-07T21:22:06.605Z,2026-09-07 16:22:06,2026-09-07 23:22:06,"Ruta 2-A: Clásico Diseñada",600,40,,
2026-09-07T21:33:03.899Z,2026-09-07 16:33:03,2026-09-07 23:33:03,"Ruta 1-A: Montaña Machupicchu",50,49,,
2026-09-07T21:33:03.899Z,2026-09-07 16:33:03,2026-09-07 23:33:03,"Ruta 2-A: Clásico Diseñada",600,40,,
2026-09-07T21:47:36.020Z,2026-09-07 16:47:36,2026-09-07 23:47:36,"Ruta 1-A: Montaña Machupicchu",50,49,,
2026-09-07T21:47:36.020Z,2026-09-07 16:47:36,2026-09-07 23:47:36,"Ruta 2-A: Clásico Diseñada",600,38,,
2026-09-07T22:05:31.720Z,2026-09-07 17:05:31,2026-09-08 00:05:31,"Ruta 1-A: Montaña Machupicchu",50,49,,
2026-09-07T22:05:31.720Z,2026-09-07 17:05:31,2026-09-08 00:05:31,"Ruta 2-A: Clásico Diseñada",600,32,,
2026-09-07T22:22:05.622Z,2026-09-07 17:22:05,2026-09-08 00:22:05,"Ruta 1-A: Montaña Machupicchu",50,49,,
2026-09-07T22:22:05.622Z,2026-09-07 17:22:05,2026-09-08 00:22:05,"Ruta 2-A: Clásico Diseñada",600,32,,
2026-09-07T22:32:48.278Z,2026-09-07 17:32:48,2026-09-08 00:32:48,"Ruta 1-A: Montaña Machupicchu",50,49,,
2026-09-07T22:32:48.278Z,2026-09-07 17:32:48,2026-09-08 00:32:48,"Ruta 2-A: Clásico Diseñada",600,26,,
2026-09-07T22:47:23.812Z,2026-09-07 17:47:23,2026-09-08 00:47:23,"Ruta 1-A: Montaña Machupicchu",50,49,,
2026-09-07T22:47:23.812Z,2026-09-07 17:47:23,2026-09-08 00:47:23,"Ruta 2-A: Clásico Diseñada",600,13,,
2026-09-07T23:06:10.081Z,2026-09-07 18:06:10,2026-09-08 01:06:10,"Ruta 1-A: Montaña Machupicchu",50,49,,
2026-09-07T23:06:10.081Z,2026-09-07 18:06:10,2026-09-08 01:06:10,"Ruta 2-A: Clásico Diseñada",600,9,,
2026-09-07T23:21:53.304Z,2026-09-07 18:21:53,2026-09-08 01:21:53,"Ruta 1-A: Montaña Machupicchu",50,49,,
2026-09-07T23:21:53.304Z,2026-09-07 18:21:53,2026-09-08 01:21:53,"Ruta 2-A: Clásico Diseñada",600,1,,
2026-09-07T23:32:44.220Z,2026-09-07 18:32:44,2026-09-08 01:32:44,"Ruta 1-A: Montaña Machupicchu",50,49,,
2026-09-07T23:32:44.220Z,2026-09-07 18:32:44,2026-09-08 01:32:44,"Ruta 2-A: Clásico Diseñada",600,0,,
2026-09-07T23:47:32.907Z,2026-09-07 18:47:32,2026-09-08 01:47:32,"Ruta 1-A: Montaña Machupicchu",50,49,,
2026-09-07T23:47:32.907Z,2026-09-07 18:47:32,2026-09-08 01:47:32,"Ruta 2-A: Clásico Diseñada",600,0,,
2026-09-08T00:14:51.105Z,2026-09-07 19:14:51,2026-09-08 02:14:51,"Ruta 1-A: Montaña Machupicchu",50,50,,
2026-09-08T00:14:51.105Z,2026-09-07 19:14:51,2026-09-08 02:14:51,"Ruta 2-A: Clásico Diseñada",600,600,,
2026-09-08T01:02:34.263Z,2026-09-07 20:02:34,2026-09-08 03:02:34,"Ruta 1-A: Montaña Machupicchu",50,50,,
2026-09-08T01:02:34.263Z,2026-09-07 20:02:34,2026-09-08 03:02:34,"Ruta 2-A: Clásico Diseñada",600,600,,
2026-09-08T01:56:10.175Z,2026-09-07 20:56:10,2026-09-08 03:56:10,"Ruta 1-A: Montaña Machupicchu",50,50,,
2026-09-08T01:56:10.175Z,2026-09-07 20:56:10,2026-09-08 03:56:10,"Ruta 2-A: Clásico Diseñada",600,600,,
2026-09-08T02:09:26.554Z,2026-09-07 21:09:26,2026-09-08 04:09:26,"Ruta 1-A: Montaña Machupicchu",50,50,,
2026-09-08T02:09:26.554Z,2026-09-07 21:09:26,2026-09-08 04:09:26,"Ruta 2-A: Clásico Diseñada",600,600,,
2026-09-08T02:32:52.866Z,2026-09-07 21:32:52,2026-09-08 04:32:52,"Ruta 1-A: Montaña Machupicchu",50,50,,
2026-09-08T02:32:52.866Z,2026-09-07 21:32:52,2026-09-08 04:32:52,"Ruta 2-A: Clásico Diseñada",600,600,,
2026-09-08T02:50:04.393Z,2026-09-07 21:50:04,2026-09-08 04:50:04,"Ruta 1-A: Montaña Machupicchu",50,50,,
2026-09-08T02:50:04.393Z,2026-09-07 21:50:04,2026-09-08 04:50:04,"Ruta 2-A: Clásico Diseñada",600,600,,
2026-09-08T03:06:56.873Z,2026-09-07 22:06:56,2026-09-08 05:06:56,"Ruta 1-A: Montaña Machupicchu",50,50,,
2026-09-08T03:06:56.873Z,2026-09-07 22:06:56,2026-09-08 05:06:56,"Ruta 2-A: Clásico Diseñada",600,600,,
2026-09-08T03:28:17.905Z,2026-09-07 22:28:17,2026-09-08 05:28:17,"Ruta 1-A: Montaña Machupicchu",50,50,,
2026-09-08T03:28:17.905Z,2026-09-07 22:28:17,2026-09-08 05:28:17,"Ruta 2-A: Clásico Diseñada",600,600,,
2026-09-08T03:42:55.316Z,2026-09-07 22:42:55,2026-09-08 05:42:55,"Ruta 1-A: Montaña Machupicchu",50,50,,
2026-09-08T03:42:55.316Z,2026-09-07 22:42:55,2026-09-08 05:42:55,"Ruta 2-A: Clásico Diseñada",600,600,,
2026-09-08T03:50:21.313Z,2026-09-07 22:50:21,2026-09-08 05:50:21,"Ruta 1-A: Montaña Machupicchu",50,50,,
2026-09-08T03:50:21.313Z,2026-09-07 22:50:21,2026-09-08 05:50:21,"Ruta 2-A: Clásico Diseñada",600,600,,
2026-09-08T04:06:41.519Z,2026-09-07 23:06:41,2026-09-08 06:06:41,"Ruta 1-A: Montaña Machupicchu",50,50,,
2026-09-08T04:06:41.519Z,2026-09-07 23:06:41,2026-09-08 06:06:41,"Ruta 2-A: Clásico Diseñada",600,600,,
2026-09-08T04:28:11.372Z,2026-09-07 23:28:11,2026-09-08 06:28:11,"Ruta 1-A: Montaña Machupicchu",50,50,,
2026-09-08T04:28:11.372Z,2026-09-07 23:28:11,2026-09-08 06:28:11,"Ruta 2-A: Clásico Diseñada",600,600,,
2026-09-08T04:41:30.623Z,2026-09-07 23:41:30,2026-09-08 06:41:30,"Ruta 1-A: Montaña Machupicchu",50,50,,
2026-09-08T04:41:30.623Z,2026-09-07 23:41:30,2026-09-08 06:41:30,"Ruta 2-A: Clásico Diseñada",600,600,,
2026-09-08T04:49:00.349Z,2026-09-07 23:49:00,2026-09-08 06:49:00,"Ruta 1-A: Montaña Machupicchu",50,50,,
2026-09-08T04:49:00.349Z,2026-09-07 23:49:00,2026-09-08 06:49:00,"Ruta 2-A: Clásico Diseñada",600,600,,
2026-09-08T05:06:28.213Z,2026-09-08 00:06:28,2026-09-08 07:06:28,"Ruta 1-A: Montaña Machupicchu",50,50,,
2026-09-08T05:06:28.213Z,2026-09-08 00:06:28,2026-09-08 07:06:28,"Ruta 2-A: Clásico Diseñada",600,600,,
2026-09-08T05:36:00.213Z,2026-09-08 00:36:00,2026-09-08 07:36:00,"Ruta 1-A: Montaña Machupicchu",50,50,,
2026-09-08T05:36:00.213Z,2026-09-08 00:36:00,2026-09-08 07:36:00,"Ruta 2-A: Clásico Diseñada",600,600,,
2026-09-08T05:47:52.209Z,2026-09-08 00:47:52,2026-09-08 07:47:52,"Ruta 1-A: Montaña Machupicchu",50,50,,
2026-09-08T05:47:52.209Z,2026-09-08 00:47:52,2026-09-08 07:47:52,"Ruta 2-A: Clásico Diseñada",600,600,,
2026-09-08T06:09:39.320Z,2026-09-08 01:09:39,2026-09-08 08:09:39,"Ruta 1-A: Montaña Machupicchu",50,50,,
2026-09-08T06:09:39.320Z,2026-09-08 01:09:39,2026-09-08 08:09:39,"Ruta 2-A: Clásico Diseñada",600,600,,
2026-09-08T06:38:51.476Z,2026-09-08 01:38:51,2026-09-08 08:38:51,"Ruta 1-A: Montaña Machupicchu",50,50,,
2026-09-08T06:38:51.476Z,2026-09-08 01:38:51,2026-09-08 08:38:51,"Ruta 2-A: Clásico Diseñada",600,600,,
2026-09-08T06:57:29.839Z,2026-09-08 01:57:29,2026-09-08 08:57:29,"Ruta 1-A: Montaña Machupicchu",50,50,,
2026-09-08T06:57:29.839Z,2026-09-08 01:57:29,2026-09-08 08:57:29,"Ruta 2-A: Clásico Diseñada",600,600,,
2026-09-08T07:14:31.489Z,2026-09-08 02:14:31,2026-09-08 09:14:31,"Ruta 1-A: Montaña Machupicchu",50,50,,
2026-09-08T07:14:31.489Z,2026-09-08 02:14:31,2026-09-08 09:14:31,"Ruta 2-A: Clásico Diseñada",600,600,,
2026-09-08T07:30:20.958Z,2026-09-08 02:30:20,2026-09-08 09:30:20,"Ruta 1-A: Montaña Machupicchu",50,50,,
2026-09-08T07:30:20.958Z,2026-09-08 02:30:20,2026-09-08 09:30:20,"Ruta 2-A: Clásico Diseñada",600,600,,
2026-09-08T07:42:24.107Z,2026-09-08 02:42:24,2026-09-08 09:42:24,"Ruta 1-A: Montaña Machupicchu",50,50,,
2026-09-08T07:42:24.107Z,2026-09-08 02:42:24,2026-09-08 09:42:24,"Ruta 2-A: Clásico Diseñada",600,600,,
2026-09-08T07:49:17.754Z,2026-09-08 02:49:17,2026-09-08 09:49:17,"Ruta 1-A: Montaña Machupicchu",50,50,,
2026-09-08T07:49:17.754Z,2026-09-08 02:49:17,2026-09-08 09:49:17,"Ruta 2-A: Clásico Diseñada",600,600,,
2026-09-08T08:08:16.198Z,2026-09-08 03:08:16,2026-09-08 10:08:16,"Ruta 1-A: Montaña Machupicchu",50,50,,
2026-09-08T08:08:16.198Z,2026-09-08 03:08:16,2026-09-08 10:08:16,"Ruta 2-A: Clásico Diseñada",600,600,,
2026-09-08T08:32:18.733Z,2026-09-08 03:32:18,2026-09-08 10:32:18,"Ruta 1-A: Montaña Machupicchu",50,50,,
2026-09-08T08:32:18.733Z,2026-09-08 03:32:18,2026-09-08 10:32:18,"Ruta 2-A: Clásico Diseñada",600,600,,
2026-09-08T08:50:21.425Z,2026-09-08 03:50:21,2026-09-08 10:50:21,"Ruta 1-A: Montaña Machupicchu",50,50,,
2026-09-08T08:50:21.425Z,2026-09-08 03:50:21,2026-09-08 10:50:21,"Ruta 2-A: Clásico Diseñada",600,600,,
2026-09-08T09:07:13.526Z,2026-09-08 04:07:13,2026-09-08 11:07:13,"Ruta 1-A: Montaña Machupicchu",50,50,,
2026-09-08T09:07:13.526Z,2026-09-08 04:07:13,2026-09-08 11:07:13,"Ruta 2-A: Clásico Diseñada",600,600,,
2026-09-08T09:39:07.834Z,2026-09-08 04:39:07,2026-09-08 11:39:07,"Ruta 1-A: Montaña Machupicchu",50,50,,
2026-09-08T09:39:07.834Z,2026-09-08 04:39:07,2026-09-08 11:39:07,"Ruta 2-A: Clásico Diseñada",600,600,,
2026-09-08T09:48:06.302Z,2026-09-08 04:48:06,2026-09-08 11:48:06,"Ruta 1-A: Montaña Machupicchu",50,50,,
2026-09-08T09:48:06.302Z,2026-09-08 04:48:06,2026-09-08 11:48:06,"Ruta 2-A: Clásico Diseñada",600,600,,
2026-09-08T10:26:04.352Z,2026-09-08 05:26:04,2026-09-08 12:26:04,"Ruta 1-A: Montaña Machupicchu",50,50,,
2026-09-08T10:26:04.352Z,2026-09-08 05:26:04,2026-09-08 12:26:04,"Ruta 2-A: Clásico Diseñada",600,600,,
2026-09-08T10:35:40.714Z,2026-09-08 05:35:40,2026-09-08 12:35:40,"Ruta 1-A: Montaña Machupicchu",50,50,,
2026-09-08T10:35:40.714Z,2026-09-08 05:35:40,2026-09-08 12:35:40,"Ruta 2-A: Clásico Diseñada",600,600,,
2026-09-08T10:47:21.529Z,2026-09-08 05:47:21,2026-09-08 12:47:21,"Ruta 1-A: Montaña Machupicchu",50,50,,
2026-09-08T10:47:21.529Z,2026-09-08 05:47:21,2026-09-08 12:47:21,"Ruta 2-A: Clásico Diseñada",600,600,,
2026-09-08T11:05:52.227Z,2026-09-08 06:05:52,2026-09-08 13:05:52,"Ruta 1-A: Montaña Machupicchu",50,50,,
2026-09-08T11:05:52.227Z,2026-09-08 06:05:52,2026-09-08 13:05:52,"Ruta 2-A: Clásico Diseñada",600,597,,
2026-09-08T11:23:09.494Z,2026-09-08 06:23:09,2026-09-08 13:23:09,"Ruta 1-A: Montaña Machupicchu",50,48,,
2026-09-08T11:23:09.494Z,2026-09-08 06:23:09,2026-09-08 13:23:09,"Ruta 2-A: Clásico Diseñada",600,569,,
2026-09-08T11:33:12.447Z,2026-09-08 06:33:12,2026-09-08 13:33:12,"Ruta 1-A: Montaña Machupicchu",50,48,,
2026-09-08T11:33:12.447Z,2026-09-08 06:33:12,2026-09-08 13:33:12,"Ruta 2-A: Clásico Diseñada",600,557,,
2026-09-08T11:47:46.615Z,2026-09-08 06:47:46,2026-09-08 13:47:46,"Ruta 1-A: Montaña Machupicchu",50,48,,
2026-09-08T11:47:46.615Z,2026-09-08 06:47:46,2026-09-08 13:47:46,"Ruta 2-A: Clásico Diseñada",600,539,,
2026-09-08T12:08:45.357Z,2026-09-08 07:08:45,2026-09-08 14:08:45,"Ruta 1-A: Montaña Machupicchu",50,48,,
2026-09-08T12:08:45.357Z,2026-09-08 07:08:45,2026-09-08 14:08:45,"Ruta 2-A: Clásico Diseñada",600,506,,
2026-09-08T12:53:38.909Z,2026-09-08 07:53:38,2026-09-08 14:53:38,"Ruta 1-A: Montaña Machupicchu",50,48,,
2026-09-08T12:53:38.909Z,2026-09-08 07:53:38,2026-09-08 14:53:38,"Ruta 2-A: Clásico Diseñada",600,368,,
2026-09-08T13:26:07.180Z,2026-09-08 08:26:07,2026-09-08 15:26:07,"Ruta 1-A: Montaña Machupicchu",50,48,,
2026-09-08T13:26:07.180Z,2026-09-08 08:26:07,2026-09-08 15:26:07,"Ruta 2-A: Clásico Diseñada",600,323,,
2026-09-08T13:35:35.784Z,2026-09-08 08:35:35,2026-09-08 15:35:35,"Ruta 1-A: Montaña Machupicchu",50,48,,
2026-09-08T13:35:35.784Z,2026-09-08 08:35:35,2026-09-08 15:35:35,"Ruta 2-A: Clásico Diseñada",600,306,,
2026-09-08T13:47:50.153Z,2026-09-08 08:47:50,2026-09-08 15:47:50,"Ruta 1-A: Montaña Machupicchu",50,48,,
2026-09-08T13:47:50.153Z,2026-09-08 08:47:50,2026-09-08 15:47:50,"Ruta 2-A: Clásico Diseñada",600,286,,
2026-09-08T14:07:20.153Z,2026-09-08 09:07:20,2026-09-08 16:07:20,"Ruta 1-A: Montaña Machupicchu",50,48,,
2026-09-08T14:07:20.153Z,2026-09-08 09:07:20,2026-09-08 16:07:20,"Ruta 2-A: Clásico Diseñada",600,273,,
2026-09-08T14:27:41.671Z,2026-09-08 09:27:41,2026-09-08 16:27:41,"Ruta 1-A: Montaña Machupicchu",50,48,,
2026-09-08T14:27:41.671Z,2026-09-08 09:27:41,2026-09-08 16:27:41,"Ruta 2-A: Clásico Diseñada",600,248,,
2026-09-08T14:39:15.739Z,2026-09-08 09:39:15,2026-09-08 16:39:15,"Ruta 1-A: Montaña Machupicchu",50,48,,
2026-09-08T14:39:15.739Z,2026-09-08 09:39:15,2026-09-08 16:39:15,"Ruta 2-A: Clásico Diseñada",600,234,,
2026-09-08T14:48:20.931Z,2026-09-08 09:48:20,2026-09-08 16:48:20,"Ruta 1-A: Montaña Machupicchu",50,48,,
2026-09-08T14:48:20.931Z,2026-09-08 09:48:20,2026-09-08 16:48:20,"Ruta 2-A: Clásico Diseñada",600,229,,
2026-09-08T15:06:31.477Z,2026-09-08 10:06:31,2026-09-08 17:06:31,"Ruta 1-A: Montaña Machupicchu",50,48,,
2026-09-08T15:06:31.477Z,2026-09-08 10:06:31,2026-09-08 17:06:31,"Ruta 2-A: Clásico Diseñada",600,220,,
2026-09-08T15:37:21.655Z,2026-09-08 10:37:21,2026-09-08 17:37:21,"Ruta 1-A: Montaña Machupicchu",50,48,,
2026-09-08T15:37:21.655Z,2026-09-08 10:37:21,2026-09-08 17:37:21,"Ruta 2-A: Clásico Diseñada",600,213,,
2026-09-08T15:48:02.593Z,2026-09-08 10:48:02,2026-09-08 17:48:02,"Ruta 1-A: Montaña Machupicchu",50,48,,
2026-09-08T15:48:02.593Z,2026-09-08 10:48:02,2026-09-08 17:48:02,"Ruta 2-A: Clásico Diseñada",600,211,,
2026-09-08T16:06:53.322Z,2026-09-08 11:06:53,2026-09-08 18:06:53,"Ruta 1-A: Montaña Machupicchu",50,48,,
2026-09-08T16:06:53.322Z,2026-09-08 11:06:53,2026-09-08 18:06:53,"Ruta 2-A: Clásico Diseñada",600,209,,
2026-09-08T16:28:59.209Z,2026-09-08 11:28:59,2026-09-08 18:28:59,"Ruta 1-A: Montaña Machupicchu",50,48,,
2026-09-08T16:28:59.209Z,2026-09-08 11:28:59,2026-09-08 18:28:59,"Ruta 2-A: Clásico Diseñada",600,208,,
2026-09-08T16:41:50.378Z,2026-09-08 11:41:50,2026-09-08 18:41:50,"Ruta 1-A: Montaña Machupicchu",50,48,,
2026-09-08T16:41:50.378Z,2026-09-08 11:41:50,2026-09-08 18:41:50,"Ruta 2-A: Clásico Diseñada",600,204,,
2026-09-08T17:23:58.373Z,2026-09-08 12:23:58,2026-09-08 19:23:58,"Ruta 1-A: Montaña Machupicchu",50,48,,
2026-09-08T17:23:58.373Z,2026-09-08 12:23:58,2026-09-08 19:23:58,"Ruta 2-A: Clásico Diseñada",600,162,,
2026-09-08T17:33:17.463Z,2026-09-08 12:33:17,2026-09-08 19:33:17,"Ruta 1-A: Montaña Machupicchu",50,48,,
2026-09-08T17:33:17.463Z,2026-09-08 12:33:17,2026-09-08 19:33:17,"Ruta 2-A: Clásico Diseñada",600,145,,
2026-09-08T17:47:31.135Z,2026-09-08 12:47:31,2026-09-08 19:47:31,"Ruta 1-A: Montaña Machupicchu",50,48,,
2026-09-08T17:47:31.135Z,2026-09-08 12:47:31,2026-09-08 19:47:31,"Ruta 2-A: Clásico Diseñada",600,118,,
2026-09-08T18:07:33.185Z,2026-09-08 13:07:33,2026-09-08 20:07:33,"Ruta 1-A: Montaña Machupicchu",50,48,,
2026-09-08T18:07:33.185Z,2026-09-08 13:07:33,2026-09-08 20:07:33,"Ruta 2-A: Clásico Diseñada",600,101,,
2026-09-08T18:30:37.240Z,2026-09-08 13:30:37,2026-09-08 20:30:37,"Ruta 1-A: Montaña Machupicchu",50,48,,
2026-09-08T18:30:37.240Z,2026-09-08 13:30:37,2026-09-08 20:30:37,"Ruta 2-A: Clásico Diseñada",600,81,,
2026-09-08T18:53:40.249Z,2026-09-08 13:53:40,2026-09-08 20:53:40,"Ruta 1-A: Montaña Machupicchu",50,48,,
2026-09-08T18:53:40.249Z,2026-09-08 13:53:40,2026-09-08 20:53:40,"Ruta 2-A: Clásico Diseñada",600,72,,
2026-09-08T19:05:00.888Z,2026-09-08 14:05:00,2026-09-08 21:05:00,"Ruta 1-A: Montaña Machupicchu",50,48,,
2026-09-08T19:05:00.888Z,2026-09-08 14:05:00,2026-09-08 21:05:00,"Ruta 2-A: Clásico Diseñada",600,70,,
2026-09-08T19:21:08.871Z,2026-09-08 14:21:08,2026-09-08 21:21:08,"Ruta 1-A: Montaña Machupicchu",50,48,,
2026-09-08T19:21:08.871Z,2026-09-08 14:21:08,2026-09-08 21:21:08,"Ruta 2-A: Clásico Diseñada",600,65,,
2026-09-08T19:33:08.545Z,2026-09-08 14:33:08,2026-09-08 21:33:08,"Ruta 1-A: Montaña Machupicchu",50,48,,
2026-09-08T19:33:08.545Z,2026-09-08 14:33:08,2026-09-08 21:33:08,"Ruta 2-A: Clásico Diseñada",600,58,,
2026-09-08T19:47:52.090Z,2026-09-08 14:47:52,2026-09-08 21:47:52,"Ruta 1-A: Montaña Machupicchu",50,48,,
2026-09-08T19:47:52.090Z,2026-09-08 14:47:52,2026-09-08 21:47:52,"Ruta 2-A: Clásico Diseñada",600,51,,
2026-09-08T20:05:39.705Z,2026-09-08 15:05:39,2026-09-08 22:05:39,"Ruta 1-A: Montaña Machupicchu",50,48,,
2026-09-08T20:05:39.705Z,2026-09-08 15:05:39,2026-09-08 22:05:39,"Ruta 2-A: Clásico Diseñada",600,33,,
2026-09-08T20:24:08.870Z,2026-09-08 15:24:08,2026-09-08 22:24:08,"Ruta 1-A: Montaña Machupicchu",50,48,,
2026-09-08T20:24:08.870Z,2026-09-08 15:24:08,2026-09-08 22:24:08,"Ruta 2-A: Clásico Diseñada",600,31,,
2026-09-08T20:34:19.522Z,2026-09-08 15:34:19,2026-09-08 22:34:19,"Ruta 1-A: Montaña Machupicchu",50,48,,
2026-09-08T20:34:19.522Z,2026-09-08 15:34:19,2026-09-08 22:34:19,"Ruta 2-A: Clásico Diseñada",600,1,,
2026-09-08T20:47:40.026Z,2026-09-08 15:47:40,2026-09-08 22:47:40,"Ruta 1-A: Montaña Machupicchu",50,48,,
2026-09-08T20:47:40.026Z,2026-09-08 15:47:40,2026-09-08 22:47:40,"Ruta 2-A: Clásico Diseñada",600,1,,
2026-09-08T21:20:45.299Z,2026-09-08 16:20:45,2026-09-08 23:20:45,"Ruta 1-A: Montaña Machupicchu",50,48,,
2026-09-08T21:20:45.299Z,2026-09-08 16:20:45,2026-09-08 23:20:45,"Ruta 2-A: Clásico Diseñada",600,0,,
2026-09-08T21:33:27.619Z,2026-09-08 16:33:27,2026-09-08 23:33:27,"Ruta 1-A: Montaña Machupicchu",50,48,,
2026-09-08T21:33:27.619Z,2026-09-08 16:33:27,2026-09-08 23:33:27,"Ruta 2-A: Clásico Diseñada",600,0,,
2026-09-08T21:47:42.895Z,2026-09-08 16:47:42,2026-09-08 23:47:42,"Ruta 1-A: Montaña Machupicchu",50,48,,
2026-09-08T21:47:42.895Z,2026-09-08 16:47:42,2026-09-08 23:47:42,"Ruta 2-A: Clásico Diseñada",600,0,,
2026-09-08T22:05:30.816Z,2026-09-08 17:05:30,2026-09-09 00:05:30,"Ruta 1-A: Montaña Machupicchu",50,45,,
2026-09-08T22:05:30.816Z,2026-09-08 17:05:30,2026-09-09 00:05:30,"Ruta 2-A: Clásico Diseñada",600,0,,
2026-09-08T22:22:19.844Z,2026-09-08 17:22:19,2026-09-09 00:22:19,"Ruta 1-A: Montaña Machupicchu",50,45,,
2026-09-08T22:22:19.844Z,2026-09-08 17:22:19,2026-09-09 00:22:19,"Ruta 2-A: Clásico Diseñada",600,0,,
2026-09-08T22:32:46.041Z,2026-09-08 17:32:46,2026-09-09 00:32:46,"Ruta 1-A: Montaña Machupicchu",50,45,,
2026-09-08T22:32:46.041Z,2026-09-08 17:32:46,2026-09-09 00:32:46,"Ruta 2-A: Clásico Diseñada",600,0,,
2026-09-08T22:47:29.676Z,2026-09-08 17:47:29,2026-09-09 00:47:29,"Ruta 1-A: Montaña Machupicchu",50,45,,
2026-09-08T22:47:29.676Z,2026-09-08 17:47:29,2026-09-09 00:47:29,"Ruta 2-A: Clásico Diseñada",600,0,,
2026-09-08T23:05:31.247Z,2026-09-08 18:05:31,2026-09-09 01:05:31,"Ruta 1-A: Montaña Machupicchu",50,45,,
2026-09-08T23:05:31.247Z,2026-09-08 18:05:31,2026-09-09 01:05:31,"Ruta 2-A: Clásico Diseñada",600,0,,
2026-09-08T23:22:01.496Z,2026-09-08 18:22:01,2026-09-09 01:22:01,"Ruta 1-A: Montaña Machupicchu",50,45,,
2026-09-08T23:22:01.496Z,2026-09-08 18:22:01,2026-09-09 01:22:01,"Ruta 2-A: Clásico Diseñada",600,0,,
2026-09-08T23:33:08.436Z,2026-09-08 18:33:08,2026-09-09 01:33:08,"Ruta 1-A: Montaña Machupicchu",50,45,,
2026-09-08T23:33:08.436Z,2026-09-08 18:33:08,2026-09-09 01:33:08,"Ruta 2-A: Clásico Diseñada",600,0,,
2026-09-08T23:48:21.399Z,2026-09-08 18:48:21,2026-09-09 01:48:21,"Ruta 1-A: Montaña Machupicchu",50,44,,
2026-09-08T23:48:21.399Z,2026-09-08 18:48:21,2026-09-09 01:48:21,"Ruta 2-A: Clásico Diseñada",600,0,,
2026-09-09T00:14:48.931Z,2026-09-08 19:14:48,2026-09-09 02:14:48,"Ruta 1-A: Montaña Machupicchu",50,50,,
2026-09-09T00:14:48.931Z,2026-09-08 19:14:48,2026-09-09 02:14:48,"Ruta 2-A: Clásico Diseñada",600,600,,
2026-09-09T01:01:40.638Z,2026-09-08 20:01:40,2026-09-09 03:01:40,"Ruta 1-A: Montaña Machupicchu",50,50,,
2026-09-09T01:01:40.638Z,2026-09-08 20:01:40,2026-09-09 03:01:40,"Ruta 2-A: Clásico Diseñada",600,600,,
2026-09-09T02:12:41.402Z,2026-09-08 21:12:41,2026-09-09 04:12:41,"Ruta 1-A: Montaña Machupicchu",50,50,,
2026-09-09T02:12:41.402Z,2026-09-08 21:12:41,2026-09-09 04:12:41,"Ruta 2-A: Clásico Diseñada",600,600,,
2026-09-09T02:34:27.663Z,2026-09-08 21:34:27,2026-09-09 04:34:27,"Ruta 1-A: Montaña Machupicchu",50,50,,
2026-09-09T02:34:27.663Z,2026-09-08 21:34:27,2026-09-09 04:34:27,"Ruta 2-A: Clásico Diseñada",600,600,,
2026-09-09T02:50:30.907Z,2026-09-08 21:50:30,2026-09-09 04:50:30,"Ruta 1-A: Montaña Machupicchu",50,50,,
2026-09-09T02:50:30.907Z,2026-09-08 21:50:30,2026-09-09 04:50:30,"Ruta 2-A: Clásico Diseñada",600,600,,
2026-09-09T03:07:17.504Z,2026-09-08 22:07:17,2026-09-09 05:07:17,"Ruta 1-A: Montaña Machupicchu",50,50,,
2026-09-09T03:07:17.504Z,2026-09-08 22:07:17,2026-09-09 05:07:17,"Ruta 2-A: Clásico Diseñada",600,600,,
2026-09-09T03:28:58.178Z,2026-09-08 22:28:58,2026-09-09 05:28:58,"Ruta 1-A: Montaña Machupicchu",50,50,,
2026-09-09T03:28:58.178Z,2026-09-08 22:28:58,2026-09-09 05:28:58,"Ruta 2-A: Clásico Diseñada",600,600,,
2026-09-09T03:51:40.059Z,2026-09-08 22:51:40,2026-09-09 05:51:40,"Ruta 1-A: Montaña Machupicchu",50,50,,
2026-09-09T03:51:40.059Z,2026-09-08 22:51:40,2026-09-09 05:51:40,"Ruta 2-A: Clásico Diseñada",600,600,,
2026-09-09T04:06:55.351Z,2026-09-08 23:06:55,2026-09-09 06:06:55,"Ruta 1-A: Montaña Machupicchu",50,50,,
2026-09-09T04:06:55.351Z,2026-09-08 23:06:55,2026-09-09 06:06:55,"Ruta 2-A: Clásico Diseñada",600,600,,
2026-09-09T04:28:49.403Z,2026-09-08 23:28:49,2026-09-09 06:28:49,"Ruta 1-A: Montaña Machupicchu",50,50,,
2026-09-09T04:28:49.403Z,2026-09-08 23:28:49,2026-09-09 06:28:49,"Ruta 2-A: Clásico Diseñada",600,600,,
2026-09-09T04:50:52.297Z,2026-09-08 23:50:52,2026-09-09 06:50:52,"Ruta 1-A: Montaña Machupicchu",50,50,,
2026-09-09T04:50:52.297Z,2026-09-08 23:50:52,2026-09-09 06:50:52,"Ruta 2-A: Clásico Diseñada",600,600,,
2026-09-09T05:06:12.533Z,2026-09-09 00:06:12,2026-09-09 07:06:12,"Ruta 1-A: Montaña Machupicchu",50,50,,
2026-09-09T05:06:12.533Z,2026-09-09 00:06:12,2026-09-09 07:06:12,"Ruta 2-A: Clásico Diseñada",600,600,,
2026-09-09T05:25:31.643Z,2026-09-09 00:25:31,2026-09-09 07:25:31,"Ruta 1-A: Montaña Machupicchu",50,50,,
2026-09-09T05:25:31.643Z,2026-09-09 00:25:31,2026-09-09 07:25:31,"Ruta 2-A: Clásico Diseñada",600,600,,
2026-09-09T05:35:47.743Z,2026-09-09 00:35:47,2026-09-09 07:35:47,"Ruta 1-A: Montaña Machupicchu",50,50,,
2026-09-09T05:35:47.743Z,2026-09-09 00:35:47,2026-09-09 07:35:47,"Ruta 2-A: Clásico Diseñada",600,600,,
2026-09-09T05:47:40.161Z,2026-09-09 00:47:40,2026-09-09 07:47:40,"Ruta 1-A: Montaña Machupicchu",50,50,,
2026-09-09T05:47:40.161Z,2026-09-09 00:47:40,2026-09-09 07:47:40,"Ruta 2-A: Clásico Diseñada",600,600,,
2026-09-09T06:39:35.199Z,2026-09-09 01:39:35,2026-09-09 08:39:35,"Ruta 1-A: Montaña Machupicchu",50,50,,
2026-09-09T06:39:35.199Z,2026-09-09 01:39:35,2026-09-09 08:39:35,"Ruta 2-A: Clásico Diseñada",600,600,,
2026-09-09T06:57:50.353Z,2026-09-09 01:57:50,2026-09-09 08:57:50,"Ruta 1-A: Montaña Machupicchu",50,50,,
2026-09-09T06:57:50.353Z,2026-09-09 01:57:50,2026-09-09 08:57:50,"Ruta 2-A: Clásico Diseñada",600,600,,
2026-09-09T07:16:30.631Z,2026-09-09 02:16:30,2026-09-09 09:16:30,"Ruta 1-A: Montaña Machupicchu",50,50,,
2026-09-09T07:16:30.631Z,2026-09-09 02:16:30,2026-09-09 09:16:30,"Ruta 2-A: Clásico Diseñada",600,600,,
2026-09-09T07:36:19.514Z,2026-09-09 02:36:19,2026-09-09 09:36:19,"Ruta 1-A: Montaña Machupicchu",50,50,,
2026-09-09T07:36:19.514Z,2026-09-09 02:36:19,2026-09-09 09:36:19,"Ruta 2-A: Clásico Diseñada",600,600,,
2026-09-09T07:48:19.631Z,2026-09-09 02:48:19,2026-09-09 09:48:19,"Ruta 1-A: Montaña Machupicchu",50,50,,
2026-09-09T07:48:19.631Z,2026-09-09 02:48:19,2026-09-09 09:48:19,"Ruta 2-A: Clásico Diseñada",600,600,,
2026-09-09T08:08:01.971Z,2026-09-09 03:08:01,2026-09-09 10:08:01,"Ruta 1-A: Montaña Machupicchu",50,50,,
2026-09-09T08:08:01.971Z,2026-09-09 03:08:01,2026-09-09 10:08:01,"Ruta 2-A: Clásico Diseñada",600,600,,
2026-09-09T08:31:45.871Z,2026-09-09 03:31:45,2026-09-09 10:31:45,"Ruta 1-A: Montaña Machupicchu",50,50,,
2026-09-09T08:31:45.871Z,2026-09-09 03:31:45,2026-09-09 10:31:45,"Ruta 2-A: Clásico Diseñada",600,600,,
2026-09-09T08:49:26.806Z,2026-09-09 03:49:26,2026-09-09 10:49:26,"Ruta 1-A: Montaña Machupicchu",50,50,,
2026-09-09T08:49:26.806Z,2026-09-09 03:49:26,2026-09-09 10:49:26,"Ruta 2-A: Clásico Diseñada",600,600,,
2026-09-09T09:06:37.266Z,2026-09-09 04:06:37,2026-09-09 11:06:37,"Ruta 1-A: Montaña Machupicchu",50,50,,
2026-09-09T09:06:37.266Z,2026-09-09 04:06:37,2026-09-09 11:06:37,"Ruta 2-A: Clásico Diseñada",600,600,,
2026-09-09T09:28:14.484Z,2026-09-09 04:28:14,2026-09-09 11:28:14,"Ruta 1-A: Montaña Machupicchu",50,50,,
2026-09-09T09:28:14.484Z,2026-09-09 04:28:14,2026-09-09 11:28:14,"Ruta 2-A: Clásico Diseñada",600,600,,
2026-09-09T09:40:47.051Z,2026-09-09 04:40:47,2026-09-09 11:40:47,"Ruta 1-A: Montaña Machupicchu",50,50,,
2026-09-09T09:40:47.051Z,2026-09-09 04:40:47,2026-09-09 11:40:47,"Ruta 2-A: Clásico Diseñada",600,600,,
2026-09-09T09:47:45.645Z,2026-09-09 04:47:45,2026-09-09 11:47:45,"Ruta 1-A: Montaña Machupicchu",50,50,,
2026-09-09T09:47:45.645Z,2026-09-09 04:47:45,2026-09-09 11:47:45,"Ruta 2-A: Clásico Diseñada",600,600,,
2026-09-09T10:06:31.808Z,2026-09-09 05:06:31,2026-09-09 12:06:31,"Ruta 1-A: Montaña Machupicchu",50,50,,
2026-09-09T10:06:31.808Z,2026-09-09 05:06:31,2026-09-09 12:06:31,"Ruta 2-A: Clásico Diseñada",600,600,,
2026-09-09T10:25:42.016Z,2026-09-09 05:25:42,2026-09-09 12:25:42,"Ruta 1-A: Montaña Machupicchu",50,50,,
2026-09-09T10:25:42.016Z,2026-09-09 05:25:42,2026-09-09 12:25:42,"Ruta 2-A: Clásico Diseñada",600,600,,
2026-09-09T10:35:28.968Z,2026-09-09 05:35:28,2026-09-09 12:35:28,"Ruta 1-A: Montaña Machupicchu",50,50,,
2026-09-09T10:35:28.968Z,2026-09-09 05:35:28,2026-09-09 12:35:28,"Ruta 2-A: Clásico Diseñada",600,600,,
2026-09-09T10:47:34.712Z,2026-09-09 05:47:34,2026-09-09 12:47:34,"Ruta 1-A: Montaña Machupicchu",50,50,,
2026-09-09T10:47:34.712Z,2026-09-09 05:47:34,2026-09-09 12:47:34,"Ruta 2-A: Clásico Diseñada",600,600,,
2026-09-09T11:05:45.273Z,2026-09-09 06:05:45,2026-09-09 13:05:45,"Ruta 1-A: Montaña Machupicchu",50,50,,
2026-09-09T11:05:45.273Z,2026-09-09 06:05:45,2026-09-09 13:05:45,"Ruta 2-A: Clásico Diseñada",600,600,,
2026-09-09T11:23:21.243Z,2026-09-09 06:23:21,2026-09-09 13:23:21,"Ruta 1-A: Montaña Machupicchu",50,50,,
2026-09-09T11:23:21.243Z,2026-09-09 06:23:21,2026-09-09 13:23:21,"Ruta 2-A: Clásico Diseñada",600,577,,
2026-09-09T11:33:51.486Z,2026-09-09 06:33:51,2026-09-09 13:33:51,"Ruta 1-A: Montaña Machupicchu",50,50,,
2026-09-09T11:33:51.486Z,2026-09-09 06:33:51,2026-09-09 13:33:51,"Ruta 2-A: Clásico Diseñada",600,562,,
2026-09-09T11:47:44.156Z,2026-09-09 06:47:44,2026-09-09 13:47:44,"Ruta 1-A: Montaña Machupicchu",50,50,,
2026-09-09T11:47:44.156Z,2026-09-09 06:47:44,2026-09-09 13:47:44,"Ruta 2-A: Clásico Diseñada",600,541,,
2026-09-09T12:08:16.099Z,2026-09-09 07:08:16,2026-09-09 14:08:16,"Ruta 1-A: Montaña Machupicchu",50,50,,
2026-09-09T12:08:16.099Z,2026-09-09 07:08:16,2026-09-09 14:08:16,"Ruta 2-A: Clásico Diseñada",600,497,,
2026-09-09T12:35:47.897Z,2026-09-09 07:35:47,2026-09-09 14:35:47,"Ruta 1-A: Montaña Machupicchu",50,50,,
2026-09-09T12:35:47.897Z,2026-09-09 07:35:47,2026-09-09 14:35:47,"Ruta 2-A: Clásico Diseñada",600,462,,
2026-09-09T12:53:38.851Z,2026-09-09 07:53:38,2026-09-09 14:53:38,"Ruta 1-A: Montaña Machupicchu",50,50,,
2026-09-09T12:53:38.851Z,2026-09-09 07:53:38,2026-09-09 14:53:38,"Ruta 2-A: Clásico Diseñada",600,420,,
2026-09-09T13:25:07.848Z,2026-09-09 08:25:07,2026-09-09 15:25:07,"Ruta 1-A: Montaña Machupicchu",50,50,,
2026-09-09T13:25:07.848Z,2026-09-09 08:25:07,2026-09-09 15:25:07,"Ruta 2-A: Clásico Diseñada",600,356,,
2026-09-09T13:36:00.960Z,2026-09-09 08:36:00,2026-09-09 15:36:00,"Ruta 1-A: Montaña Machupicchu",50,50,,
2026-09-09T13:36:00.960Z,2026-09-09 08:36:00,2026-09-09 15:36:00,"Ruta 2-A: Clásico Diseñada",600,342,,
2026-09-09T13:47:58.260Z,2026-09-09 08:47:58,2026-09-09 15:47:58,"Ruta 1-A: Montaña Machupicchu",50,48,,
2026-09-09T13:47:58.260Z,2026-09-09 08:47:58,2026-09-09 15:47:58,"Ruta 2-A: Clásico Diseñada",600,309,,
2026-09-09T14:06:07.330Z,2026-09-09 09:06:07,2026-09-09 16:06:07,"Ruta 1-A: Montaña Machupicchu",50,48,,
2026-09-09T14:06:07.330Z,2026-09-09 09:06:07,2026-09-09 16:06:07,"Ruta 2-A: Clásico Diseñada",600,288,,
2026-09-09T14:25:34.186Z,2026-09-09 09:25:34,2026-09-09 16:25:34,"Ruta 1-A: Montaña Machupicchu",50,48,,
2026-09-09T14:25:34.186Z,2026-09-09 09:25:34,2026-09-09 16:25:34,"Ruta 2-A: Clásico Diseñada",600,253,,
2026-09-09T14:36:49.820Z,2026-09-09 09:36:49,2026-09-09 16:36:49,"Ruta 1-A: Montaña Machupicchu",50,48,,
2026-09-09T14:36:49.820Z,2026-09-09 09:36:49,2026-09-09 16:36:49,"Ruta 2-A: Clásico Diseñada",600,225,,
2026-09-09T14:48:24.434Z,2026-09-09 09:48:24,2026-09-09 16:48:24,"Ruta 1-A: Montaña Machupicchu",50,48,,
2026-09-09T14:48:24.434Z,2026-09-09 09:48:24,2026-09-09 16:48:24,"Ruta 2-A: Clásico Diseñada",600,207,,
2026-09-09T15:05:57.432Z,2026-09-09 10:05:57,2026-09-09 17:05:57,"Ruta 1-A: Montaña Machupicchu",50,48,,
2026-09-09T15:05:57.432Z,2026-09-09 10:05:57,2026-09-09 17:05:57,"Ruta 2-A: Clásico Diseñada",600,175,,
2026-09-09T15:25:03.309Z,2026-09-09 10:25:03,2026-09-09 17:25:03,"Ruta 1-A: Montaña Machupicchu",50,48,,
2026-09-09T15:25:03.309Z,2026-09-09 10:25:03,2026-09-09 17:25:03,"Ruta 2-A: Clásico Diseñada",600,172,,
2026-09-09T15:35:42.351Z,2026-09-09 10:35:42,2026-09-09 17:35:42,"Ruta 1-A: Montaña Machupicchu",50,48,,
2026-09-09T15:35:42.351Z,2026-09-09 10:35:42,2026-09-09 17:35:42,"Ruta 2-A: Clásico Diseñada",600,171,,
2026-09-09T15:47:40.161Z,2026-09-09 10:47:40,2026-09-09 17:47:40,"Ruta 1-A: Montaña Machupicchu",50,46,,
2026-09-09T15:47:40.161Z,2026-09-09 10:47:40,2026-09-09 17:47:40,"Ruta 2-A: Clásico Diseñada",600,167,,
2026-09-09T16:06:15.743Z,2026-09-09 11:06:15,2026-09-09 18:06:15,"Ruta 1-A: Montaña Machupicchu",50,46,,
2026-09-09T16:06:15.743Z,2026-09-09 11:06:15,2026-09-09 18:06:15,"Ruta 2-A: Clásico Diseñada",600,155,,
2026-09-09T16:27:19.460Z,2026-09-09 11:27:19,2026-09-09 18:27:19,"Ruta 1-A: Montaña Machupicchu",50,46,,
2026-09-09T16:27:19.460Z,2026-09-09 11:27:19,2026-09-09 18:27:19,"Ruta 2-A: Clásico Diseñada",600,139,,
2026-09-09T16:39:15.229Z,2026-09-09 11:39:15,2026-09-09 18:39:15,"Ruta 1-A: Montaña Machupicchu",50,46,,
2026-09-09T16:39:15.229Z,2026-09-09 11:39:15,2026-09-09 18:39:15,"Ruta 2-A: Clásico Diseñada",600,122,,
2026-09-09T16:48:04.955Z,2026-09-09 11:48:04,2026-09-09 18:48:04,"Ruta 1-A: Montaña Machupicchu",50,46,,
2026-09-09T16:48:04.955Z,2026-09-09 11:48:04,2026-09-09 18:48:04,"Ruta 2-A: Clásico Diseñada",600,119,,
2026-09-09T17:05:11.149Z,2026-09-09 12:05:11,2026-09-09 19:05:11,"Ruta 1-A: Montaña Machupicchu",50,46,,
2026-09-09T17:05:11.149Z,2026-09-09 12:05:11,2026-09-09 19:05:11,"Ruta 2-A: Clásico Diseñada",600,119,,
2026-09-09T17:22:26.556Z,2026-09-09 12:22:26,2026-09-09 19:22:26,"Ruta 1-A: Montaña Machupicchu",50,46,,
2026-09-09T17:22:26.556Z,2026-09-09 12:22:26,2026-09-09 19:22:26,"Ruta 2-A: Clásico Diseñada",600,88,,
2026-09-09T18:07:28.111Z,2026-09-09 13:07:28,2026-09-09 20:07:28,"Ruta 1-A: Montaña Machupicchu",50,46,,
2026-09-09T18:07:28.111Z,2026-09-09 13:07:28,2026-09-09 20:07:28,"Ruta 2-A: Clásico Diseñada",600,12,,
2026-09-09T18:30:22.307Z,2026-09-09 13:30:22,2026-09-09 20:30:22,"Ruta 1-A: Montaña Machupicchu",50,46,,
2026-09-09T18:30:22.307Z,2026-09-09 13:30:22,2026-09-09 20:30:22,"Ruta 2-A: Clásico Diseñada",600,8,,
2026-09-09T18:43:54.203Z,2026-09-09 13:43:54,2026-09-09 20:43:54,"Ruta 1-A: Montaña Machupicchu",50,46,,
2026-09-09T18:43:54.203Z,2026-09-09 13:43:54,2026-09-09 20:43:54,"Ruta 2-A: Clásico Diseñada",600,7,,
2026-09-09T18:50:22.125Z,2026-09-09 13:50:22,2026-09-09 20:50:22,"Ruta 1-A: Montaña Machupicchu",50,46,,
2026-09-09T18:50:22.125Z,2026-09-09 13:50:22,2026-09-09 20:50:22,"Ruta 2-A: Clásico Diseñada",600,7,,
2026-09-09T19:04:44.365Z,2026-09-09 14:04:44,2026-09-09 21:04:44,"Ruta 1-A: Montaña Machupicchu",50,46,,
2026-09-09T19:04:44.365Z,2026-09-09 14:04:44,2026-09-09 21:04:44,"Ruta 2-A: Clásico Diseñada",600,4,,
2026-09-09T19:20:44.012Z,2026-09-09 14:20:44,2026-09-09 21:20:44,"Ruta 1-A: Montaña Machupicchu",50,46,,
2026-09-09T19:20:44.012Z,2026-09-09 14:20:44,2026-09-09 21:20:44,"Ruta 2-A: Clásico Diseñada",600,1,,
2026-09-09T19:32:56.166Z,2026-09-09 14:32:56,2026-09-09 21:32:56,"Ruta 1-A: Montaña Machupicchu",50,44,,
2026-09-09T19:32:56.166Z,2026-09-09 14:32:56,2026-09-09 21:32:56,"Ruta 2-A: Clásico Diseñada",600,0,,
2026-09-09T19:47:27.703Z,2026-09-09 14:47:27,2026-09-09 21:47:27,"Ruta 1-A: Montaña Machupicchu",50,44,,
2026-09-09T19:47:27.703Z,2026-09-09 14:47:27,2026-09-09 21:47:27,"Ruta 2-A: Clásico Diseñada",600,0,,
2026-09-09T20:05:44.036Z,2026-09-09 15:05:44,2026-09-09 22:05:44,"Ruta 1-A: Montaña Machupicchu",50,42,,
2026-09-09T20:05:44.036Z,2026-09-09 15:05:44,2026-09-09 22:05:44,"Ruta 2-A: Clásico Diseñada",600,0,,
2026-09-09T20:25:05.468Z,2026-09-09 15:25:05,2026-09-09 22:25:05,"Ruta 1-A: Montaña Machupicchu",50,41,,
2026-09-09T20:25:05.468Z,2026-09-09 15:25:05,2026-09-09 22:25:05,"Ruta 2-A: Clásico Diseñada",600,0,,
2026-09-09T20:34:46.420Z,2026-09-09 15:34:46,2026-09-09 22:34:46,"Ruta 1-A: Montaña Machupicchu",50,41,,
2026-09-09T20:34:46.420Z,2026-09-09 15:34:46,2026-09-09 22:34:46,"Ruta 2-A: Clásico Diseñada",600,0,,
2026-09-09T20:47:36.194Z,2026-09-09 15:47:36,2026-09-09 22:47:36,"Ruta 1-A: Montaña Machupicchu",50,41,,
2026-09-09T20:47:36.194Z,2026-09-09 15:47:36,2026-09-09 22:47:36,"Ruta 2-A: Clásico Diseñada",600,0,,
2026-09-09T21:05:12.513Z,2026-09-09 16:05:12,2026-09-09 23:05:12,"Ruta 1-A: Montaña Machupicchu",50,41,,
2026-09-09T21:05:12.513Z,2026-09-09 16:05:12,2026-09-09 23:05:12,"Ruta 2-A: Clásico Diseñada",600,0,,
2026-09-09T21:21:00.511Z,2026-09-09 16:21:00,2026-09-09 23:21:00,"Ruta 1-A: Montaña Machupicchu",50,41,,
2026-09-09T21:21:00.511Z,2026-09-09 16:21:00,2026-09-09 23:21:00,"Ruta 2-A: Clásico Diseñada",600,0,,
2026-09-09T21:33:16.913Z,2026-09-09 16:33:16,2026-09-09 23:33:16,"Ruta 1-A: Montaña Machupicchu",50,35,,
2026-09-09T21:33:16.913Z,2026-09-09 16:33:16,2026-09-09 23:33:16,"Ruta 2-A: Clásico Diseñada",600,0,,
2026-09-09T21:48:02.869Z,2026-09-09 16:48:02,2026-09-09 23:48:02,"Ruta 1-A: Montaña Machupicchu",50,31,,
2026-09-09T21:48:02.869Z,2026-09-09 16:48:02,2026-09-09 23:48:02,"Ruta 2-A: Clásico Diseñada",600,0,,
2026-09-09T22:04:52.020Z,2026-09-09 17:04:52,2026-09-10 00:04:52,"Ruta 1-A: Montaña Machupicchu",50,27,,
2026-09-09T22:04:52.020Z,2026-09-09 17:04:52,2026-09-10 00:04:52,"Ruta 2-A: Clásico Diseñada",600,0,,
2026-09-09T22:22:05.993Z,2026-09-09 17:22:05,2026-09-10 00:22:05,"Ruta 1-A: Montaña Machupicchu",50,27,,
2026-09-09T22:22:05.993Z,2026-09-09 17:22:05,2026-09-10 00:22:05,"Ruta 2-A: Clásico Diseñada",600,0,,
2026-09-09T22:32:56.090Z,2026-09-09 17:32:56,2026-09-10 00:32:56,"Ruta 1-A: Montaña Machupicchu",50,27,,
2026-09-09T22:32:56.090Z,2026-09-09 17:32:56,2026-09-10 00:32:56,"Ruta 2-A: Clásico Diseñada",600,0,,
2026-09-09T22:47:24.281Z,2026-09-09 17:47:24,2026-09-10 00:47:24,"Ruta 1-A: Montaña Machupicchu",50,26,,
2026-09-09T22:47:24.281Z,2026-09-09 17:47:24,2026-09-10 00:47:24,"Ruta 2-A: Clásico Diseñada",600,0,,
2026-09-09T23:05:15.128Z,2026-09-09 18:05:15,2026-09-10 01:05:15,"Ruta 1-A: Montaña Machupicchu",50,24,,
2026-09-09T23:05:15.128Z,2026-09-09 18:05:15,2026-09-10 01:05:15,"Ruta 2-A: Clásico Diseñada",600,0,,
2026-09-09T23:21:47.798Z,2026-09-09 18:21:47,2026-09-10 01:21:47,"Ruta 1-A: Montaña Machupicchu",50,24,,
2026-09-09T23:21:47.798Z,2026-09-09 18:21:47,2026-09-10 01:21:47,"Ruta 2-A: Clásico Diseñada",600,0,,
2026-09-09T23:33:12.183Z,2026-09-09 18:33:12,2026-09-10 01:33:12,"Ruta 1-A: Montaña Machupicchu",50,20,,
2026-09-09T23:33:12.183Z,2026-09-09 18:33:12,2026-09-10 01:33:12,"Ruta 2-A: Clásico Diseñada",600,0,,
2026-09-09T23:47:47.617Z,2026-09-09 18:47:47,2026-09-10 01:47:47,"Ruta 1-A: Montaña Machupicchu",50,20,,
2026-09-09T23:47:47.617Z,2026-09-09 18:47:47,2026-09-10 01:47:47,"Ruta 2-A: Clásico Diseñada",600,0,,
2026-09-10T00:13:31.483Z,2026-09-09 19:13:31,2026-09-10 02:13:31,"Ruta 1-A: Montaña Machupicchu",50,50,,
2026-09-10T00:13:31.483Z,2026-09-09 19:13:31,2026-09-10 02:13:31,"Ruta 2-A: Clásico Diseñada",600,600,,
2026-09-10T00:59:20.371Z,2026-09-09 19:59:20,2026-09-10 02:59:20,"Ruta 1-A: Montaña Machupicchu",50,50,,
2026-09-10T00:59:20.371Z,2026-09-09 19:59:20,2026-09-10 02:59:20,"Ruta 2-A: Clásico Diseñada",600,600,,
2026-09-10T01:28:02.325Z,2026-09-09 20:28:02,2026-09-10 03:28:02,"Ruta 1-A: Montaña Machupicchu",50,50,,
2026-09-10T01:28:02.325Z,2026-09-09 20:28:02,2026-09-10 03:28:02,"Ruta 2-A: Clásico Diseñada",600,600,,
2026-09-10T01:46:42.378Z,2026-09-09 20:46:42,2026-09-10 03:46:42,"Ruta 1-A: Montaña Machupicchu",50,50,,
2026-09-10T01:46:42.378Z,2026-09-09 20:46:42,2026-09-10 03:46:42,"Ruta 2-A: Clásico Diseñada",600,600,,
2026-09-10T02:08:29.114Z,2026-09-09 21:08:29,2026-09-10 04:08:29,"Ruta 1-A: Montaña Machupicchu",50,50,,
2026-09-10T02:08:29.114Z,2026-09-09 21:08:29,2026-09-10 04:08:29,"Ruta 2-A: Clásico Diseñada",600,600,,
2026-09-10T02:33:20.993Z,2026-09-09 21:33:20,2026-09-10 04:33:20,"Ruta 1-A: Montaña Machupicchu",50,50,,
2026-09-10T02:33:20.993Z,2026-09-09 21:33:20,2026-09-10 04:33:20,"Ruta 2-A: Clásico Diseñada",600,600,,
2026-09-10T03:06:44.057Z,2026-09-09 22:06:44,2026-09-10 05:06:44,"Ruta 1-A: Montaña Machupicchu",50,50,,
2026-09-10T03:06:44.057Z,2026-09-09 22:06:44,2026-09-10 05:06:44,"Ruta 2-A: Clásico Diseñada",600,600,,
2026-09-10T03:28:48.681Z,2026-09-09 22:28:48,2026-09-10 05:28:48,"Ruta 1-A: Montaña Machupicchu",50,50,,
2026-09-10T03:28:48.681Z,2026-09-09 22:28:48,2026-09-10 05:28:48,"Ruta 2-A: Clásico Diseñada",600,600,,
2026-09-10T03:43:40.209Z,2026-09-09 22:43:40,2026-09-10 05:43:40,"Ruta 1-A: Montaña Machupicchu",50,50,,
2026-09-10T03:43:40.209Z,2026-09-09 22:43:40,2026-09-10 05:43:40,"Ruta 2-A: Clásico Diseñada",600,600,,
2026-09-10T03:51:14.525Z,2026-09-09 22:51:14,2026-09-10 05:51:14,"Ruta 1-A: Montaña Machupicchu",50,50,,
2026-09-10T03:51:14.525Z,2026-09-09 22:51:14,2026-09-10 05:51:14,"Ruta 2-A: Clásico Diseñada",600,600,,
2026-09-10T04:28:45.502Z,2026-09-09 23:28:45,2026-09-10 06:28:45,"Ruta 1-A: Montaña Machupicchu",50,50,,
2026-09-10T04:28:45.502Z,2026-09-09 23:28:45,2026-09-10 06:28:45,"Ruta 2-A: Clásico Diseñada",600,600,,
2026-09-10T04:43:11.638Z,2026-09-09 23:43:11,2026-09-10 06:43:11,"Ruta 1-A: Montaña Machupicchu",50,50,,
2026-09-10T04:43:11.638Z,2026-09-09 23:43:11,2026-09-10 06:43:11,"Ruta 2-A: Clásico Diseñada",600,600,,
2026-09-10T05:06:07.103Z,2026-09-10 00:06:07,2026-09-10 07:06:07,"Ruta 1-A: Montaña Machupicchu",50,50,,
2026-09-10T05:06:07.103Z,2026-09-10 00:06:07,2026-09-10 07:06:07,"Ruta 2-A: Clásico Diseñada",600,600,,
2026-09-10T05:24:29.261Z,2026-09-10 00:24:29,2026-09-10 07:24:29,"Ruta 1-A: Montaña Machupicchu",50,50,,
2026-09-10T05:24:29.261Z,2026-09-10 00:24:29,2026-09-10 07:24:29,"Ruta 2-A: Clásico Diseñada",600,600,,
2026-09-10T05:34:30.124Z,2026-09-10 00:34:30,2026-09-10 07:34:30,"Ruta 1-A: Montaña Machupicchu",50,50,,
2026-09-10T05:34:30.124Z,2026-09-10 00:34:30,2026-09-10 07:34:30,"Ruta 2-A: Clásico Diseñada",600,600,,
2026-09-10T05:47:23.882Z,2026-09-10 00:47:23,2026-09-10 07:47:23,"Ruta 1-A: Montaña Machupicchu",50,50,,
2026-09-10T05:47:23.882Z,2026-09-10 00:47:23,2026-09-10 07:47:23,"Ruta 2-A: Clásico Diseñada",600,600,,
2026-09-10T06:10:15.302Z,2026-09-10 01:10:15,2026-09-10 08:10:15,"Ruta 1-A: Montaña Machupicchu",50,50,,
2026-09-10T06:10:15.302Z,2026-09-10 01:10:15,2026-09-10 08:10:15,"Ruta 2-A: Clásico Diseñada",600,600,,
2026-09-10T06:38:54.043Z,2026-09-10 01:38:54,2026-09-10 08:38:54,"Ruta 1-A: Montaña Machupicchu",50,50,,
2026-09-10T06:38:54.043Z,2026-09-10 01:38:54,2026-09-10 08:38:54,"Ruta 2-A: Clásico Diseñada",600,600,,
2026-09-10T06:58:24.042Z,2026-09-10 01:58:24,2026-09-10 08:58:24,"Ruta 1-A: Montaña Machupicchu",50,50,,
2026-09-10T06:58:24.042Z,2026-09-10 01:58:24,2026-09-10 08:58:24,"Ruta 2-A: Clásico Diseñada",600,600,,
2026-09-10T07:15:44.195Z,2026-09-10 02:15:44,2026-09-10 09:15:44,"Ruta 1-A: Montaña Machupicchu",50,50,,
2026-09-10T07:15:44.195Z,2026-09-10 02:15:44,2026-09-10 09:15:44,"Ruta 2-A: Clásico Diseñada",600,600,,
2026-09-10T07:31:24.846Z,2026-09-10 02:31:24,2026-09-10 09:31:24,"Ruta 1-A: Montaña Machupicchu",50,50,,
2026-09-10T07:31:24.846Z,2026-09-10 02:31:24,2026-09-10 09:31:24,"Ruta 2-A: Clásico Diseñada",600,600,,
2026-09-10T07:47:51.229Z,2026-09-10 02:47:51,2026-09-10 09:47:51,"Ruta 1-A: Montaña Machupicchu",50,50,,
2026-09-10T07:47:51.229Z,2026-09-10 02:47:51,2026-09-10 09:47:51,"Ruta 2-A: Clásico Diseñada",600,600,,
2026-09-10T08:08:06.417Z,2026-09-10 03:08:06,2026-09-10 10:08:06,"Ruta 1-A: Montaña Machupicchu",50,50,,
2026-09-10T08:08:06.417Z,2026-09-10 03:08:06,2026-09-10 10:08:06,"Ruta 2-A: Clásico Diseñada",600,600,,
2026-09-10T08:32:54.798Z,2026-09-10 03:32:54,2026-09-10 10:32:54,"Ruta 1-A: Montaña Machupicchu",50,50,,
2026-09-10T08:32:54.798Z,2026-09-10 03:32:54,2026-09-10 10:32:54,"Ruta 2-A: Clásico Diseñada",600,600,,
2026-09-10T08:50:22.794Z,2026-09-10 03:50:22,2026-09-10 10:50:22,"Ruta 1-A: Montaña Machupicchu",50,50,,
2026-09-10T08:50:22.794Z,2026-09-10 03:50:22,2026-09-10 10:50:22,"Ruta 2-A: Clásico Diseñada",600,600,,
2026-09-10T09:06:37.148Z,2026-09-10 04:06:37,2026-09-10 11:06:37,"Ruta 1-A: Montaña Machupicchu",50,50,,
2026-09-10T09:06:37.148Z,2026-09-10 04:06:37,2026-09-10 11:06:37,"Ruta 2-A: Clásico Diseñada",600,600,,
2026-09-10T09:27:15.302Z,2026-09-10 04:27:15,2026-09-10 11:27:15,"Ruta 1-A: Montaña Machupicchu",50,50,,
2026-09-10T09:27:15.302Z,2026-09-10 04:27:15,2026-09-10 11:27:15,"Ruta 2-A: Clásico Diseñada",600,600,,
2026-09-10T09:39:10.145Z,2026-09-10 04:39:10,2026-09-10 11:39:10,"Ruta 1-A: Montaña Machupicchu",50,50,,
2026-09-10T09:39:10.145Z,2026-09-10 04:39:10,2026-09-10 11:39:10,"Ruta 2-A: Clásico Diseñada",600,600,,
2026-09-10T09:47:43.941Z,2026-09-10 04:47:43,2026-09-10 11:47:43,"Ruta 1-A: Montaña Machupicchu",50,50,,
2026-09-10T09:47:43.941Z,2026-09-10 04:47:43,2026-09-10 11:47:43,"Ruta 2-A: Clásico Diseñada",600,600,,
2026-09-10T10:06:19.111Z,2026-09-10 05:06:19,2026-09-10 12:06:19,"Ruta 1-A: Montaña Machupicchu",50,50,,
2026-09-10T10:06:19.111Z,2026-09-10 05:06:19,2026-09-10 12:06:19,"Ruta 2-A: Clásico Diseñada",600,600,,
2026-09-10T10:25:24.206Z,2026-09-10 05:25:24,2026-09-10 12:25:24,"Ruta 1-A: Montaña Machupicchu",50,50,,
2026-09-10T10:25:24.206Z,2026-09-10 05:25:24,2026-09-10 12:25:24,"Ruta 2-A: Clásico Diseñada",600,600,,
2026-09-10T10:35:28.041Z,2026-09-10 05:35:28,2026-09-10 12:35:28,"Ruta 1-A: Montaña Machupicchu",50,50,,
2026-09-10T10:35:28.041Z,2026-09-10 05:35:28,2026-09-10 12:35:28,"Ruta 2-A: Clásico Diseñada",600,600,,
2026-09-10T10:47:28.161Z,2026-09-10 05:47:28,2026-09-10 12:47:28,"Ruta 1-A: Montaña Machupicchu",50,50,,
2026-09-10T10:47:28.161Z,2026-09-10 05:47:28,2026-09-10 12:47:28,"Ruta 2-A: Clásico Diseñada",600,600,,
2026-09-10T11:05:46.765Z,2026-09-10 06:05:46,2026-09-10 13:05:46,"Ruta 1-A: Montaña Machupicchu",50,50,,
2026-09-10T11:05:46.765Z,2026-09-10 06:05:46,2026-09-10 13:05:46,"Ruta 2-A: Clásico Diseñada",600,597,,
2026-09-10T11:23:05.090Z,2026-09-10 06:23:05,2026-09-10 13:23:05,"Ruta 1-A: Montaña Machupicchu",50,50,,
2026-09-10T11:23:05.090Z,2026-09-10 06:23:05,2026-09-10 13:23:05,"Ruta 2-A: Clásico Diseñada",600,575,,
2026-09-10T12:53:39.537Z,2026-09-10 07:53:39,2026-09-10 14:53:39,"Ruta 1-A: Montaña Machupicchu",50,50,,
2026-09-10T12:53:39.537Z,2026-09-10 07:53:39,2026-09-10 14:53:39,"Ruta 2-A: Clásico Diseñada",600,412,,
2026-09-10T13:05:48.800Z,2026-09-10 08:05:48,2026-09-10 15:05:48,"Ruta 1-A: Montaña Machupicchu",50,50,,
2026-09-10T13:05:48.800Z,2026-09-10 08:05:48,2026-09-10 15:05:48,"Ruta 2-A: Clásico Diseñada",600,389,,
2026-09-10T13:23:27.278Z,2026-09-10 08:23:27,2026-09-10 15:23:27,"Ruta 1-A: Montaña Machupicchu",50,50,,
2026-09-10T13:23:27.278Z,2026-09-10 08:23:27,2026-09-10 15:23:27,"Ruta 2-A: Clásico Diseñada",600,366,,
2026-09-10T13:33:57.084Z,2026-09-10 08:33:57,2026-09-10 15:33:57,"Ruta 1-A: Montaña Machupicchu",50,50,,
2026-09-10T13:33:57.084Z,2026-09-10 08:33:57,2026-09-10 15:33:57,"Ruta 2-A: Clásico Diseñada",600,353,,
2026-09-10T14:05:39.850Z,2026-09-10 09:05:39,2026-09-10 16:05:39,"Ruta 1-A: Montaña Machupicchu",50,50,,
2026-09-10T14:05:39.850Z,2026-09-10 09:05:39,2026-09-10 16:05:39,"Ruta 2-A: Clásico Diseñada",600,313,,
2026-09-10T14:24:50.409Z,2026-09-10 09:24:50,2026-09-10 16:24:50,"Ruta 1-A: Montaña Machupicchu",50,50,,
2026-09-10T14:24:50.409Z,2026-09-10 09:24:50,2026-09-10 16:24:50,"Ruta 2-A: Clásico Diseñada",600,288,,
2026-09-10T14:35:49.031Z,2026-09-10 09:35:49,2026-09-10 16:35:49,"Ruta 1-A: Montaña Machupicchu",50,50,,
2026-09-10T14:35:49.031Z,2026-09-10 09:35:49,2026-09-10 16:35:49,"Ruta 2-A: Clásico Diseñada",600,262,,
2026-09-10T14:47:29.607Z,2026-09-10 09:47:29,2026-09-10 16:47:29,"Ruta 1-A: Montaña Machupicchu",50,50,,
2026-09-10T14:47:29.607Z,2026-09-10 09:47:29,2026-09-10 16:47:29,"Ruta 2-A: Clásico Diseñada",600,256,,
2026-09-10T15:25:01.446Z,2026-09-10 10:25:01,2026-09-10 17:25:01,"Ruta 1-A: Montaña Machupicchu",50,50,,
2026-09-10T15:25:01.446Z,2026-09-10 10:25:01,2026-09-10 17:25:01,"Ruta 2-A: Clásico Diseñada",600,193,,
2026-09-10T15:35:13.660Z,2026-09-10 10:35:13,2026-09-10 17:35:13,"Ruta 1-A: Montaña Machupicchu",50,50,,
2026-09-10T15:35:13.660Z,2026-09-10 10:35:13,2026-09-10 17:35:13,"Ruta 2-A: Clásico Diseñada",600,191,,
2026-09-10T15:47:16.112Z,2026-09-10 10:47:16,2026-09-10 17:47:16,"Ruta 1-A: Montaña Machupicchu",50,50,,
2026-09-10T15:47:16.112Z,2026-09-10 10:47:16,2026-09-10 17:47:16,"Ruta 2-A: Clásico Diseñada",600,172,,
2026-09-10T16:06:13.163Z,2026-09-10 11:06:13,2026-09-10 18:06:13,"Ruta 1-A: Montaña Machupicchu",50,50,,
2026-09-10T16:06:13.163Z,2026-09-10 11:06:13,2026-09-10 18:06:13,"Ruta 2-A: Clásico Diseñada",600,150,,
2026-09-10T16:25:01.694Z,2026-09-10 11:25:01,2026-09-10 18:25:01,"Ruta 1-A: Montaña Machupicchu",50,50,,
2026-09-10T16:25:01.694Z,2026-09-10 11:25:01,2026-09-10 18:25:01,"Ruta 2-A: Clásico Diseñada",600,133,,
2026-09-10T16:34:28.405Z,2026-09-10 11:34:28,2026-09-10 18:34:28,"Ruta 1-A: Montaña Machupicchu",50,50,,
2026-09-10T16:34:28.405Z,2026-09-10 11:34:28,2026-09-10 18:34:28,"Ruta 2-A: Clásico Diseñada",600,125,,
2026-09-10T16:47:39.405Z,2026-09-10 11:47:39,2026-09-10 18:47:39,"Ruta 1-A: Montaña Machupicchu",50,50,,
2026-09-10T16:47:39.405Z,2026-09-10 11:47:39,2026-09-10 18:47:39,"Ruta 2-A: Clásico Diseñada",600,118,,
2026-09-10T17:05:34.557Z,2026-09-10 12:05:34,2026-09-10 19:05:34,"Ruta 1-A: Montaña Machupicchu",50,50,,
2026-09-10T17:05:34.557Z,2026-09-10 12:05:34,2026-09-10 19:05:34,"Ruta 2-A: Clásico Diseñada",600,117,,
2026-09-10T17:22:06.032Z,2026-09-10 12:22:06,2026-09-10 19:22:06,"Ruta 1-A: Montaña Machupicchu",50,50,,
2026-09-10T17:22:06.032Z,2026-09-10 12:22:06,2026-09-10 19:22:06,"Ruta 2-A: Clásico Diseñada",600,114,,
2026-09-10T17:33:16.485Z,2026-09-10 12:33:16,2026-09-10 19:33:16,"Ruta 1-A: Montaña Machupicchu",50,50,,
2026-09-10T17:33:16.485Z,2026-09-10 12:33:16,2026-09-10 19:33:16,"Ruta 2-A: Clásico Diseñada",600,110,,
2026-09-10T17:47:43.126Z,2026-09-10 12:47:43,2026-09-10 19:47:43,"Ruta 1-A: Montaña Machupicchu",50,50,,
2026-09-10T17:47:43.126Z,2026-09-10 12:47:43,2026-09-10 19:47:43,"Ruta 2-A: Clásico Diseñada",600,88,,
2026-09-10T18:07:13.720Z,2026-09-10 13:07:13,2026-09-10 20:07:13,"Ruta 1-A: Montaña Machupicchu",50,50,,
2026-09-10T18:07:13.720Z,2026-09-10 13:07:13,2026-09-10 20:07:13,"Ruta 2-A: Clásico Diseñada",600,43,,
2026-09-10T18:27:36.327Z,2026-09-10 13:27:36,2026-09-10 20:27:36,"Ruta 1-A: Montaña Machupicchu",50,49,,
2026-09-10T18:27:36.327Z,2026-09-10 13:27:36,2026-09-10 20:27:36,"Ruta 2-A: Clásico Diseñada",600,28,,
2026-09-10T18:40:32.025Z,2026-09-10 13:40:32,2026-09-10 20:40:32,"Ruta 1-A: Montaña Machupicchu",50,49,,
2026-09-10T18:40:32.025Z,2026-09-10 13:40:32,2026-09-10 20:40:32,"Ruta 2-A: Clásico Diseñada",600,1,,
2026-09-10T18:48:43.150Z,2026-09-10 13:48:43,2026-09-10 20:48:43,"Ruta 1-A: Montaña Machupicchu",50,47,,
2026-09-10T18:48:43.150Z,2026-09-10 13:48:43,2026-09-10 20:48:43,"Ruta 2-A: Clásico Diseñada",600,0,,
2026-09-10T19:04:34.961Z,2026-09-10 14:04:34,2026-09-10 21:04:34,"Ruta 1-A: Montaña Machupicchu",50,47,,
2026-09-10T19:04:34.961Z,2026-09-10 14:04:34,2026-09-10 21:04:34,"Ruta 2-A: Clásico Diseñada",600,0,,
2026-09-10T19:19:25.783Z,2026-09-10 14:19:25,2026-09-10 21:19:25,"Ruta 1-A: Montaña Machupicchu",50,40,,
2026-09-10T19:19:25.783Z,2026-09-10 14:19:25,2026-09-10 21:19:25,"Ruta 2-A: Clásico Diseñada",600,0,,
2026-09-10T19:33:28.516Z,2026-09-10 14:33:28,2026-09-10 21:33:28,"Ruta 1-A: Montaña Machupicchu",50,38,,
2026-09-10T19:33:28.516Z,2026-09-10 14:33:28,2026-09-10 21:33:28,"Ruta 2-A: Clásico Diseñada",600,0,,
2026-09-10T20:05:31.603Z,2026-09-10 15:05:31,2026-09-10 22:05:31,"Ruta 1-A: Montaña Machupicchu",50,36,,
2026-09-10T20:05:31.603Z,2026-09-10 15:05:31,2026-09-10 22:05:31,"Ruta 2-A: Clásico Diseñada",600,0,,
2026-09-10T20:22:58.442Z,2026-09-10 15:22:58,2026-09-10 22:22:58,"Ruta 1-A: Montaña Machupicchu",50,36,,
2026-09-10T20:22:58.442Z,2026-09-10 15:22:58,2026-09-10 22:22:58,"Ruta 2-A: Clásico Diseñada",600,0,,
2026-09-10T20:32:56.328Z,2026-09-10 15:32:56,2026-09-10 22:32:56,"Ruta 1-A: Montaña Machupicchu",50,36,,
2026-09-10T20:32:56.328Z,2026-09-10 15:32:56,2026-09-10 22:32:56,"Ruta 2-A: Clásico Diseñada",600,0,,
2026-09-10T20:47:29.516Z,2026-09-10 15:47:29,2026-09-10 22:47:29,"Ruta 1-A: Montaña Machupicchu",50,27,,
2026-09-10T20:47:29.516Z,2026-09-10 15:47:29,2026-09-10 22:47:29,"Ruta 2-A: Clásico Diseñada",600,0,,
2026-09-10T21:05:11.808Z,2026-09-10 16:05:11,2026-09-10 23:05:11,"Ruta 1-A: Montaña Machupicchu",50,25,,
2026-09-10T21:05:11.808Z,2026-09-10 16:05:11,2026-09-10 23:05:11,"Ruta 2-A: Clásico Diseñada",600,0,,
2026-09-10T21:20:25.893Z,2026-09-10 16:20:25,2026-09-10 23:20:25,"Ruta 1-A: Montaña Machupicchu",50,25,,
2026-09-10T21:20:25.893Z,2026-09-10 16:20:25,2026-09-10 23:20:25,"Ruta 2-A: Clásico Diseñada",600,0,,
2026-09-10T21:33:21.696Z,2026-09-10 16:33:21,2026-09-10 23:33:21,"Ruta 1-A: Montaña Machupicchu",50,23,,
2026-09-10T21:33:21.696Z,2026-09-10 16:33:21,2026-09-10 23:33:21,"Ruta 2-A: Clásico Diseñada",600,0,,
2026-09-10T21:47:38.827Z,2026-09-10 16:47:38,2026-09-10 23:47:38,"Ruta 1-A: Montaña Machupicchu",50,23,,
2026-09-10T21:47:38.827Z,2026-09-10 16:47:38,2026-09-10 23:47:38,"Ruta 2-A: Clásico Diseñada",600,0,,
2026-09-10T22:05:08.834Z,2026-09-10 17:05:08,2026-09-11 00:05:08,"Ruta 1-A: Montaña Machupicchu",50,23,,
2026-09-10T22:05:08.834Z,2026-09-10 17:05:08,2026-09-11 00:05:08,"Ruta 2-A: Clásico Diseñada",600,0,,
2026-09-10T22:21:27.945Z,2026-09-10 17:21:27,2026-09-11 00:21:27,"Ruta 1-A: Montaña Machupicchu",50,23,,
2026-09-10T22:21:27.945Z,2026-09-10 17:21:27,2026-09-11 00:21:27,"Ruta 2-A: Clásico Diseñada",600,0,,
2026-09-10T22:32:57.382Z,2026-09-10 17:32:57,2026-09-11 00:32:57,"Ruta 1-A: Montaña Machupicchu",50,23,,
2026-09-10T22:32:57.382Z,2026-09-10 17:32:57,2026-09-11 00:32:57,"Ruta 2-A: Clásico Diseñada",600,0,,
2026-09-10T22:47:51.886Z,2026-09-10 17:47:51,2026-09-11 00:47:51,"Ruta 1-A: Montaña Machupicchu",50,23,,
2026-09-10T22:47:51.886Z,2026-09-10 17:47:51,2026-09-11 00:47:51,"Ruta 2-A: Clásico Diseñada",600,0,,
2026-09-10T23:04:53.834Z,2026-09-10 18:04:53,2026-09-11 01:04:53,"Ruta 1-A: Montaña Machupicchu",50,22,,
2026-09-10T23:04:53.834Z,2026-09-10 18:04:53,2026-09-11 01:04:53,"Ruta 2-A: Clásico Diseñada",600,0,,
2026-09-10T23:20:24.109Z,2026-09-10 18:20:24,2026-09-11 01:20:24,"Ruta 1-A: Montaña Machupicchu",50,22,,
2026-09-10T23:20:24.109Z,2026-09-10 18:20:24,2026-09-11 01:20:24,"Ruta 2-A: Clásico Diseñada",600,0,,
2026-09-10T23:33:24.305Z,2026-09-10 18:33:24,2026-09-11 01:33:24,"Ruta 1-A: Montaña Machupicchu",50,21,,
2026-09-10T23:33:24.305Z,2026-09-10 18:33:24,2026-09-11 01:33:24,"Ruta 2-A: Clásico Diseñada",600,0,,
2026-09-10T23:47:40.653Z,2026-09-10 18:47:40,2026-09-11 01:47:40,"Ruta 1-A: Montaña Machupicchu",50,21,,
2026-09-10T23:47:40.653Z,2026-09-10 18:47:40,2026-09-11 01:47:40,"Ruta 2-A: Clásico Diseñada",600,0,,
2026-09-11T00:14:49.787Z,2026-09-10 19:14:49,2026-09-11 02:14:49,"Ruta 1-A: Montaña Machupicchu",50,50,,
2026-09-11T00:14:49.787Z,2026-09-10 19:14:49,2026-09-11 02:14:49,"Ruta 2-A: Clásico Diseñada",600,600,,
2026-09-11T00:59:45.131Z,2026-09-10 19:59:45,2026-09-11 02:59:45,"Ruta 1-A: Montaña Machupicchu",50,50,,
2026-09-11T00:59:45.131Z,2026-09-10 19:59:45,2026-09-11 02:59:45,"Ruta 2-A: Clásico Diseñada",600,600,,
2026-09-11T01:46:17.508Z,2026-09-10 20:46:17,2026-09-11 03:46:17,"Ruta 1-A: Montaña Machupicchu",50,50,,
2026-09-11T01:46:17.508Z,2026-09-10 20:46:17,2026-09-11 03:46:17,"Ruta 2-A: Clásico Diseñada",600,600,,
2026-09-11T02:08:06.732Z,2026-09-10 21:08:06,2026-09-11 04:08:06,"Ruta 1-A: Montaña Machupicchu",50,50,,
2026-09-11T02:08:06.732Z,2026-09-10 21:08:06,2026-09-11 04:08:06,"Ruta 2-A: Clásico Diseñada",600,600,,
2026-09-11T02:33:35.450Z,2026-09-10 21:33:35,2026-09-11 04:33:35,"Ruta 1-A: Montaña Machupicchu",50,50,,
2026-09-11T02:33:35.450Z,2026-09-10 21:33:35,2026-09-11 04:33:35,"Ruta 2-A: Clásico Diseñada",600,600,,
2026-09-11T03:43:19.330Z,2026-09-10 22:43:19,2026-09-11 05:43:19,"Ruta 1-A: Montaña Machupicchu",50,50,,
2026-09-11T03:43:19.330Z,2026-09-10 22:43:19,2026-09-11 05:43:19,"Ruta 2-A: Clásico Diseñada",600,600,,
2026-09-11T03:50:55.331Z,2026-09-10 22:50:55,2026-09-11 05:50:55,"Ruta 1-A: Montaña Machupicchu",50,50,,
2026-09-11T03:50:55.331Z,2026-09-10 22:50:55,2026-09-11 05:50:55,"Ruta 2-A: Clásico Diseñada",600,600,,
2026-09-11T04:07:07.667Z,2026-09-10 23:07:07,2026-09-11 06:07:07,"Ruta 1-A: Montaña Machupicchu",50,50,,
2026-09-11T04:07:07.667Z,2026-09-10 23:07:07,2026-09-11 06:07:07,"Ruta 2-A: Clásico Diseñada",600,600,,
2026-09-11T04:29:11.722Z,2026-09-10 23:29:11,2026-09-11 06:29:11,"Ruta 1-A: Montaña Machupicchu",50,50,,
2026-09-11T04:29:11.722Z,2026-09-10 23:29:11,2026-09-11 06:29:11,"Ruta 2-A: Clásico Diseñada",600,600,,
2026-09-11T04:43:32.020Z,2026-09-10 23:43:32,2026-09-11 06:43:32,"Ruta 1-A: Montaña Machupicchu",50,50,,
2026-09-11T04:43:32.020Z,2026-09-10 23:43:32,2026-09-11 06:43:32,"Ruta 2-A: Clásico Diseñada",600,600,,
2026-09-11T04:50:36.712Z,2026-09-10 23:50:36,2026-09-11 06:50:36,"Ruta 1-A: Montaña Machupicchu",50,50,,
2026-09-11T04:50:36.712Z,2026-09-10 23:50:36,2026-09-11 06:50:36,"Ruta 2-A: Clásico Diseñada",600,600,,
2026-09-11T05:24:42.695Z,2026-09-11 00:24:42,2026-09-11 07:24:42,"Ruta 1-A: Montaña Machupicchu",50,50,,
2026-09-11T05:24:42.695Z,2026-09-11 00:24:42,2026-09-11 07:24:42,"Ruta 2-A: Clásico Diseñada",600,600,,
2026-09-11T05:34:57.890Z,2026-09-11 00:34:57,2026-09-11 07:34:57,"Ruta 1-A: Montaña Machupicchu",50,50,,
2026-09-11T05:34:57.890Z,2026-09-11 00:34:57,2026-09-11 07:34:57,"Ruta 2-A: Clásico Diseñada",600,600,,
2026-09-11T05:47:36.517Z,2026-09-11 00:47:36,2026-09-11 07:47:36,"Ruta 1-A: Montaña Machupicchu",50,50,,
2026-09-11T05:47:36.517Z,2026-09-11 00:47:36,2026-09-11 07:47:36,"Ruta 2-A: Clásico Diseñada",600,600,,
2026-09-11T06:09:17.546Z,2026-09-11 01:09:17,2026-09-11 08:09:17,"Ruta 1-A: Montaña Machupicchu",50,50,,
2026-09-11T06:09:17.546Z,2026-09-11 01:09:17,2026-09-11 08:09:17,"Ruta 2-A: Clásico Diseñada",600,600,,
2026-09-11T06:38:17.135Z,2026-09-11 01:38:17,2026-09-11 08:38:17,"Ruta 1-A: Montaña Machupicchu",50,50,,
2026-09-11T06:38:17.135Z,2026-09-11 01:38:17,2026-09-11 08:38:17,"Ruta 2-A: Clásico Diseñada",600,600,,
2026-09-11T06:57:06.202Z,2026-09-11 01:57:06,2026-09-11 08:57:06,"Ruta 1-A: Montaña Machupicchu",50,50,,
2026-09-11T06:57:06.202Z,2026-09-11 01:57:06,2026-09-11 08:57:06,"Ruta 2-A: Clásico Diseñada",600,600,,
2026-09-11T07:12:56.644Z,2026-09-11 02:12:56,2026-09-11 09:12:56,"Ruta 1-A: Montaña Machupicchu",50,50,,
2026-09-11T07:12:56.644Z,2026-09-11 02:12:56,2026-09-11 09:12:56,"Ruta 2-A: Clásico Diseñada",600,600,,
2026-09-11T07:28:35.689Z,2026-09-11 02:28:35,2026-09-11 09:28:35,"Ruta 1-A: Montaña Machupicchu",50,50,,
2026-09-11T07:28:35.689Z,2026-09-11 02:28:35,2026-09-11 09:28:35,"Ruta 2-A: Clásico Diseñada",600,600,,
2026-09-11T07:41:35.772Z,2026-09-11 02:41:35,2026-09-11 09:41:35,"Ruta 1-A: Montaña Machupicchu",50,50,,
2026-09-11T07:41:35.772Z,2026-09-11 02:41:35,2026-09-11 09:41:35,"Ruta 2-A: Clásico Diseñada",600,600,,
2026-09-11T07:48:26.272Z,2026-09-11 02:48:26,2026-09-11 09:48:26,"Ruta 1-A: Montaña Machupicchu",50,50,,
2026-09-11T07:48:26.272Z,2026-09-11 02:48:26,2026-09-11 09:48:26,"Ruta 2-A: Clásico Diseñada",600,600,,
2026-09-11T08:08:17.720Z,2026-09-11 03:08:17,2026-09-11 10:08:17,"Ruta 1-A: Montaña Machupicchu",50,50,,
2026-09-11T08:08:17.720Z,2026-09-11 03:08:17,2026-09-11 10:08:17,"Ruta 2-A: Clásico Diseñada",600,600,,
2026-09-11T08:31:55.676Z,2026-09-11 03:31:55,2026-09-11 10:31:55,"Ruta 1-A: Montaña Machupicchu",50,50,,
2026-09-11T08:31:55.676Z,2026-09-11 03:31:55,2026-09-11 10:31:55,"Ruta 2-A: Clásico Diseñada",600,600,,
2026-09-11T08:50:33.566Z,2026-09-11 03:50:33,2026-09-11 10:50:33,"Ruta 1-A: Montaña Machupicchu",50,50,,
2026-09-11T08:50:33.566Z,2026-09-11 03:50:33,2026-09-11 10:50:33,"Ruta 2-A: Clásico Diseñada",600,600,,
2026-09-11T09:06:22.488Z,2026-09-11 04:06:22,2026-09-11 11:06:22,"Ruta 1-A: Montaña Machupicchu",50,50,,
2026-09-11T09:06:22.488Z,2026-09-11 04:06:22,2026-09-11 11:06:22,"Ruta 2-A: Clásico Diseñada",600,600,,
2026-09-11T09:26:59.988Z,2026-09-11 04:26:59,2026-09-11 11:26:59,"Ruta 1-A: Montaña Machupicchu",50,50,,
2026-09-11T09:26:59.988Z,2026-09-11 04:26:59,2026-09-11 11:26:59,"Ruta 2-A: Clásico Diseñada",600,600,,
2026-09-11T09:37:52.024Z,2026-09-11 04:37:52,2026-09-11 11:37:52,"Ruta 1-A: Montaña Machupicchu",50,50,,
2026-09-11T09:37:52.024Z,2026-09-11 04:37:52,2026-09-11 11:37:52,"Ruta 2-A: Clásico Diseñada",600,600,,
2026-09-11T09:47:29.473Z,2026-09-11 04:47:29,2026-09-11 11:47:29,"Ruta 1-A: Montaña Machupicchu",50,50,,
2026-09-11T09:47:29.473Z,2026-09-11 04:47:29,2026-09-11 11:47:29,"Ruta 2-A: Clásico Diseñada",600,600,,
2026-09-11T10:06:08.862Z,2026-09-11 05:06:08,2026-09-11 12:06:08,"Ruta 1-A: Montaña Machupicchu",50,50,,
2026-09-11T10:06:08.862Z,2026-09-11 05:06:08,2026-09-11 12:06:08,"Ruta 2-A: Clásico Diseñada",600,600,,
2026-09-11T10:25:29.072Z,2026-09-11 05:25:29,2026-09-11 12:25:29,"Ruta 1-A: Montaña Machupicchu",50,50,,
2026-09-11T10:25:29.072Z,2026-09-11 05:25:29,2026-09-11 12:25:29,"Ruta 2-A: Clásico Diseñada",600,600,,
2026-09-11T10:35:19.238Z,2026-09-11 05:35:19,2026-09-11 12:35:19,"Ruta 1-A: Montaña Machupicchu",50,50,,
2026-09-11T10:35:19.238Z,2026-09-11 05:35:19,2026-09-11 12:35:19,"Ruta 2-A: Clásico Diseñada",600,600,,
2026-09-11T10:47:25.297Z,2026-09-11 05:47:25,2026-09-11 12:47:25,"Ruta 1-A: Montaña Machupicchu",50,50,,
2026-09-11T10:47:25.297Z,2026-09-11 05:47:25,2026-09-11 12:47:25,"Ruta 2-A: Clásico Diseñada",600,600,,
2026-09-11T11:05:26.706Z,2026-09-11 06:05:26,2026-09-11 13:05:26,"Ruta 1-A: Montaña Machupicchu",50,50,,
2026-09-11T11:05:26.706Z,2026-09-11 06:05:26,2026-09-11 13:05:26,"Ruta 2-A: Clásico Diseñada",600,598,,
2026-09-11T11:22:55.189Z,2026-09-11 06:22:55,2026-09-11 13:22:55,"Ruta 1-A: Montaña Machupicchu",50,50,,
2026-09-11T11:22:55.189Z,2026-09-11 06:22:55,2026-09-11 13:22:55,"Ruta 2-A: Clásico Diseñada",600,568,,
2026-09-11T11:33:05.578Z,2026-09-11 06:33:05,2026-09-11 13:33:05,"Ruta 1-A: Montaña Machupicchu",50,50,,
2026-09-11T11:33:05.578Z,2026-09-11 06:33:05,2026-09-11 13:33:05,"Ruta 2-A: Clásico Diseñada",600,528,,
2026-09-11T11:47:48.781Z,2026-09-11 06:47:48,2026-09-11 13:47:48,"Ruta 1-A: Montaña Machupicchu",50,50,,
2026-09-11T11:47:48.781Z,2026-09-11 06:47:48,2026-09-11 13:47:48,"Ruta 2-A: Clásico Diseñada",600,483,,
2026-09-11T12:08:48.297Z,2026-09-11 07:08:48,2026-09-11 14:08:48,"Ruta 1-A: Montaña Machupicchu",50,50,,
2026-09-11T12:08:48.297Z,2026-09-11 07:08:48,2026-09-11 14:08:48,"Ruta 2-A: Clásico Diseñada",600,410,,
2026-09-11T12:35:03.592Z,2026-09-11 07:35:03,2026-09-11 14:35:03,"Ruta 1-A: Montaña Machupicchu",50,47,,
2026-09-11T12:35:03.592Z,2026-09-11 07:35:03,2026-09-11 14:35:03,"Ruta 2-A: Clásico Diseñada",600,355,,
2026-09-11T12:53:06.300Z,2026-09-11 07:53:06,2026-09-11 14:53:06,"Ruta 1-A: Montaña Machupicchu",50,47,,
2026-09-11T12:53:06.300Z,2026-09-11 07:53:06,2026-09-11 14:53:06,"Ruta 2-A: Clásico Diseñada",600,302,,
2026-09-11T13:05:46.869Z,2026-09-11 08:05:46,2026-09-11 15:05:46,"Ruta 1-A: Montaña Machupicchu",50,47,,
2026-09-11T13:05:46.869Z,2026-09-11 08:05:46,2026-09-11 15:05:46,"Ruta 2-A: Clásico Diseñada",600,265,,
2026-09-11T13:35:05.014Z,2026-09-11 08:35:05,2026-09-11 15:35:05,"Ruta 1-A: Montaña Machupicchu",50,47,,
2026-09-11T13:35:05.014Z,2026-09-11 08:35:05,2026-09-11 15:35:05,"Ruta 2-A: Clásico Diseñada",600,217,,
2026-09-11T13:47:38.724Z,2026-09-11 08:47:38,2026-09-11 15:47:38,"Ruta 1-A: Montaña Machupicchu",50,47,,
2026-09-11T13:47:38.724Z,2026-09-11 08:47:38,2026-09-11 15:47:38,"Ruta 2-A: Clásico Diseñada",600,193,,
2026-09-11T14:06:08.629Z,2026-09-11 09:06:08,2026-09-11 16:06:08,"Ruta 1-A: Montaña Machupicchu",50,45,,
2026-09-11T14:06:08.629Z,2026-09-11 09:06:08,2026-09-11 16:06:08,"Ruta 2-A: Clásico Diseñada",600,154,,
2026-09-11T14:26:16.415Z,2026-09-11 09:26:16,2026-09-11 16:26:16,"Ruta 1-A: Montaña Machupicchu",50,45,,
2026-09-11T14:26:16.415Z,2026-09-11 09:26:16,2026-09-11 16:26:16,"Ruta 2-A: Clásico Diseñada",600,143,,
2026-09-11T14:36:46.276Z,2026-09-11 09:36:46,2026-09-11 16:36:46,"Ruta 1-A: Montaña Machupicchu",50,45,,
2026-09-11T14:36:46.276Z,2026-09-11 09:36:46,2026-09-11 16:36:46,"Ruta 2-A: Clásico Diseñada",600,133,,
2026-09-11T14:47:40.458Z,2026-09-11 09:47:40,2026-09-11 16:47:40,"Ruta 1-A: Montaña Machupicchu",50,45,,
2026-09-11T14:47:40.458Z,2026-09-11 09:47:40,2026-09-11 16:47:40,"Ruta 2-A: Clásico Diseñada",600,117,,
2026-09-11T15:06:15.861Z,2026-09-11 10:06:15,2026-09-11 17:06:15,"Ruta 1-A: Montaña Machupicchu",50,45,,
2026-09-11T15:06:15.861Z,2026-09-11 10:06:15,2026-09-11 17:06:15,"Ruta 2-A: Clásico Diseñada",600,74,,
2026-09-11T15:23:56.665Z,2026-09-11 10:23:56,2026-09-11 17:23:56,"Ruta 1-A: Montaña Machupicchu",50,45,,
2026-09-11T15:23:56.665Z,2026-09-11 10:23:56,2026-09-11 17:23:56,"Ruta 2-A: Clásico Diseñada",600,67,,
2026-09-11T15:34:26.352Z,2026-09-11 10:34:26,2026-09-11 17:34:26,"Ruta 1-A: Montaña Machupicchu",50,45,,
2026-09-11T15:34:26.352Z,2026-09-11 10:34:26,2026-09-11 17:34:26,"Ruta 2-A: Clásico Diseñada",600,67,,
2026-09-11T15:48:17.004Z,2026-09-11 10:48:17,2026-09-11 17:48:17,"Ruta 1-A: Montaña Machupicchu",50,45,,
2026-09-11T15:48:17.004Z,2026-09-11 10:48:17,2026-09-11 17:48:17,"Ruta 2-A: Clásico Diseñada",600,65,,
2026-09-11T16:06:37.930Z,2026-09-11 11:06:37,2026-09-11 18:06:37,"Ruta 1-A: Montaña Machupicchu",50,44,,
2026-09-11T16:06:37.930Z,2026-09-11 11:06:37,2026-09-11 18:06:37,"Ruta 2-A: Clásico Diseñada",600,54,,
2026-09-11T16:26:39.169Z,2026-09-11 11:26:39,2026-09-11 18:26:39,"Ruta 1-A: Montaña Machupicchu",50,42,,
2026-09-11T16:26:39.169Z,2026-09-11 11:26:39,2026-09-11 18:26:39,"Ruta 2-A: Clásico Diseñada",600,46,,
2026-09-11T16:37:06.252Z,2026-09-11 11:37:06,2026-09-11 18:37:06,"Ruta 1-A: Montaña Machupicchu",50,42,,
2026-09-11T16:37:06.252Z,2026-09-11 11:37:06,2026-09-11 18:37:06,"Ruta 2-A: Clásico Diseñada",600,46,,
2026-09-11T16:47:52.628Z,2026-09-11 11:47:52,2026-09-11 18:47:52,"Ruta 1-A: Montaña Machupicchu",50,42,,
2026-09-11T16:47:52.628Z,2026-09-11 11:47:52,2026-09-11 18:47:52,"Ruta 2-A: Clásico Diseñada",600,45,,
2026-09-11T17:22:09.245Z,2026-09-11 12:22:09,2026-09-11 19:22:09,"Ruta 1-A: Montaña Machupicchu",50,42,,
2026-09-11T17:22:09.245Z,2026-09-11 12:22:09,2026-09-11 19:22:09,"Ruta 2-A: Clásico Diseñada",600,26,,
2026-09-11T17:33:03.373Z,2026-09-11 12:33:03,2026-09-11 19:33:03,"Ruta 1-A: Montaña Machupicchu",50,42,,
2026-09-11T17:33:03.373Z,2026-09-11 12:33:03,2026-09-11 19:33:03,"Ruta 2-A: Clásico Diseñada",600,0,,
2026-09-11T17:47:37.215Z,2026-09-11 12:47:37,2026-09-11 19:47:37,"Ruta 1-A: Montaña Machupicchu",50,42,,
2026-09-11T17:47:37.215Z,2026-09-11 12:47:37,2026-09-11 19:47:37,"Ruta 2-A: Clásico Diseñada",600,0,,
2026-09-11T18:06:21.381Z,2026-09-11 13:06:21,2026-09-11 20:06:21,"Ruta 1-A: Montaña Machupicchu",50,41,,
2026-09-11T18:06:21.381Z,2026-09-11 13:06:21,2026-09-11 20:06:21,"Ruta 2-A: Clásico Diseñada",600,0,,
2026-09-11T18:28:54.938Z,2026-09-11 13:28:54,2026-09-11 20:28:54,"Ruta 1-A: Montaña Machupicchu",50,41,,
2026-09-11T18:28:54.938Z,2026-09-11 13:28:54,2026-09-11 20:28:54,"Ruta 2-A: Clásico Diseñada",600,0,,
2026-09-11T18:42:37.051Z,2026-09-11 13:42:37,2026-09-11 20:42:37,"Ruta 1-A: Montaña Machupicchu",50,41,,
2026-09-11T18:42:37.051Z,2026-09-11 13:42:37,2026-09-11 20:42:37,"Ruta 2-A: Clásico Diseñada",600,0,,
2026-09-11T18:49:05.909Z,2026-09-11 13:49:05,2026-09-11 20:49:05,"Ruta 1-A: Montaña Machupicchu",50,41,,
2026-09-11T18:49:05.909Z,2026-09-11 13:49:05,2026-09-11 20:49:05,"Ruta 2-A: Clásico Diseñada",600,0,,
2026-09-11T19:04:52.345Z,2026-09-11 14:04:52,2026-09-11 21:04:52,"Ruta 1-A: Montaña Machupicchu",50,40,,
2026-09-11T19:04:52.345Z,2026-09-11 14:04:52,2026-09-11 21:04:52,"Ruta 2-A: Clásico Diseñada",600,0,,
2026-09-11T19:20:59.739Z,2026-09-11 14:20:59,2026-09-11 21:20:59,"Ruta 1-A: Montaña Machupicchu",50,34,,
2026-09-11T19:20:59.739Z,2026-09-11 14:20:59,2026-09-11 21:20:59,"Ruta 2-A: Clásico Diseñada",600,0,,
2026-09-11T19:32:57.355Z,2026-09-11 14:32:57,2026-09-11 21:32:57,"Ruta 1-A: Montaña Machupicchu",50,27,,
2026-09-11T19:32:57.355Z,2026-09-11 14:32:57,2026-09-11 21:32:57,"Ruta 2-A: Clásico Diseñada",600,0,,
2026-09-11T20:05:30.918Z,2026-09-11 15:05:30,2026-09-11 22:05:30,"Ruta 1-A: Montaña Machupicchu",50,26,,
2026-09-11T20:05:30.918Z,2026-09-11 15:05:30,2026-09-11 22:05:30,"Ruta 2-A: Clásico Diseñada",600,0,,
2026-09-11T20:24:37.925Z,2026-09-11 15:24:37,2026-09-11 22:24:37,"Ruta 1-A: Montaña Machupicchu",50,23,,
2026-09-11T20:24:37.925Z,2026-09-11 15:24:37,2026-09-11 22:24:37,"Ruta 2-A: Clásico Diseñada",600,0,,
2026-09-11T20:34:21.459Z,2026-09-11 15:34:21,2026-09-11 22:34:21,"Ruta 1-A: Montaña Machupicchu",50,17,,
2026-09-11T20:34:21.459Z,2026-09-11 15:34:21,2026-09-11 22:34:21,"Ruta 2-A: Clásico Diseñada",600,0,,
2026-09-11T20:47:47.259Z,2026-09-11 15:47:47,2026-09-11 22:47:47,"Ruta 1-A: Montaña Machupicchu",50,13,,
2026-09-11T20:47:47.259Z,2026-09-11 15:47:47,2026-09-11 22:47:47,"Ruta 2-A: Clásico Diseñada",600,0,,
2026-09-11T21:05:19.791Z,2026-09-11 16:05:19,2026-09-11 23:05:19,"Ruta 1-A: Montaña Machupicchu",50,13,,
2026-09-11T21:05:19.791Z,2026-09-11 16:05:19,2026-09-11 23:05:19,"Ruta 2-A: Clásico Diseñada",600,0,,
2026-09-11T21:21:28.981Z,2026-09-11 16:21:28,2026-09-11 23:21:28,"Ruta 1-A: Montaña Machupicchu",50,1,,
2026-09-11T21:21:28.981Z,2026-09-11 16:21:28,2026-09-11 23:21:28,"Ruta 2-A: Clásico Diseñada",600,0,,
2026-09-11T21:32:56.322Z,2026-09-11 16:32:56,2026-09-11 23:32:56,"Ruta 1-A: Montaña Machupicchu",50,0,,
2026-09-11T21:32:56.322Z,2026-09-11 16:32:56,2026-09-11 23:32:56,"Ruta 2-A: Clásico Diseñada",600,0,,
2026-09-11T21:47:28.305Z,2026-09-11 16:47:28,2026-09-11 23:47:28,"Ruta 1-A: Montaña Machupicchu",50,0,,
2026-09-11T21:47:28.305Z,2026-09-11 16:47:28,2026-09-11 23:47:28,"Ruta 2-A: Clásico Diseñada",600,0,,
2026-09-11T22:05:18.947Z,2026-09-11 17:05:18,2026-09-12 00:05:18,"Ruta 1-A: Montaña Machupicchu",50,0,,
2026-09-11T22:05:18.947Z,2026-09-11 17:05:18,2026-09-12 00:05:18,"Ruta 2-A: Clásico Diseñada",600,0,,
2026-09-11T22:32:44.497Z,2026-09-11 17:32:44,2026-09-12 00:32:44,"Ruta 1-A: Montaña Machupicchu",50,0,,
2026-09-11T22:32:44.497Z,2026-09-11 17:32:44,2026-09-12 00:32:44,"Ruta 2-A: Clásico Diseñada",600,0,,
2026-09-11T22:47:49.871Z,2026-09-11 17:47:49,2026-09-12 00:47:49,"Ruta 1-A: Montaña Machupicchu",50,0,,
2026-09-11T22:47:49.871Z,2026-09-11 17:47:49,2026-09-12 00:47:49,"Ruta 2-A: Clásico Diseñada",600,0,,
2026-09-11T23:05:18.070Z,2026-09-11 18:05:18,2026-09-12 01:05:18,"Ruta 1-A: Montaña Machupicchu",50,0,,
2026-09-11T23:05:18.070Z,2026-09-11 18:05:18,2026-09-12 01:05:18,"Ruta 2-A: Clásico Diseñada",600,0,,
2026-09-11T23:21:30.460Z,2026-09-11 18:21:30,2026-09-12 01:21:30,"Ruta 1-A: Montaña Machupicchu",50,0,,
2026-09-11T23:21:30.460Z,2026-09-11 18:21:30,2026-09-12 01:21:30,"Ruta 2-A: Clásico Diseñada",600,0,,
2026-09-11T23:32:57.980Z,2026-09-11 18:32:57,2026-09-12 01:32:57,"Ruta 1-A: Montaña Machupicchu",50,0,,
2026-09-11T23:32:57.980Z,2026-09-11 18:32:57,2026-09-12 01:32:57,"Ruta 2-A: Clásico Diseñada",600,0,,
2026-09-11T23:47:36.212Z,2026-09-11 18:47:36,2026-09-12 01:47:36,"Ruta 1-A: Montaña Machupicchu",50,0,,
2026-09-11T23:47:36.212Z,2026-09-11 18:47:36,2026-09-12 01:47:36,"Ruta 2-A: Clásico Diseñada",600,0,,
2026-09-12T00:13:44.769Z,2026-09-11 19:13:44,2026-09-12 02:13:44,"Ruta 1-A: Montaña Machupicchu",50,50,,
2026-09-12T00:13:44.769Z,2026-09-11 19:13:44,2026-09-12 02:13:44,"Ruta 2-A: Clásico Diseñada",600,600,,
2026-09-12T01:23:25.537Z,2026-09-11 20:23:25,2026-09-12 03:23:25,"Ruta 1-A: Montaña Machupicchu",50,50,,
2026-09-12T01:23:25.537Z,2026-09-11 20:23:25,2026-09-12 03:23:25,"Ruta 2-A: Clásico Diseñada",600,600,,
2026-09-12T01:37:48.033Z,2026-09-11 20:37:48,2026-09-12 03:37:48,"Ruta 1-A: Montaña Machupicchu",50,50,,
2026-09-12T01:37:48.033Z,2026-09-11 20:37:48,2026-09-12 03:37:48,"Ruta 2-A: Clásico Diseñada",600,600,,
2026-09-12T02:08:19.021Z,2026-09-11 21:08:19,2026-09-12 04:08:19,"Ruta 1-A: Montaña Machupicchu",50,50,,
2026-09-12T02:08:19.021Z,2026-09-11 21:08:19,2026-09-12 04:08:19,"Ruta 2-A: Clásico Diseñada",600,600,,
2026-09-12T02:32:08.719Z,2026-09-11 21:32:08,2026-09-12 04:32:08,"Ruta 1-A: Montaña Machupicchu",50,50,,
2026-09-12T02:32:08.719Z,2026-09-11 21:32:08,2026-09-12 04:32:08,"Ruta 2-A: Clásico Diseñada",600,600,,
2026-09-12T02:50:12.825Z,2026-09-11 21:50:12,2026-09-12 04:50:12,"Ruta 1-A: Montaña Machupicchu",50,50,,
2026-09-12T02:50:12.825Z,2026-09-11 21:50:12,2026-09-12 04:50:12,"Ruta 2-A: Clásico Diseñada",600,600,,
2026-09-12T03:06:34.266Z,2026-09-11 22:06:34,2026-09-12 05:06:34,"Ruta 1-A: Montaña Machupicchu",50,50,,
2026-09-12T03:06:34.266Z,2026-09-11 22:06:34,2026-09-12 05:06:34,"Ruta 2-A: Clásico Diseñada",600,600,,
2026-09-12T03:27:10.729Z,2026-09-11 22:27:10,2026-09-12 05:27:10,"Ruta 1-A: Montaña Machupicchu",50,50,,
2026-09-12T03:27:10.729Z,2026-09-11 22:27:10,2026-09-12 05:27:10,"Ruta 2-A: Clásico Diseñada",600,600,,
2026-09-12T03:39:35.812Z,2026-09-11 22:39:35,2026-09-12 05:39:35,"Ruta 1-A: Montaña Machupicchu",50,50,,
2026-09-12T03:39:35.812Z,2026-09-11 22:39:35,2026-09-12 05:39:35,"Ruta 2-A: Clásico Diseñada",600,600,,
2026-09-12T03:48:13.860Z,2026-09-11 22:48:13,2026-09-12 05:48:13,"Ruta 1-A: Montaña Machupicchu",50,50,,
2026-09-12T03:48:13.860Z,2026-09-11 22:48:13,2026-09-12 05:48:13,"Ruta 2-A: Clásico Diseñada",600,600,,
2026-09-12T04:27:01.283Z,2026-09-11 23:27:01,2026-09-12 06:27:01,"Ruta 1-A: Montaña Machupicchu",50,50,,
2026-09-12T04:27:01.283Z,2026-09-11 23:27:01,2026-09-12 06:27:01,"Ruta 2-A: Clásico Diseñada",600,600,,
2026-09-12T04:38:06.533Z,2026-09-11 23:38:06,2026-09-12 06:38:06,"Ruta 1-A: Montaña Machupicchu",50,50,,
2026-09-12T04:38:06.533Z,2026-09-11 23:38:06,2026-09-12 06:38:06,"Ruta 2-A: Clásico Diseñada",600,600,,
2026-09-12T04:48:34.961Z,2026-09-11 23:48:34,2026-09-12 06:48:34,"Ruta 1-A: Montaña Machupicchu",50,50,,
2026-09-12T04:48:34.961Z,2026-09-11 23:48:34,2026-09-12 06:48:34,"Ruta 2-A: Clásico Diseñada",600,600,,
2026-09-12T05:05:35.422Z,2026-09-12 00:05:35,2026-09-12 07:05:35,"Ruta 1-A: Montaña Machupicchu",50,50,,
2026-09-12T05:05:35.422Z,2026-09-12 00:05:35,2026-09-12 07:05:35,"Ruta 2-A: Clásico Diseñada",600,600,,
2026-09-12T05:23:23.205Z,2026-09-12 00:23:23,2026-09-12 07:23:23,"Ruta 1-A: Montaña Machupicchu",50,50,,
2026-09-12T05:23:23.205Z,2026-09-12 00:23:23,2026-09-12 07:23:23,"Ruta 2-A: Clásico Diseñada",600,600,,
2026-09-12T05:34:02.173Z,2026-09-12 00:34:02,2026-09-12 07:34:02,"Ruta 1-A: Montaña Machupicchu",50,50,,
2026-09-12T05:34:02.173Z,2026-09-12 00:34:02,2026-09-12 07:34:02,"Ruta 2-A: Clásico Diseñada",600,600,,
2026-09-12T05:47:46.259Z,2026-09-12 00:47:46,2026-09-12 07:47:46,"Ruta 1-A: Montaña Machupicchu",50,50,,
2026-09-12T05:47:46.259Z,2026-09-12 00:47:46,2026-09-12 07:47:46,"Ruta 2-A: Clásico Diseñada",600,600,,
2026-09-12T06:08:33.133Z,2026-09-12 01:08:33,2026-09-12 08:08:33,"Ruta 1-A: Montaña Machupicchu",50,50,,
2026-09-12T06:08:33.133Z,2026-09-12 01:08:33,2026-09-12 08:08:33,"Ruta 2-A: Clásico Diseñada",600,600,,
2026-09-12T06:34:57.537Z,2026-09-12 01:34:57,2026-09-12 08:34:57,"Ruta 1-A: Montaña Machupicchu",50,50,,
2026-09-12T06:34:57.537Z,2026-09-12 01:34:57,2026-09-12 08:34:57,"Ruta 2-A: Clásico Diseñada",600,600,,
2026-09-12T06:53:23.970Z,2026-09-12 01:53:23,2026-09-12 08:53:23,"Ruta 1-A: Montaña Machupicchu",50,50,,
2026-09-12T06:53:23.970Z,2026-09-12 01:53:23,2026-09-12 08:53:23,"Ruta 2-A: Clásico Diseñada",600,600,,
2026-09-12T07:05:36.800Z,2026-09-12 02:05:36,2026-09-12 09:05:36,"Ruta 1-A: Montaña Machupicchu",50,50,,
2026-09-12T07:05:36.800Z,2026-09-12 02:05:36,2026-09-12 09:05:36,"Ruta 2-A: Clásico Diseñada",600,600,,
2026-09-12T07:33:29.206Z,2026-09-12 02:33:29,2026-09-12 09:33:29,"Ruta 1-A: Montaña Machupicchu",50,50,,
2026-09-12T07:33:29.206Z,2026-09-12 02:33:29,2026-09-12 09:33:29,"Ruta 2-A: Clásico Diseñada",600,600,,
2026-09-12T07:47:47.873Z,2026-09-12 02:47:47,2026-09-12 09:47:47,"Ruta 1-A: Montaña Machupicchu",50,50,,
2026-09-12T07:47:47.873Z,2026-09-12 02:47:47,2026-09-12 09:47:47,"Ruta 2-A: Clásico Diseñada",600,600,,
2026-09-12T08:06:54.944Z,2026-09-12 03:06:54,2026-09-12 10:06:54,"Ruta 1-A: Montaña Machupicchu",50,50,,
2026-09-12T08:06:54.944Z,2026-09-12 03:06:54,2026-09-12 10:06:54,"Ruta 2-A: Clásico Diseñada",600,600,,
2026-09-12T08:28:19.709Z,2026-09-12 03:28:19,2026-09-12 10:28:19,"Ruta 1-A: Montaña Machupicchu",50,50,,
2026-09-12T08:28:19.709Z,2026-09-12 03:28:19,2026-09-12 10:28:19,"Ruta 2-A: Clásico Diseñada",600,600,,
2026-09-12T08:41:31.939Z,2026-09-12 03:41:31,2026-09-12 10:41:31,"Ruta 1-A: Montaña Machupicchu",50,50,,
2026-09-12T08:41:31.939Z,2026-09-12 03:41:31,2026-09-12 10:41:31,"Ruta 2-A: Clásico Diseñada",600,600,,
2026-09-12T08:48:32.703Z,2026-09-12 03:48:32,2026-09-12 10:48:32,"Ruta 1-A: Montaña Machupicchu",50,50,,
2026-09-12T08:48:32.703Z,2026-09-12 03:48:32,2026-09-12 10:48:32,"Ruta 2-A: Clásico Diseñada",600,600,,
2026-09-12T09:05:50.567Z,2026-09-12 04:05:50,2026-09-12 11:05:50,"Ruta 1-A: Montaña Machupicchu",50,50,,
2026-09-12T09:05:50.567Z,2026-09-12 04:05:50,2026-09-12 11:05:50,"Ruta 2-A: Clásico Diseñada",600,600,,
2026-09-12T09:23:40.263Z,2026-09-12 04:23:40,2026-09-12 11:23:40,"Ruta 1-A: Montaña Machupicchu",50,50,,
2026-09-12T09:23:40.263Z,2026-09-12 04:23:40,2026-09-12 11:23:40,"Ruta 2-A: Clásico Diseñada",600,600,,
2026-09-12T09:33:26.962Z,2026-09-12 04:33:26,2026-09-12 11:33:26,"Ruta 1-A: Montaña Machupicchu",50,50,,
2026-09-12T09:33:26.962Z,2026-09-12 04:33:26,2026-09-12 11:33:26,"Ruta 2-A: Clásico Diseñada",600,600,,
2026-09-12T10:05:12.991Z,2026-09-12 05:05:12,2026-09-12 12:05:12,"Ruta 1-A: Montaña Machupicchu",50,50,,
2026-09-12T10:05:12.991Z,2026-09-12 05:05:12,2026-09-12 12:05:12,"Ruta 2-A: Clásico Diseñada",600,600,,
2026-09-12T10:21:58.979Z,2026-09-12 05:21:58,2026-09-12 12:21:58,"Ruta 1-A: Montaña Machupicchu",50,50,,
2026-09-12T10:21:58.979Z,2026-09-12 05:21:58,2026-09-12 12:21:58,"Ruta 2-A: Clásico Diseñada",600,600,,
2026-09-12T10:32:45.547Z,2026-09-12 05:32:45,2026-09-12 12:32:45,"Ruta 1-A: Montaña Machupicchu",50,50,,
2026-09-12T10:32:45.547Z,2026-09-12 05:32:45,2026-09-12 12:32:45,"Ruta 2-A: Clásico Diseñada",600,600,,
2026-09-12T10:47:43.049Z,2026-09-12 05:47:43,2026-09-12 12:47:43,"Ruta 1-A: Montaña Machupicchu",50,50,,
2026-09-12T10:47:43.049Z,2026-09-12 05:47:43,2026-09-12 12:47:43,"Ruta 2-A: Clásico Diseñada",600,600,,
2026-09-12T11:04:46.052Z,2026-09-12 06:04:46,2026-09-12 13:04:46,"Ruta 1-A: Montaña Machupicchu",50,50,,
2026-09-12T11:04:46.052Z,2026-09-12 06:04:46,2026-09-12 13:04:46,"Ruta 2-A: Clásico Diseñada",600,597,,
2026-09-12T11:20:15.573Z,2026-09-12 06:20:15,2026-09-12 13:20:15,"Ruta 1-A: Montaña Machupicchu",50,50,,
2026-09-12T11:20:15.573Z,2026-09-12 06:20:15,2026-09-12 13:20:15,"Ruta 2-A: Clásico Diseñada",600,555,,
2026-09-12T11:33:16.834Z,2026-09-12 06:33:16,2026-09-12 13:33:16,"Ruta 1-A: Montaña Machupicchu",50,50,,
2026-09-12T11:33:16.834Z,2026-09-12 06:33:16,2026-09-12 13:33:16,"Ruta 2-A: Clásico Diseñada",600,520,,
2026-09-12T11:47:44.051Z,2026-09-12 06:47:44,2026-09-12 13:47:44,"Ruta 1-A: Montaña Machupicchu",50,50,,
2026-09-12T11:47:44.051Z,2026-09-12 06:47:44,2026-09-12 13:47:44,"Ruta 2-A: Clásico Diseñada",600,479,,
2026-09-12T12:07:17.504Z,2026-09-12 07:07:17,2026-09-12 14:07:17,"Ruta 1-A: Montaña Machupicchu",50,50,,
2026-09-12T12:07:17.504Z,2026-09-12 07:07:17,2026-09-12 14:07:17,"Ruta 2-A: Clásico Diseñada",600,432,,
2026-09-12T12:30:40.758Z,2026-09-12 07:30:40,2026-09-12 14:30:40,"Ruta 1-A: Montaña Machupicchu",50,50,,
2026-09-12T12:30:40.758Z,2026-09-12 07:30:40,2026-09-12 14:30:40,"Ruta 2-A: Clásico Diseñada",600,365,,
2026-09-12T12:44:49.081Z,2026-09-12 07:44:49,2026-09-12 14:44:49,"Ruta 1-A: Montaña Machupicchu",50,50,,
2026-09-12T12:44:49.081Z,2026-09-12 07:44:49,2026-09-12 14:44:49,"Ruta 2-A: Clásico Diseñada",600,339,,
2026-09-12T12:51:34.535Z,2026-09-12 07:51:34,2026-09-12 14:51:34,"Ruta 1-A: Montaña Machupicchu",50,50,,
2026-09-12T12:51:34.535Z,2026-09-12 07:51:34,2026-09-12 14:51:34,"Ruta 2-A: Clásico Diseñada",600,324,,
2026-09-12T13:04:48.125Z,2026-09-12 08:04:48,2026-09-12 15:04:48,"Ruta 1-A: Montaña Machupicchu",50,50,,
2026-09-12T13:04:48.125Z,2026-09-12 08:04:48,2026-09-12 15:04:48,"Ruta 2-A: Clásico Diseñada",600,287,,
2026-09-12T13:20:55.618Z,2026-09-12 08:20:55,2026-09-12 15:20:55,"Ruta 1-A: Montaña Machupicchu",50,50,,
2026-09-12T13:20:55.618Z,2026-09-12 08:20:55,2026-09-12 15:20:55,"Ruta 2-A: Clásico Diseñada",600,236,,
2026-09-12T13:33:01.666Z,2026-09-12 08:33:01,2026-09-12 15:33:01,"Ruta 1-A: Montaña Machupicchu",50,50,,
2026-09-12T13:33:01.666Z,2026-09-12 08:33:01,2026-09-12 15:33:01,"Ruta 2-A: Clásico Diseñada",600,206,,
2026-09-12T13:47:42.228Z,2026-09-12 08:47:42,2026-09-12 15:47:42,"Ruta 1-A: Montaña Machupicchu",50,50,,
2026-09-12T13:47:42.228Z,2026-09-12 08:47:42,2026-09-12 15:47:42,"Ruta 2-A: Clásico Diseñada",600,182,,
2026-09-12T14:05:09.775Z,2026-09-12 09:05:09,2026-09-12 16:05:09,"Ruta 1-A: Montaña Machupicchu",50,50,,
2026-09-12T14:05:09.775Z,2026-09-12 09:05:09,2026-09-12 16:05:09,"Ruta 2-A: Clásico Diseñada",600,164,,
2026-09-12T14:22:31.443Z,2026-09-12 09:22:31,2026-09-12 16:22:31,"Ruta 1-A: Montaña Machupicchu",50,50,,
2026-09-12T14:22:31.443Z,2026-09-12 09:22:31,2026-09-12 16:22:31,"Ruta 2-A: Clásico Diseñada",600,138,,
2026-09-12T14:33:43.971Z,2026-09-12 09:33:43,2026-09-12 16:33:43,"Ruta 1-A: Montaña Machupicchu",50,50,,
2026-09-12T14:33:43.971Z,2026-09-12 09:33:43,2026-09-12 16:33:43,"Ruta 2-A: Clásico Diseñada",600,115,,
2026-09-12T14:47:24.025Z,2026-09-12 09:47:24,2026-09-12 16:47:24,"Ruta 1-A: Montaña Machupicchu",50,50,,
2026-09-12T14:47:24.025Z,2026-09-12 09:47:24,2026-09-12 16:47:24,"Ruta 2-A: Clásico Diseñada",600,99,,
2026-09-12T15:05:21.648Z,2026-09-12 10:05:21,2026-09-12 17:05:21,"Ruta 1-A: Montaña Machupicchu",50,50,,
2026-09-12T15:05:21.648Z,2026-09-12 10:05:21,2026-09-12 17:05:21,"Ruta 2-A: Clásico Diseñada",600,83,,
2026-09-12T15:20:51.279Z,2026-09-12 10:20:51,2026-09-12 17:20:51,"Ruta 1-A: Montaña Machupicchu",50,50,,
2026-09-12T15:20:51.279Z,2026-09-12 10:20:51,2026-09-12 17:20:51,"Ruta 2-A: Clásico Diseñada",600,83,,
2026-09-12T15:33:06.110Z,2026-09-12 10:33:06,2026-09-12 17:33:06,"Ruta 1-A: Montaña Machupicchu",50,50,,
2026-09-12T15:33:06.110Z,2026-09-12 10:33:06,2026-09-12 17:33:06,"Ruta 2-A: Clásico Diseñada",600,79,,
2026-09-12T15:47:41.575Z,2026-09-12 10:47:41,2026-09-12 17:47:41,"Ruta 1-A: Montaña Machupicchu",50,47,,
2026-09-12T15:47:41.575Z,2026-09-12 10:47:41,2026-09-12 17:47:41,"Ruta 2-A: Clásico Diseñada",600,79,,
2026-09-12T16:05:49.902Z,2026-09-12 11:05:49,2026-09-12 18:05:49,"Ruta 1-A: Montaña Machupicchu",50,46,,
2026-09-12T16:05:49.902Z,2026-09-12 11:05:49,2026-09-12 18:05:49,"Ruta 2-A: Clásico Diseñada",600,62,,
2026-09-12T16:33:12.281Z,2026-09-12 11:33:12,2026-09-12 18:33:12,"Ruta 1-A: Montaña Machupicchu",50,45,,
2026-09-12T16:33:12.281Z,2026-09-12 11:33:12,2026-09-12 18:33:12,"Ruta 2-A: Clásico Diseñada",600,54,,
2026-09-12T17:04:20.992Z,2026-09-12 12:04:20,2026-09-12 19:04:20,"Ruta 1-A: Montaña Machupicchu",50,45,,
2026-09-12T17:04:20.992Z,2026-09-12 12:04:20,2026-09-12 19:04:20,"Ruta 2-A: Clásico Diseñada",600,48,,
2026-09-12T17:19:46.076Z,2026-09-12 12:19:46,2026-09-12 19:19:46,"Ruta 1-A: Montaña Machupicchu",50,45,,
2026-09-12T17:19:46.076Z,2026-09-12 12:19:46,2026-09-12 19:19:46,"Ruta 2-A: Clásico Diseñada",600,20,,
2026-09-12T18:06:17.544Z,2026-09-12 13:06:17,2026-09-12 20:06:17,"Ruta 1-A: Montaña Machupicchu",50,43,,
2026-09-12T18:06:17.544Z,2026-09-12 13:06:17,2026-09-12 20:06:17,"Ruta 2-A: Clásico Diseñada",600,0,,
2026-09-12T18:25:34.958Z,2026-09-12 13:25:34,2026-09-12 20:25:34,"Ruta 1-A: Montaña Machupicchu",50,43,,
2026-09-12T18:25:34.958Z,2026-09-12 13:25:34,2026-09-12 20:25:34,"Ruta 2-A: Clásico Diseñada",600,0,,
2026-09-12T18:34:56.587Z,2026-09-12 13:34:56,2026-09-12 20:34:56,"Ruta 1-A: Montaña Machupicchu",50,40,,
2026-09-12T18:34:56.587Z,2026-09-12 13:34:56,2026-09-12 20:34:56,"Ruta 2-A: Clásico Diseñada",600,0,,
2026-09-12T18:47:18.970Z,2026-09-12 13:47:18,2026-09-12 20:47:18,"Ruta 1-A: Montaña Machupicchu",50,40,,
2026-09-12T18:47:18.970Z,2026-09-12 13:47:18,2026-09-12 20:47:18,"Ruta 2-A: Clásico Diseñada",600,0,,
2026-09-12T19:04:36.937Z,2026-09-12 14:04:36,2026-09-12 21:04:36,"Ruta 1-A: Montaña Machupicchu",50,40,,
2026-09-12T19:04:36.937Z,2026-09-12 14:04:36,2026-09-12 21:04:36,"Ruta 2-A: Clásico Diseñada",600,0,,
2026-09-12T19:18:18.487Z,2026-09-12 14:18:18,2026-09-12 21:18:18,"Ruta 1-A: Montaña Machupicchu",50,40,,
2026-09-12T19:18:18.487Z,2026-09-12 14:18:18,2026-09-12 21:18:18,"Ruta 2-A: Clásico Diseñada",600,0,,
2026-09-12T19:33:19.105Z,2026-09-12 14:33:19,2026-09-12 21:33:19,"Ruta 1-A: Montaña Machupicchu",50,40,,
2026-09-12T19:33:19.105Z,2026-09-12 14:33:19,2026-09-12 21:33:19,"Ruta 2-A: Clásico Diseñada",600,0,,
2026-09-12T20:06:10.952Z,2026-09-12 15:06:10,2026-09-12 22:06:10,"Ruta 1-A: Montaña Machupicchu",50,38,,
2026-09-12T20:06:10.952Z,2026-09-12 15:06:10,2026-09-12 22:06:10,"Ruta 2-A: Clásico Diseñada",600,0,,
2026-09-12T20:34:30.313Z,2026-09-12 15:34:30,2026-09-12 22:34:30,"Ruta 1-A: Montaña Machupicchu",50,38,,
2026-09-12T20:34:30.313Z,2026-09-12 15:34:30,2026-09-12 22:34:30,"Ruta 2-A: Clásico Diseñada",600,0,,
2026-09-12T20:47:37.290Z,2026-09-12 15:47:37,2026-09-12 22:47:37,"Ruta 1-A: Montaña Machupicchu",50,34,,
2026-09-12T20:47:37.290Z,2026-09-12 15:47:37,2026-09-12 22:47:37,"Ruta 2-A: Clásico Diseñada",600,0,,
2026-09-12T21:05:38.518Z,2026-09-12 16:05:38,2026-09-12 23:05:38,"Ruta 1-A: Montaña Machupicchu",50,30,,
2026-09-12T21:05:38.518Z,2026-09-12 16:05:38,2026-09-12 23:05:38,"Ruta 2-A: Clásico Diseñada",600,0,,
2026-09-12T21:22:02.068Z,2026-09-12 16:22:02,2026-09-12 23:22:02,"Ruta 1-A: Montaña Machupicchu",50,28,,
2026-09-12T21:22:02.068Z,2026-09-12 16:22:02,2026-09-12 23:22:02,"Ruta 2-A: Clásico Diseñada",600,0,,
2026-09-12T21:32:51.158Z,2026-09-12 16:32:51,2026-09-12 23:32:51,"Ruta 1-A: Montaña Machupicchu",50,25,,
2026-09-12T21:32:51.158Z,2026-09-12 16:32:51,2026-09-12 23:32:51,"Ruta 2-A: Clásico Diseñada",600,0,,
2026-09-12T21:47:36.627Z,2026-09-12 16:47:36,2026-09-12 23:47:36,"Ruta 1-A: Montaña Machupicchu",50,24,,
2026-09-12T21:47:36.627Z,2026-09-12 16:47:36,2026-09-12 23:47:36,"Ruta 2-A: Clásico Diseñada",600,0,,
2026-09-12T22:04:58.730Z,2026-09-12 17:04:58,2026-09-13 00:04:58,"Ruta 1-A: Montaña Machupicchu",50,23,,
2026-09-12T22:04:58.730Z,2026-09-12 17:04:58,2026-09-13 00:04:58,"Ruta 2-A: Clásico Diseñada",600,0,,
2026-09-12T22:22:19.786Z,2026-09-12 17:22:19,2026-09-13 00:22:19,"Ruta 1-A: Montaña Machupicchu",50,19,,
2026-09-12T22:22:19.786Z,2026-09-12 17:22:19,2026-09-13 00:22:19,"Ruta 2-A: Clásico Diseñada",600,0,,
2026-09-12T22:33:04.768Z,2026-09-12 17:33:04,2026-09-13 00:33:04,"Ruta 1-A: Montaña Machupicchu",50,11,,
2026-09-12T22:33:04.768Z,2026-09-12 17:33:04,2026-09-13 00:33:04,"Ruta 2-A: Clásico Diseñada",600,0,,
2026-09-12T22:48:06.191Z,2026-09-12 17:48:06,2026-09-13 00:48:06,"Ruta 1-A: Montaña Machupicchu",50,8,,
2026-09-12T22:48:06.191Z,2026-09-12 17:48:06,2026-09-13 00:48:06,"Ruta 2-A: Clásico Diseñada",600,0,,
2026-09-12T23:04:44.068Z,2026-09-12 18:04:44,2026-09-13 01:04:44,"Ruta 1-A: Montaña Machupicchu",50,3,,
2026-09-12T23:04:44.068Z,2026-09-12 18:04:44,2026-09-13 01:04:44,"Ruta 2-A: Clásico Diseñada",600,0,,
2026-09-12T23:32:55.666Z,2026-09-12 18:32:55,2026-09-13 01:32:55,"Ruta 1-A: Montaña Machupicchu",50,0,,
2026-09-12T23:32:55.666Z,2026-09-12 18:32:55,2026-09-13 01:32:55,"Ruta 2-A: Clásico Diseñada",600,0,,
2026-09-12T23:47:35.494Z,2026-09-12 18:47:35,2026-09-13 01:47:35,"Ruta 1-A: Montaña Machupicchu",50,0,,
2026-09-12T23:47:35.494Z,2026-09-12 18:47:35,2026-09-13 01:47:35,"Ruta 2-A: Clásico Diseñada",600,0,,
2026-09-13T00:15:59.332Z,2026-09-12 19:15:59,2026-09-13 02:15:59,"Ruta 1-A: Montaña Machupicchu",50,50,,
2026-09-13T00:15:59.332Z,2026-09-12 19:15:59,2026-09-13 02:15:59,"Ruta 2-A: Clásico Diseñada",600,600,,
2026-09-13T01:11:04.812Z,2026-09-12 20:11:04,2026-09-13 03:11:04,"Ruta 1-A: Montaña Machupicchu",50,50,,
2026-09-13T01:11:04.812Z,2026-09-12 20:11:04,2026-09-13 03:11:04,"Ruta 2-A: Clásico Diseñada",600,600,,
2026-09-13T01:37:35.273Z,2026-09-12 20:37:35,2026-09-13 03:37:35,"Ruta 1-A: Montaña Machupicchu",50,50,,
2026-09-13T01:37:35.273Z,2026-09-12 20:37:35,2026-09-13 03:37:35,"Ruta 2-A: Clásico Diseñada",600,600,,
2026-09-13T01:57:22.602Z,2026-09-12 20:57:22,2026-09-13 03:57:22,"Ruta 1-A: Montaña Machupicchu",50,50,,
2026-09-13T01:57:22.602Z,2026-09-12 20:57:22,2026-09-13 03:57:22,"Ruta 2-A: Clásico Diseñada",600,600,,
2026-09-13T02:17:36.566Z,2026-09-12 21:17:36,2026-09-13 04:17:36,"Ruta 1-A: Montaña Machupicchu",50,50,,
2026-09-13T02:17:36.566Z,2026-09-12 21:17:36,2026-09-13 04:17:36,"Ruta 2-A: Clásico Diseñada",600,600,,
2026-09-13T02:39:33.565Z,2026-09-12 21:39:33,2026-09-13 04:39:33,"Ruta 1-A: Montaña Machupicchu",50,50,,
2026-09-13T02:39:33.565Z,2026-09-12 21:39:33,2026-09-13 04:39:33,"Ruta 2-A: Clásico Diseñada",600,600,,
2026-09-13T02:50:21.822Z,2026-09-12 21:50:21,2026-09-13 04:50:21,"Ruta 1-A: Montaña Machupicchu",50,50,,
2026-09-13T02:50:21.822Z,2026-09-12 21:50:21,2026-09-13 04:50:21,"Ruta 2-A: Clásico Diseñada",600,600,,
2026-09-13T03:06:55.308Z,2026-09-12 22:06:55,2026-09-13 05:06:55,"Ruta 1-A: Montaña Machupicchu",50,50,,
2026-09-13T03:06:55.308Z,2026-09-12 22:06:55,2026-09-13 05:06:55,"Ruta 2-A: Clásico Diseñada",600,600,,
2026-09-13T03:28:48.100Z,2026-09-12 22:28:48,2026-09-13 05:28:48,"Ruta 1-A: Montaña Machupicchu",50,50,,
2026-09-13T03:28:48.100Z,2026-09-12 22:28:48,2026-09-13 05:28:48,"Ruta 2-A: Clásico Diseñada",600,600,,
2026-09-13T03:43:57.480Z,2026-09-12 22:43:57,2026-09-13 05:43:57,"Ruta 1-A: Montaña Machupicchu",50,50,,
2026-09-13T03:43:57.480Z,2026-09-12 22:43:57,2026-09-13 05:43:57,"Ruta 2-A: Clásico Diseñada",600,600,,
2026-09-13T03:51:08.502Z,2026-09-12 22:51:08,2026-09-13 05:51:08,"Ruta 1-A: Montaña Machupicchu",50,50,,
2026-09-13T03:51:08.502Z,2026-09-12 22:51:08,2026-09-13 05:51:08,"Ruta 2-A: Clásico Diseñada",600,600,,
2026-09-13T04:06:37.254Z,2026-09-12 23:06:37,2026-09-13 06:06:37,"Ruta 1-A: Montaña Machupicchu",50,50,,
2026-09-13T04:06:37.254Z,2026-09-12 23:06:37,2026-09-13 06:06:37,"Ruta 2-A: Clásico Diseñada",600,600,,
2026-09-13T04:27:46.269Z,2026-09-12 23:27:46,2026-09-13 06:27:46,"Ruta 1-A: Montaña Machupicchu",50,50,,
2026-09-13T04:27:46.269Z,2026-09-12 23:27:46,2026-09-13 06:27:46,"Ruta 2-A: Clásico Diseñada",600,600,,
2026-09-13T04:39:59.744Z,2026-09-12 23:39:59,2026-09-13 06:39:59,"Ruta 1-A: Montaña Machupicchu",50,50,,
2026-09-13T04:39:59.744Z,2026-09-12 23:39:59,2026-09-13 06:39:59,"Ruta 2-A: Clásico Diseñada",600,600,,
2026-09-13T04:48:19.213Z,2026-09-12 23:48:19,2026-09-13 06:48:19,"Ruta 1-A: Montaña Machupicchu",50,50,,
2026-09-13T04:48:19.213Z,2026-09-12 23:48:19,2026-09-13 06:48:19,"Ruta 2-A: Clásico Diseñada",600,600,,
2026-09-13T05:05:43.478Z,2026-09-13 00:05:43,2026-09-13 07:05:43,"Ruta 1-A: Montaña Machupicchu",50,50,,
2026-09-13T05:05:43.478Z,2026-09-13 00:05:43,2026-09-13 07:05:43,"Ruta 2-A: Clásico Diseñada",600,600,,
2026-09-13T05:23:15.667Z,2026-09-13 00:23:15,2026-09-13 07:23:15,"Ruta 1-A: Montaña Machupicchu",50,50,,
2026-09-13T05:23:15.667Z,2026-09-13 00:23:15,2026-09-13 07:23:15,"Ruta 2-A: Clásico Diseñada",600,600,,
2026-09-13T05:33:43.280Z,2026-09-13 00:33:43,2026-09-13 07:33:43,"Ruta 1-A: Montaña Machupicchu",50,50,,
2026-09-13T05:33:43.280Z,2026-09-13 00:33:43,2026-09-13 07:33:43,"Ruta 2-A: Clásico Diseñada",600,600,,
2026-09-13T05:47:34.047Z,2026-09-13 00:47:34,2026-09-13 07:47:34,"Ruta 1-A: Montaña Machupicchu",50,50,,
2026-09-13T05:47:34.047Z,2026-09-13 00:47:34,2026-09-13 07:47:34,"Ruta 2-A: Clásico Diseñada",600,600,,
2026-09-13T06:11:12.509Z,2026-09-13 01:11:12,2026-09-13 08:11:12,"Ruta 1-A: Montaña Machupicchu",50,50,,
2026-09-13T06:11:12.509Z,2026-09-13 01:11:12,2026-09-13 08:11:12,"Ruta 2-A: Clásico Diseñada",600,600,,
2026-09-13T06:39:51.804Z,2026-09-13 01:39:51,2026-09-13 08:39:51,"Ruta 1-A: Montaña Machupicchu",50,50,,
2026-09-13T06:39:51.804Z,2026-09-13 01:39:51,2026-09-13 08:39:51,"Ruta 2-A: Clásico Diseñada",600,600,,
2026-09-13T06:57:09.851Z,2026-09-13 01:57:09,2026-09-13 08:57:09,"Ruta 1-A: Montaña Machupicchu",50,50,,
2026-09-13T06:57:09.851Z,2026-09-13 01:57:09,2026-09-13 08:57:09,"Ruta 2-A: Clásico Diseñada",600,600,,
2026-09-13T07:11:32.759Z,2026-09-13 02:11:32,2026-09-13 09:11:32,"Ruta 1-A: Montaña Machupicchu",50,50,,
2026-09-13T07:11:32.759Z,2026-09-13 02:11:32,2026-09-13 09:11:32,"Ruta 2-A: Clásico Diseñada",600,600,,
2026-09-13T07:24:56.433Z,2026-09-13 02:24:56,2026-09-13 09:24:56,"Ruta 1-A: Montaña Machupicchu",50,50,,
2026-09-13T07:24:56.433Z,2026-09-13 02:24:56,2026-09-13 09:24:56,"Ruta 2-A: Clásico Diseñada",600,600,,
2026-09-13T08:29:29.859Z,2026-09-13 03:29:29,2026-09-13 10:29:29,"Ruta 1-A: Montaña Machupicchu",50,50,,
2026-09-13T08:29:29.859Z,2026-09-13 03:29:29,2026-09-13 10:29:29,"Ruta 2-A: Clásico Diseñada",600,600,,
2026-09-13T08:43:10.929Z,2026-09-13 03:43:10,2026-09-13 10:43:10,"Ruta 1-A: Montaña Machupicchu",50,50,,
2026-09-13T08:43:10.929Z,2026-09-13 03:43:10,2026-09-13 10:43:10,"Ruta 2-A: Clásico Diseñada",600,600,,
2026-09-13T09:44:22.708Z,2026-09-13 04:44:22,2026-09-13 11:44:22,"Ruta 1-A: Montaña Machupicchu",50,50,,
2026-09-13T09:44:22.708Z,2026-09-13 04:44:22,2026-09-13 11:44:22,"Ruta 2-A: Clásico Diseñada",600,600,,
2026-09-13T10:05:57.283Z,2026-09-13 05:05:57,2026-09-13 12:05:57,"Ruta 1-A: Montaña Machupicchu",50,50,,
2026-09-13T10:05:57.283Z,2026-09-13 05:05:57,2026-09-13 12:05:57,"Ruta 2-A: Clásico Diseñada",600,600,,
2026-09-13T10:27:56.550Z,2026-09-13 05:27:56,2026-09-13 12:27:56,"Ruta 1-A: Montaña Machupicchu",50,50,,
2026-09-13T10:27:56.550Z,2026-09-13 05:27:56,2026-09-13 12:27:56,"Ruta 2-A: Clásico Diseñada",600,600,,
2026-09-13T10:38:22.088Z,2026-09-13 05:38:22,2026-09-13 12:38:22,"Ruta 1-A: Montaña Machupicchu",50,50,,
2026-09-13T10:38:22.088Z,2026-09-13 05:38:22,2026-09-13 12:38:22,"Ruta 2-A: Clásico Diseñada",600,600,,
2026-09-13T10:47:18.660Z,2026-09-13 05:47:18,2026-09-13 12:47:18,"Ruta 1-A: Montaña Machupicchu",50,50,,
2026-09-13T10:47:18.660Z,2026-09-13 05:47:18,2026-09-13 12:47:18,"Ruta 2-A: Clásico Diseñada",600,600,,
2026-09-13T11:04:25.943Z,2026-09-13 06:04:25,2026-09-13 13:04:25,"Ruta 1-A: Montaña Machupicchu",50,50,,
2026-09-13T11:04:25.943Z,2026-09-13 06:04:25,2026-09-13 13:04:25,"Ruta 2-A: Clásico Diseñada",600,600,,
2026-09-13T11:19:57.690Z,2026-09-13 06:19:57,2026-09-13 13:19:57,"Ruta 1-A: Montaña Machupicchu",50,50,,
2026-09-13T11:19:57.690Z,2026-09-13 06:19:57,2026-09-13 13:19:57,"Ruta 2-A: Clásico Diseñada",600,580,,
2026-09-13T11:47:47.397Z,2026-09-13 06:47:47,2026-09-13 13:47:47,"Ruta 1-A: Montaña Machupicchu",50,50,,
2026-09-13T11:47:47.397Z,2026-09-13 06:47:47,2026-09-13 13:47:47,"Ruta 2-A: Clásico Diseñada",600,504,,
2026-09-13T12:07:29.990Z,2026-09-13 07:07:29,2026-09-13 14:07:29,"Ruta 1-A: Montaña Machupicchu",50,50,,
2026-09-13T12:07:29.990Z,2026-09-13 07:07:29,2026-09-13 14:07:29,"Ruta 2-A: Clásico Diseñada",600,464,,
2026-09-13T12:31:21.110Z,2026-09-13 07:31:21,2026-09-13 14:31:21,"Ruta 1-A: Montaña Machupicchu",50,48,,
2026-09-13T12:31:21.110Z,2026-09-13 07:31:21,2026-09-13 14:31:21,"Ruta 2-A: Clásico Diseñada",600,421,,
2026-09-13T12:48:53.178Z,2026-09-13 07:48:53,2026-09-13 14:48:53,"Ruta 1-A: Montaña Machupicchu",50,48,,
2026-09-13T12:48:53.178Z,2026-09-13 07:48:53,2026-09-13 14:48:53,"Ruta 2-A: Clásico Diseñada",600,380,,
2026-09-13T13:05:18.204Z,2026-09-13 08:05:18,2026-09-13 15:05:18,"Ruta 1-A: Montaña Machupicchu",50,48,,
2026-09-13T13:05:18.204Z,2026-09-13 08:05:18,2026-09-13 15:05:18,"Ruta 2-A: Clásico Diseñada",600,346,,
2026-09-13T13:21:13.324Z,2026-09-13 08:21:13,2026-09-13 15:21:13,"Ruta 1-A: Montaña Machupicchu",50,48,,
2026-09-13T13:21:13.324Z,2026-09-13 08:21:13,2026-09-13 15:21:13,"Ruta 2-A: Clásico Diseñada",600,311,,
2026-09-13T13:32:47.414Z,2026-09-13 08:32:47,2026-09-13 15:32:47,"Ruta 1-A: Montaña Machupicchu",50,48,,
2026-09-13T13:32:47.414Z,2026-09-13 08:32:47,2026-09-13 15:32:47,"Ruta 2-A: Clásico Diseñada",600,287,,
2026-09-13T13:47:52.428Z,2026-09-13 08:47:52,2026-09-13 15:47:52,"Ruta 1-A: Montaña Machupicchu",50,48,,
2026-09-13T13:47:52.428Z,2026-09-13 08:47:52,2026-09-13 15:47:52,"Ruta 2-A: Clásico Diseñada",600,258,,
2026-09-13T14:05:11.449Z,2026-09-13 09:05:11,2026-09-13 16:05:11,"Ruta 1-A: Montaña Machupicchu",50,48,,
2026-09-13T14:05:11.449Z,2026-09-13 09:05:11,2026-09-13 16:05:11,"Ruta 2-A: Clásico Diseñada",600,226,,
2026-09-13T14:22:16.414Z,2026-09-13 09:22:16,2026-09-13 16:22:16,"Ruta 1-A: Montaña Machupicchu",50,48,,
2026-09-13T14:22:16.414Z,2026-09-13 09:22:16,2026-09-13 16:22:16,"Ruta 2-A: Clásico Diseñada",600,210,,
2026-09-13T14:32:43.128Z,2026-09-13 09:32:43,2026-09-13 16:32:43,"Ruta 1-A: Montaña Machupicchu",50,48,,
2026-09-13T14:32:43.128Z,2026-09-13 09:32:43,2026-09-13 16:32:43,"Ruta 2-A: Clásico Diseñada",600,192,,
2026-09-13T14:47:43.449Z,2026-09-13 09:47:43,2026-09-13 16:47:43,"Ruta 1-A: Montaña Machupicchu",50,48,,
2026-09-13T14:47:43.449Z,2026-09-13 09:47:43,2026-09-13 16:47:43,"Ruta 2-A: Clásico Diseñada",600,182,,
2026-09-13T15:05:06.837Z,2026-09-13 10:05:06,2026-09-13 17:05:06,"Ruta 1-A: Montaña Machupicchu",50,48,,
2026-09-13T15:05:06.837Z,2026-09-13 10:05:06,2026-09-13 17:05:06,"Ruta 2-A: Clásico Diseñada",600,156,,
2026-09-13T15:21:43.735Z,2026-09-13 10:21:43,2026-09-13 17:21:43,"Ruta 1-A: Montaña Machupicchu",50,48,,
2026-09-13T15:21:43.735Z,2026-09-13 10:21:43,2026-09-13 17:21:43,"Ruta 2-A: Clásico Diseñada",600,146,,
2026-09-13T15:32:55.762Z,2026-09-13 10:32:55,2026-09-13 17:32:55,"Ruta 1-A: Montaña Machupicchu",50,48,,
2026-09-13T15:32:55.762Z,2026-09-13 10:32:55,2026-09-13 17:32:55,"Ruta 2-A: Clásico Diseñada",600,146,,
2026-09-13T15:47:53.704Z,2026-09-13 10:47:53,2026-09-13 17:47:53,"Ruta 1-A: Montaña Machupicchu",50,48,,
2026-09-13T15:47:53.704Z,2026-09-13 10:47:53,2026-09-13 17:47:53,"Ruta 2-A: Clásico Diseñada",600,144,,
2026-09-13T16:05:57.927Z,2026-09-13 11:05:57,2026-09-13 18:05:57,"Ruta 1-A: Montaña Machupicchu",50,48,,
2026-09-13T16:05:57.927Z,2026-09-13 11:05:57,2026-09-13 18:05:57,"Ruta 2-A: Clásico Diseñada",600,130,,
2026-09-13T16:23:54.022Z,2026-09-13 11:23:54,2026-09-13 18:23:54,"Ruta 1-A: Montaña Machupicchu",50,48,,
2026-09-13T16:23:54.022Z,2026-09-13 11:23:54,2026-09-13 18:23:54,"Ruta 2-A: Clásico Diseñada",600,125,,
2026-09-13T16:33:43.960Z,2026-09-13 11:33:43,2026-09-13 18:33:43,"Ruta 1-A: Montaña Machupicchu",50,48,,
2026-09-13T16:33:43.960Z,2026-09-13 11:33:43,2026-09-13 18:33:43,"Ruta 2-A: Clásico Diseñada",600,124,,
2026-09-13T16:47:38.118Z,2026-09-13 11:47:38,2026-09-13 18:47:38,"Ruta 1-A: Montaña Machupicchu",50,48,,
2026-09-13T16:47:38.118Z,2026-09-13 11:47:38,2026-09-13 18:47:38,"Ruta 2-A: Clásico Diseñada",600,122,,
2026-09-13T17:04:49.896Z,2026-09-13 12:04:49,2026-09-13 19:04:49,"Ruta 1-A: Montaña Machupicchu",50,48,,
2026-09-13T17:04:49.896Z,2026-09-13 12:04:49,2026-09-13 19:04:49,"Ruta 2-A: Clásico Diseñada",600,120,,
2026-09-13T17:33:25.246Z,2026-09-13 12:33:25,2026-09-13 19:33:25,"Ruta 1-A: Montaña Machupicchu",50,48,,
2026-09-13T17:33:25.246Z,2026-09-13 12:33:25,2026-09-13 19:33:25,"Ruta 2-A: Clásico Diseñada",600,80,,
2026-09-13T18:06:23.973Z,2026-09-13 13:06:23,2026-09-13 20:06:23,"Ruta 1-A: Montaña Machupicchu",50,48,,
2026-09-13T18:06:23.973Z,2026-09-13 13:06:23,2026-09-13 20:06:23,"Ruta 2-A: Clásico Diseñada",600,29,,
2026-09-13T18:47:22.856Z,2026-09-13 13:47:22,2026-09-13 20:47:22,"Ruta 1-A: Montaña Machupicchu",50,48,,
2026-09-13T18:47:22.856Z,2026-09-13 13:47:22,2026-09-13 20:47:22,"Ruta 2-A: Clásico Diseñada",600,5,,
2026-09-13T19:04:24.734Z,2026-09-13 14:04:24,2026-09-13 21:04:24,"Ruta 1-A: Montaña Machupicchu",50,45,,
2026-09-13T19:04:24.734Z,2026-09-13 14:04:24,2026-09-13 21:04:24,"Ruta 2-A: Clásico Diseñada",600,5,,
2026-09-13T19:19:08.288Z,2026-09-13 14:19:08,2026-09-13 21:19:08,"Ruta 1-A: Montaña Machupicchu",50,45,,
2026-09-13T19:19:08.288Z,2026-09-13 14:19:08,2026-09-13 21:19:08,"Ruta 2-A: Clásico Diseñada",600,0,,
2026-09-13T19:33:09.011Z,2026-09-13 14:33:09,2026-09-13 21:33:09,"Ruta 1-A: Montaña Machupicchu",50,45,,
2026-09-13T19:33:09.011Z,2026-09-13 14:33:09,2026-09-13 21:33:09,"Ruta 2-A: Clásico Diseñada",600,0,,
2026-09-13T19:47:24.922Z,2026-09-13 14:47:24,2026-09-13 21:47:24,"Ruta 1-A: Montaña Machupicchu",50,45,,
2026-09-13T19:47:24.922Z,2026-09-13 14:47:24,2026-09-13 21:47:24,"Ruta 2-A: Clásico Diseñada",600,0,,
2026-09-13T20:05:47.099Z,2026-09-13 15:05:47,2026-09-13 22:05:47,"Ruta 1-A: Montaña Machupicchu",50,41,,
2026-09-13T20:05:47.099Z,2026-09-13 15:05:47,2026-09-13 22:05:47,"Ruta 2-A: Clásico Diseñada",600,0,,
2026-09-13T20:23:38.406Z,2026-09-13 15:23:38,2026-09-13 22:23:38,"Ruta 1-A: Montaña Machupicchu",50,40,,
2026-09-13T20:23:38.406Z,2026-09-13 15:23:38,2026-09-13 22:23:38,"Ruta 2-A: Clásico Diseñada",600,0,,
2026-09-13T20:33:13.444Z,2026-09-13 15:33:13,2026-09-13 22:33:13,"Ruta 1-A: Montaña Machupicchu",50,40,,
2026-09-13T20:33:13.444Z,2026-09-13 15:33:13,2026-09-13 22:33:13,"Ruta 2-A: Clásico Diseñada",600,0,,
2026-09-13T20:47:27.585Z,2026-09-13 15:47:27,2026-09-13 22:47:27,"Ruta 1-A: Montaña Machupicchu",50,38,,
2026-09-13T20:47:27.585Z,2026-09-13 15:47:27,2026-09-13 22:47:27,"Ruta 2-A: Clásico Diseñada",600,0,,
2026-09-13T21:04:56.257Z,2026-09-13 16:04:56,2026-09-13 23:04:56,"Ruta 1-A: Montaña Machupicchu",50,37,,
2026-09-13T21:04:56.257Z,2026-09-13 16:04:56,2026-09-13 23:04:56,"Ruta 2-A: Clásico Diseñada",600,0,,
2026-09-13T21:20:51.288Z,2026-09-13 16:20:51,2026-09-13 23:20:51,"Ruta 1-A: Montaña Machupicchu",50,37,,
2026-09-13T21:20:51.288Z,2026-09-13 16:20:51,2026-09-13 23:20:51,"Ruta 2-A: Clásico Diseñada",600,0,,
2026-09-13T22:05:43.015Z,2026-09-13 17:05:43,2026-09-14 00:05:43,"Ruta 1-A: Montaña Machupicchu",50,34,,
2026-09-13T22:05:43.015Z,2026-09-13 17:05:43,2026-09-14 00:05:43,"Ruta 2-A: Clásico Diseñada",600,0,,
2026-09-13T22:22:02.506Z,2026-09-13 17:22:02,2026-09-14 00:22:02,"Ruta 1-A: Montaña Machupicchu",50,32,,
2026-09-13T22:22:02.506Z,2026-09-13 17:22:02,2026-09-14 00:22:02,"Ruta 2-A: Clásico Diseñada",600,0,,
2026-09-13T22:32:51.731Z,2026-09-13 17:32:51,2026-09-14 00:32:51,"Ruta 1-A: Montaña Machupicchu",50,29,,
2026-09-13T22:32:51.731Z,2026-09-13 17:32:51,2026-09-14 00:32:51,"Ruta 2-A: Clásico Diseñada",600,0,,
2026-09-13T22:47:36.267Z,2026-09-13 17:47:36,2026-09-14 00:47:36,"Ruta 1-A: Montaña Machupicchu",50,27,,
2026-09-13T22:47:36.267Z,2026-09-13 17:47:36,2026-09-14 00:47:36,"Ruta 2-A: Clásico Diseñada",600,0,,
2026-09-13T23:04:55.035Z,2026-09-13 18:04:55,2026-09-14 01:04:55,"Ruta 1-A: Montaña Machupicchu",50,25,,
2026-09-13T23:04:55.035Z,2026-09-13 18:04:55,2026-09-14 01:04:55,"Ruta 2-A: Clásico Diseñada",600,0,,
2026-09-13T23:21:03.369Z,2026-09-13 18:21:03,2026-09-14 01:21:03,"Ruta 1-A: Montaña Machupicchu",50,25,,
2026-09-13T23:21:03.369Z,2026-09-13 18:21:03,2026-09-14 01:21:03,"Ruta 2-A: Clásico Diseñada",600,0,,
2026-09-13T23:47:23.102Z,2026-09-13 18:47:23,2026-09-14 01:47:23,"Ruta 1-A: Montaña Machupicchu",50,24,,
2026-09-13T23:47:23.102Z,2026-09-13 18:47:23,2026-09-14 01:47:23,"Ruta 2-A: Clásico Diseñada",600,0,,
2026-09-14T00:16:02.893Z,2026-09-13 19:16:02,2026-09-14 02:16:02,"Ruta 1-A: Montaña Machupicchu",50,50,,
2026-09-14T00:16:02.893Z,2026-09-13 19:16:02,2026-09-14 02:16:02,"Ruta 2-A: Clásico Diseñada",600,600,,
2026-09-14T01:11:22.946Z,2026-09-13 20:11:22,2026-09-14 03:11:22,"Ruta 1-A: Montaña Machupicchu",50,50,,
2026-09-14T01:11:22.946Z,2026-09-13 20:11:22,2026-09-14 03:11:22,"Ruta 2-A: Clásico Diseñada",600,600,,
2026-09-14T01:40:55.400Z,2026-09-13 20:40:55,2026-09-14 03:40:55,"Ruta 1-A: Montaña Machupicchu",50,50,,
2026-09-14T01:40:55.400Z,2026-09-13 20:40:55,2026-09-14 03:40:55,"Ruta 2-A: Clásico Diseñada",600,600,,
2026-09-14T02:00:05.912Z,2026-09-13 21:00:05,2026-09-14 04:00:05,"Ruta 1-A: Montaña Machupicchu",50,50,,
2026-09-14T02:00:05.912Z,2026-09-13 21:00:05,2026-09-14 04:00:05,"Ruta 2-A: Clásico Diseñada",600,600,,
2026-09-14T02:31:57.145Z,2026-09-13 21:31:57,2026-09-14 04:31:57,"Ruta 1-A: Montaña Machupicchu",50,50,,
2026-09-14T02:31:57.145Z,2026-09-13 21:31:57,2026-09-14 04:31:57,"Ruta 2-A: Clásico Diseñada",600,600,,
2026-09-14T02:53:46.016Z,2026-09-13 21:53:46,2026-09-14 04:53:46,"Ruta 1-A: Montaña Machupicchu",50,50,,
2026-09-14T02:53:46.016Z,2026-09-13 21:53:46,2026-09-14 04:53:46,"Ruta 2-A: Clásico Diseñada",600,600,,
2026-09-14T03:07:36.415Z,2026-09-13 22:07:36,2026-09-14 05:07:36,"Ruta 1-A: Montaña Machupicchu",50,50,,
2026-09-14T03:07:36.415Z,2026-09-13 22:07:36,2026-09-14 05:07:36,"Ruta 2-A: Clásico Diseñada",600,600,,
2026-09-14T03:31:56.481Z,2026-09-13 22:31:56,2026-09-14 05:31:56,"Ruta 1-A: Montaña Machupicchu",50,50,,
2026-09-14T03:31:56.481Z,2026-09-13 22:31:56,2026-09-14 05:31:56,"Ruta 2-A: Clásico Diseñada",600,600,,
2026-09-14T03:52:22.114Z,2026-09-13 22:52:22,2026-09-14 05:52:22,"Ruta 1-A: Montaña Machupicchu",50,50,,
2026-09-14T03:52:22.114Z,2026-09-13 22:52:22,2026-09-14 05:52:22,"Ruta 2-A: Clásico Diseñada",600,600,,
2026-09-14T04:07:26.142Z,2026-09-13 23:07:26,2026-09-14 06:07:26,"Ruta 1-A: Montaña Machupicchu",50,50,,
2026-09-14T04:07:26.142Z,2026-09-13 23:07:26,2026-09-14 06:07:26,"Ruta 2-A: Clásico Diseñada",600,600,,
2026-09-14T04:51:46.744Z,2026-09-13 23:51:46,2026-09-14 06:51:46,"Ruta 1-A: Montaña Machupicchu",50,50,,
2026-09-14T04:51:46.744Z,2026-09-13 23:51:46,2026-09-14 06:51:46,"Ruta 2-A: Clásico Diseñada",600,600,,
2026-09-14T05:06:36.260Z,2026-09-14 00:06:36,2026-09-14 07:06:36,"Ruta 1-A: Montaña Machupicchu",50,50,,
2026-09-14T05:06:36.260Z,2026-09-14 00:06:36,2026-09-14 07:06:36,"Ruta 2-A: Clásico Diseñada",600,600,,
2026-09-14T05:26:40.648Z,2026-09-14 00:26:40,2026-09-14 07:26:40,"Ruta 1-A: Montaña Machupicchu",50,50,,
2026-09-14T05:26:40.648Z,2026-09-14 00:26:40,2026-09-14 07:26:40,"Ruta 2-A: Clásico Diseñada",600,600,,
2026-09-14T05:49:10.053Z,2026-09-14 00:49:10,2026-09-14 07:49:10,"Ruta 1-A: Montaña Machupicchu",50,50,,
2026-09-14T05:49:10.053Z,2026-09-14 00:49:10,2026-09-14 07:49:10,"Ruta 2-A: Clásico Diseñada",600,600,,
2026-09-14T06:12:33.129Z,2026-09-14 01:12:33,2026-09-14 08:12:33,"Ruta 1-A: Montaña Machupicchu",50,50,,
2026-09-14T06:12:33.129Z,2026-09-14 01:12:33,2026-09-14 08:12:33,"Ruta 2-A: Clásico Diseñada",600,600,,
2026-09-14T06:51:06.258Z,2026-09-14 01:51:06,2026-09-14 08:51:06,"Ruta 1-A: Montaña Machupicchu",50,50,,
2026-09-14T06:51:06.258Z,2026-09-14 01:51:06,2026-09-14 08:51:06,"Ruta 2-A: Clásico Diseñada",600,600,,
2026-09-14T07:15:58.565Z,2026-09-14 02:15:58,2026-09-14 09:15:58,"Ruta 1-A: Montaña Machupicchu",50,50,,
2026-09-14T07:15:58.565Z,2026-09-14 02:15:58,2026-09-14 09:15:58,"Ruta 2-A: Clásico Diseñada",600,600,,
2026-09-14T07:45:20.818Z,2026-09-14 02:45:20,2026-09-14 09:45:20,"Ruta 1-A: Montaña Machupicchu",50,50,,
2026-09-14T07:45:20.818Z,2026-09-14 02:45:20,2026-09-14 09:45:20,"Ruta 2-A: Clásico Diseñada",600,600,,
2026-09-14T07:56:35.079Z,2026-09-14 02:56:35,2026-09-14 09:56:35,"Ruta 1-A: Montaña Machupicchu",50,50,,
2026-09-14T07:56:35.079Z,2026-09-14 02:56:35,2026-09-14 09:56:35,"Ruta 2-A: Clásico Diseñada",600,600,,
2026-09-14T08:13:35.384Z,2026-09-14 03:13:35,2026-09-14 10:13:35,"Ruta 1-A: Montaña Machupicchu",50,50,,
2026-09-14T08:13:35.384Z,2026-09-14 03:13:35,2026-09-14 10:13:35,"Ruta 2-A: Clásico Diseñada",600,600,,
2026-09-14T08:38:50.654Z,2026-09-14 03:38:50,2026-09-14 10:38:50,"Ruta 1-A: Montaña Machupicchu",50,50,,
2026-09-14T08:38:50.654Z,2026-09-14 03:38:50,2026-09-14 10:38:50,"Ruta 2-A: Clásico Diseñada",600,600,,
2026-09-14T08:54:28.715Z,2026-09-14 03:54:28,2026-09-14 10:54:28,"Ruta 1-A: Montaña Machupicchu",50,50,,
2026-09-14T08:54:28.715Z,2026-09-14 03:54:28,2026-09-14 10:54:28,"Ruta 2-A: Clásico Diseñada",600,600,,
2026-09-14T09:08:20.633Z,2026-09-14 04:08:20,2026-09-14 11:08:20,"Ruta 1-A: Montaña Machupicchu",50,50,,
2026-09-14T09:08:20.633Z,2026-09-14 04:08:20,2026-09-14 11:08:20,"Ruta 2-A: Clásico Diseñada",600,600,,
2026-09-14T09:33:38.660Z,2026-09-14 04:33:38,2026-09-14 11:33:38,"Ruta 1-A: Montaña Machupicchu",50,50,,
2026-09-14T09:33:38.660Z,2026-09-14 04:33:38,2026-09-14 11:33:38,"Ruta 2-A: Clásico Diseñada",600,600,,
2026-09-14T09:51:02.338Z,2026-09-14 04:51:02,2026-09-14 11:51:02,"Ruta 1-A: Montaña Machupicchu",50,50,,
2026-09-14T09:51:02.338Z,2026-09-14 04:51:02,2026-09-14 11:51:02,"Ruta 2-A: Clásico Diseñada",600,600,,
2026-09-14T10:25:48.784Z,2026-09-14 05:25:48,2026-09-14 12:25:48,"Ruta 1-A: Montaña Machupicchu",50,50,,
2026-09-14T10:25:48.784Z,2026-09-14 05:25:48,2026-09-14 12:25:48,"Ruta 2-A: Clásico Diseñada",600,600,,
2026-09-14T10:35:44.930Z,2026-09-14 05:35:44,2026-09-14 12:35:44,"Ruta 1-A: Montaña Machupicchu",50,50,,
2026-09-14T10:35:44.930Z,2026-09-14 05:35:44,2026-09-14 12:35:44,"Ruta 2-A: Clásico Diseñada",600,600,,
2026-09-14T10:47:20.913Z,2026-09-14 05:47:20,2026-09-14 12:47:20,"Ruta 1-A: Montaña Machupicchu",50,50,,
2026-09-14T10:47:20.913Z,2026-09-14 05:47:20,2026-09-14 12:47:20,"Ruta 2-A: Clásico Diseñada",600,600,,
2026-09-14T11:05:40.410Z,2026-09-14 06:05:40,2026-09-14 13:05:40,"Ruta 1-A: Montaña Machupicchu",50,50,,
2026-09-14T11:05:40.410Z,2026-09-14 06:05:40,2026-09-14 13:05:40,"Ruta 2-A: Clásico Diseñada",600,597,,
2026-09-14T11:24:32.472Z,2026-09-14 06:24:32,2026-09-14 13:24:32,"Ruta 1-A: Montaña Machupicchu",50,50,,
2026-09-14T11:24:32.472Z,2026-09-14 06:24:32,2026-09-14 13:24:32,"Ruta 2-A: Clásico Diseñada",600,571,,
2026-09-14T11:34:37.409Z,2026-09-14 06:34:37,2026-09-14 13:34:37,"Ruta 1-A: Montaña Machupicchu",50,50,,
2026-09-14T11:34:37.409Z,2026-09-14 06:34:37,2026-09-14 13:34:37,"Ruta 2-A: Clásico Diseñada",600,554,,
2026-09-14T11:47:40.585Z,2026-09-14 06:47:40,2026-09-14 13:47:40,"Ruta 1-A: Montaña Machupicchu",50,50,,
2026-09-14T11:47:40.585Z,2026-09-14 06:47:40,2026-09-14 13:47:40,"Ruta 2-A: Clásico Diseñada",600,525,,
2026-09-14T12:36:42.475Z,2026-09-14 07:36:42,2026-09-14 14:36:42,"Ruta 1-A: Montaña Machupicchu",50,50,,
2026-09-14T12:36:42.475Z,2026-09-14 07:36:42,2026-09-14 14:36:42,"Ruta 2-A: Clásico Diseñada",600,450,,
2026-09-14T12:56:03.015Z,2026-09-14 07:56:03,2026-09-14 14:56:03,"Ruta 1-A: Montaña Machupicchu",50,50,,
2026-09-14T12:56:03.015Z,2026-09-14 07:56:03,2026-09-14 14:56:03,"Ruta 2-A: Clásico Diseñada",600,416,,
2026-09-14T13:06:39.332Z,2026-09-14 08:06:39,2026-09-14 15:06:39,"Ruta 1-A: Montaña Machupicchu",50,50,,
2026-09-14T13:06:39.332Z,2026-09-14 08:06:39,2026-09-14 15:06:39,"Ruta 2-A: Clásico Diseñada",600,392,,
2026-09-14T13:27:00.210Z,2026-09-14 08:27:00,2026-09-14 15:27:00,"Ruta 1-A: Montaña Machupicchu",50,50,,
2026-09-14T13:27:00.210Z,2026-09-14 08:27:00,2026-09-14 15:27:00,"Ruta 2-A: Clásico Diseñada",600,382,,
2026-09-14T13:38:42.616Z,2026-09-14 08:38:42,2026-09-14 15:38:42,"Ruta 1-A: Montaña Machupicchu",50,50,,
2026-09-14T13:38:42.616Z,2026-09-14 08:38:42,2026-09-14 15:38:42,"Ruta 2-A: Clásico Diseñada",600,382,,
2026-09-14T13:47:38.668Z,2026-09-14 08:47:38,2026-09-14 15:47:38,"Ruta 1-A: Montaña Machupicchu",50,50,,
2026-09-14T13:47:38.668Z,2026-09-14 08:47:38,2026-09-14 15:47:38,"Ruta 2-A: Clásico Diseñada",600,371,,
2026-09-14T14:06:45.232Z,2026-09-14 09:06:45,2026-09-14 16:06:45,"Ruta 1-A: Montaña Machupicchu",50,50,,
2026-09-14T14:06:45.232Z,2026-09-14 09:06:45,2026-09-14 16:06:45,"Ruta 2-A: Clásico Diseñada",600,329,,
2026-09-14T14:28:02.487Z,2026-09-14 09:28:02,2026-09-14 16:28:02,"Ruta 1-A: Montaña Machupicchu",50,50,,
2026-09-14T14:28:02.487Z,2026-09-14 09:28:02,2026-09-14 16:28:02,"Ruta 2-A: Clásico Diseñada",600,293,,
2026-09-14T14:41:18.639Z,2026-09-14 09:41:18,2026-09-14 16:41:18,"Ruta 1-A: Montaña Machupicchu",50,50,,
2026-09-14T14:41:18.639Z,2026-09-14 09:41:18,2026-09-14 16:41:18,"Ruta 2-A: Clásico Diseñada",600,278,,
2026-09-14T14:49:46.756Z,2026-09-14 09:49:46,2026-09-14 16:49:46,"Ruta 1-A: Montaña Machupicchu",50,50,,
2026-09-14T14:49:46.756Z,2026-09-14 09:49:46,2026-09-14 16:49:46,"Ruta 2-A: Clásico Diseñada",600,262,,
2026-09-14T15:06:43.469Z,2026-09-14 10:06:43,2026-09-14 17:06:43,"Ruta 1-A: Montaña Machupicchu",50,50,,
2026-09-14T15:06:43.469Z,2026-09-14 10:06:43,2026-09-14 17:06:43,"Ruta 2-A: Clásico Diseñada",600,233,,
2026-09-14T15:26:11.966Z,2026-09-14 10:26:11,2026-09-14 17:26:11,"Ruta 1-A: Montaña Machupicchu",50,50,,
2026-09-14T15:26:11.966Z,2026-09-14 10:26:11,2026-09-14 17:26:11,"Ruta 2-A: Clásico Diseñada",600,195,,
2026-09-14T15:36:58.967Z,2026-09-14 10:36:58,2026-09-14 17:36:58,"Ruta 1-A: Montaña Machupicchu",50,50,,
2026-09-14T15:36:58.967Z,2026-09-14 10:36:58,2026-09-14 17:36:58,"Ruta 2-A: Clásico Diseñada",600,172,,
2026-09-14T15:47:46.876Z,2026-09-14 10:47:46,2026-09-14 17:47:46,"Ruta 1-A: Montaña Machupicchu",50,50,,
2026-09-14T15:47:46.876Z,2026-09-14 10:47:46,2026-09-14 17:47:46,"Ruta 2-A: Clásico Diseñada",600,161,,
2026-09-14T16:06:40.526Z,2026-09-14 11:06:40,2026-09-14 18:06:40,"Ruta 1-A: Montaña Machupicchu",50,50,,
2026-09-14T16:06:40.526Z,2026-09-14 11:06:40,2026-09-14 18:06:40,"Ruta 2-A: Clásico Diseñada",600,139,,
2026-09-14T16:25:58.717Z,2026-09-14 11:25:58,2026-09-14 18:25:58,"Ruta 1-A: Montaña Machupicchu",50,50,,
2026-09-14T16:25:58.717Z,2026-09-14 11:25:58,2026-09-14 18:25:58,"Ruta 2-A: Clásico Diseñada",600,128,,
2026-09-14T16:36:15.557Z,2026-09-14 11:36:15,2026-09-14 18:36:15,"Ruta 1-A: Montaña Machupicchu",50,48,,
2026-09-14T16:36:15.557Z,2026-09-14 11:36:15,2026-09-14 18:36:15,"Ruta 2-A: Clásico Diseñada",600,116,,
2026-09-14T16:48:31.566Z,2026-09-14 11:48:31,2026-09-14 18:48:31,"Ruta 1-A: Montaña Machupicchu",50,48,,
2026-09-14T16:48:31.566Z,2026-09-14 11:48:31,2026-09-14 18:48:31,"Ruta 2-A: Clásico Diseñada",600,108,,
2026-09-14T17:04:54.908Z,2026-09-14 12:04:54,2026-09-14 19:04:54,"Ruta 1-A: Montaña Machupicchu",50,48,,
2026-09-14T17:04:54.908Z,2026-09-14 12:04:54,2026-09-14 19:04:54,"Ruta 2-A: Clásico Diseñada",600,108,,
2026-09-14T17:21:38.075Z,2026-09-14 12:21:38,2026-09-14 19:21:38,"Ruta 1-A: Montaña Machupicchu",50,48,,
2026-09-14T17:21:38.075Z,2026-09-14 12:21:38,2026-09-14 19:21:38,"Ruta 2-A: Clásico Diseñada",600,82,,
2026-09-14T17:33:11.788Z,2026-09-14 12:33:11,2026-09-14 19:33:11,"Ruta 1-A: Montaña Machupicchu",50,48,,
2026-09-14T17:33:11.788Z,2026-09-14 12:33:11,2026-09-14 19:33:11,"Ruta 2-A: Clásico Diseñada",600,63,,
2026-09-14T17:48:05.401Z,2026-09-14 12:48:05,2026-09-14 19:48:05,"Ruta 1-A: Montaña Machupicchu",50,48,,
2026-09-14T17:48:05.401Z,2026-09-14 12:48:05,2026-09-14 19:48:05,"Ruta 2-A: Clásico Diseñada",600,54,,
2026-09-14T18:06:54.215Z,2026-09-14 13:06:54,2026-09-14 20:06:54,"Ruta 1-A: Montaña Machupicchu",50,46,,
2026-09-14T18:06:54.215Z,2026-09-14 13:06:54,2026-09-14 20:06:54,"Ruta 2-A: Clásico Diseñada",600,50,,
2026-09-14T18:28:37.925Z,2026-09-14 13:28:37,2026-09-14 20:28:37,"Ruta 1-A: Montaña Machupicchu",50,46,,
2026-09-14T18:28:37.925Z,2026-09-14 13:28:37,2026-09-14 20:28:37,"Ruta 2-A: Clásico Diseñada",600,33,,
2026-09-14T18:43:45.087Z,2026-09-14 13:43:45,2026-09-14 20:43:45,"Ruta 1-A: Montaña Machupicchu",50,46,,
2026-09-14T18:43:45.087Z,2026-09-14 13:43:45,2026-09-14 20:43:45,"Ruta 2-A: Clásico Diseñada",600,22,,
2026-09-14T18:51:39.044Z,2026-09-14 13:51:39,2026-09-14 20:51:39,"Ruta 1-A: Montaña Machupicchu",50,46,,
2026-09-14T18:51:39.044Z,2026-09-14 13:51:39,2026-09-14 20:51:39,"Ruta 2-A: Clásico Diseñada",600,15,,
2026-09-14T19:05:07.106Z,2026-09-14 14:05:07,2026-09-14 21:05:07,"Ruta 1-A: Montaña Machupicchu",50,46,,
2026-09-14T19:05:07.106Z,2026-09-14 14:05:07,2026-09-14 21:05:07,"Ruta 2-A: Clásico Diseñada",600,12,,
2026-09-14T19:21:53.909Z,2026-09-14 14:21:53,2026-09-14 21:21:53,"Ruta 1-A: Montaña Machupicchu",50,46,,
2026-09-14T19:21:53.909Z,2026-09-14 14:21:53,2026-09-14 21:21:53,"Ruta 2-A: Clásico Diseñada",600,5,,
2026-09-14T19:33:14.925Z,2026-09-14 14:33:14,2026-09-14 21:33:14,"Ruta 1-A: Montaña Machupicchu",50,46,,
2026-09-14T19:33:14.925Z,2026-09-14 14:33:14,2026-09-14 21:33:14,"Ruta 2-A: Clásico Diseñada",600,0,,
2026-09-14T19:47:43.190Z,2026-09-14 14:47:43,2026-09-14 21:47:43,"Ruta 1-A: Montaña Machupicchu",50,46,,
2026-09-14T19:47:43.190Z,2026-09-14 14:47:43,2026-09-14 21:47:43,"Ruta 2-A: Clásico Diseñada",600,0,,
2026-09-14T20:06:12.800Z,2026-09-14 15:06:12,2026-09-14 22:06:12,"Ruta 1-A: Montaña Machupicchu",50,46,,
2026-09-14T20:06:12.800Z,2026-09-14 15:06:12,2026-09-14 22:06:12,"Ruta 2-A: Clásico Diseñada",600,0,,
2026-09-14T20:23:51.416Z,2026-09-14 15:23:51,2026-09-14 22:23:51,"Ruta 1-A: Montaña Machupicchu",50,45,,
2026-09-14T20:23:51.416Z,2026-09-14 15:23:51,2026-09-14 22:23:51,"Ruta 2-A: Clásico Diseñada",600,0,,
2026-09-14T20:33:21.704Z,2026-09-14 15:33:21,2026-09-14 22:33:21,"Ruta 1-A: Montaña Machupicchu",50,42,,
2026-09-14T20:33:21.704Z,2026-09-14 15:33:21,2026-09-14 22:33:21,"Ruta 2-A: Clásico Diseñada",600,0,,
2026-09-14T20:47:43.417Z,2026-09-14 15:47:43,2026-09-14 22:47:43,"Ruta 1-A: Montaña Machupicchu",50,42,,
2026-09-14T20:47:43.417Z,2026-09-14 15:47:43,2026-09-14 22:47:43,"Ruta 2-A: Clásico Diseñada",600,0,,
2026-09-14T21:05:09.061Z,2026-09-14 16:05:09,2026-09-14 23:05:09,"Ruta 1-A: Montaña Machupicchu",50,42,,
2026-09-14T21:05:09.061Z,2026-09-14 16:05:09,2026-09-14 23:05:09,"Ruta 2-A: Clásico Diseñada",600,0,,
2026-09-14T21:21:17.123Z,2026-09-14 16:21:17,2026-09-14 23:21:17,"Ruta 1-A: Montaña Machupicchu",50,40,,
2026-09-14T21:21:17.123Z,2026-09-14 16:21:17,2026-09-14 23:21:17,"Ruta 2-A: Clásico Diseñada",600,0,,
2026-09-14T21:33:02.599Z,2026-09-14 16:33:02,2026-09-14 23:33:02,"Ruta 1-A: Montaña Machupicchu",50,40,,
2026-09-14T21:33:02.599Z,2026-09-14 16:33:02,2026-09-14 23:33:02,"Ruta 2-A: Clásico Diseñada",600,0,,
2026-09-14T21:47:28.141Z,2026-09-14 16:47:28,2026-09-14 23:47:28,"Ruta 1-A: Montaña Machupicchu",50,40,,
2026-09-14T21:47:28.141Z,2026-09-14 16:47:28,2026-09-14 23:47:28,"Ruta 2-A: Clásico Diseñada",600,0,,
2026-09-14T22:05:45.991Z,2026-09-14 17:05:45,2026-09-15 00:05:45,"Ruta 1-A: Montaña Machupicchu",50,40,,
2026-09-14T22:05:45.991Z,2026-09-14 17:05:45,2026-09-15 00:05:45,"Ruta 2-A: Clásico Diseñada",600,0,,
2026-09-14T22:23:55.434Z,2026-09-14 17:23:55,2026-09-15 00:23:55,"Ruta 1-A: Montaña Machupicchu",50,40,,
2026-09-14T22:23:55.434Z,2026-09-14 17:23:55,2026-09-15 00:23:55,"Ruta 2-A: Clásico Diseñada",600,0,,
2026-09-14T22:33:53.246Z,2026-09-14 17:33:53,2026-09-15 00:33:53,"Ruta 1-A: Montaña Machupicchu",50,36,,
2026-09-14T22:33:53.246Z,2026-09-14 17:33:53,2026-09-15 00:33:53,"Ruta 2-A: Clásico Diseñada",600,0,,
2026-09-14T22:47:41.315Z,2026-09-14 17:47:41,2026-09-15 00:47:41,"Ruta 1-A: Montaña Machupicchu",50,33,,
2026-09-14T22:47:41.315Z,2026-09-14 17:47:41,2026-09-15 00:47:41,"Ruta 2-A: Clásico Diseñada",600,0,,
2026-09-14T23:05:15.173Z,2026-09-14 18:05:15,2026-09-15 01:05:15,"Ruta 1-A: Montaña Machupicchu",50,33,,
2026-09-14T23:05:15.173Z,2026-09-14 18:05:15,2026-09-15 01:05:15,"Ruta 2-A: Clásico Diseñada",600,0,,
2026-09-14T23:20:55.708Z,2026-09-14 18:20:55,2026-09-15 01:20:55,"Ruta 1-A: Montaña Machupicchu",50,33,,
2026-09-14T23:20:55.708Z,2026-09-14 18:20:55,2026-09-15 01:20:55,"Ruta 2-A: Clásico Diseñada",600,0,,
2026-09-14T23:33:20.373Z,2026-09-14 18:33:20,2026-09-15 01:33:20,"Ruta 1-A: Montaña Machupicchu",50,33,,
2026-09-14T23:33:20.373Z,2026-09-14 18:33:20,2026-09-15 01:33:20,"Ruta 2-A: Clásico Diseñada",600,0,,
2026-09-14T23:47:40.211Z,2026-09-14 18:47:40,2026-09-15 01:47:40,"Ruta 1-A: Montaña Machupicchu",50,26,,
2026-09-14T23:47:40.211Z,2026-09-14 18:47:40,2026-09-15 01:47:40,"Ruta 2-A: Clásico Diseñada",600,0,,
2026-09-15T01:36:16.434Z,2026-09-14 20:36:16,2026-09-15 03:36:16,"Ruta 1-A: Montaña Machupicchu",50,50,,
2026-09-15T01:36:16.434Z,2026-09-14 20:36:16,2026-09-15 03:36:16,"Ruta 2-A: Clásico Diseñada",600,600,,
2026-09-15T01:57:22.313Z,2026-09-14 20:57:22,2026-09-15 03:57:22,"Ruta 1-A: Montaña Machupicchu",50,50,,
2026-09-15T01:57:22.313Z,2026-09-14 20:57:22,2026-09-15 03:57:22,"Ruta 2-A: Clásico Diseñada",600,600,,
2026-09-15T02:18:40.692Z,2026-09-14 21:18:40,2026-09-15 04:18:40,"Ruta 1-A: Montaña Machupicchu",50,50,,
2026-09-15T02:18:40.692Z,2026-09-14 21:18:40,2026-09-15 04:18:40,"Ruta 2-A: Clásico Diseñada",600,600,,
2026-09-15T02:41:18.840Z,2026-09-14 21:41:18,2026-09-15 04:41:18,"Ruta 1-A: Montaña Machupicchu",50,50,,
2026-09-15T02:41:18.840Z,2026-09-14 21:41:18,2026-09-15 04:41:18,"Ruta 2-A: Clásico Diseñada",600,600,,
2026-09-15T02:52:44.760Z,2026-09-14 21:52:44,2026-09-15 04:52:44,"Ruta 1-A: Montaña Machupicchu",50,50,,
2026-09-15T02:52:44.760Z,2026-09-14 21:52:44,2026-09-15 04:52:44,"Ruta 2-A: Clásico Diseñada",600,600,,
2026-09-15T03:07:09.610Z,2026-09-14 22:07:09,2026-09-15 05:07:09,"Ruta 1-A: Montaña Machupicchu",50,50,,
2026-09-15T03:07:09.610Z,2026-09-14 22:07:09,2026-09-15 05:07:09,"Ruta 2-A: Clásico Diseñada",600,600,,
2026-09-15T03:29:28.249Z,2026-09-14 22:29:28,2026-09-15 05:29:28,"Ruta 1-A: Montaña Machupicchu",50,50,,
2026-09-15T03:29:28.249Z,2026-09-14 22:29:28,2026-09-15 05:29:28,"Ruta 2-A: Clásico Diseñada",600,600,,
2026-09-15T03:45:22.503Z,2026-09-14 22:45:22,2026-09-15 05:45:22,"Ruta 1-A: Montaña Machupicchu",50,50,,
2026-09-15T03:45:22.503Z,2026-09-14 22:45:22,2026-09-15 05:45:22,"Ruta 2-A: Clásico Diseñada",600,600,,
2026-09-15T03:52:50.114Z,2026-09-14 22:52:50,2026-09-15 05:52:50,"Ruta 1-A: Montaña Machupicchu",50,50,,
2026-09-15T03:52:50.114Z,2026-09-14 22:52:50,2026-09-15 05:52:50,"Ruta 2-A: Clásico Diseñada",600,600,,
2026-09-15T04:06:49.209Z,2026-09-14 23:06:49,2026-09-15 06:06:49,"Ruta 1-A: Montaña Machupicchu",50,50,,
2026-09-15T04:06:49.209Z,2026-09-14 23:06:49,2026-09-15 06:06:49,"Ruta 2-A: Clásico Diseñada",600,600,,
2026-09-15T04:29:12.212Z,2026-09-14 23:29:12,2026-09-15 06:29:12,"Ruta 1-A: Montaña Machupicchu",50,50,,
2026-09-15T04:29:12.212Z,2026-09-14 23:29:12,2026-09-15 06:29:12,"Ruta 2-A: Clásico Diseñada",600,600,,
2026-09-15T04:44:39.701Z,2026-09-14 23:44:39,2026-09-15 06:44:39,"Ruta 1-A: Montaña Machupicchu",50,50,,
2026-09-15T04:44:39.701Z,2026-09-14 23:44:39,2026-09-15 06:44:39,"Ruta 2-A: Clásico Diseñada",600,600,,
2026-09-15T04:52:26.207Z,2026-09-14 23:52:26,2026-09-15 06:52:26,"Ruta 1-A: Montaña Machupicchu",50,50,,
2026-09-15T04:52:26.207Z,2026-09-14 23:52:26,2026-09-15 06:52:26,"Ruta 2-A: Clásico Diseñada",600,600,,
2026-09-15T05:06:07.557Z,2026-09-15 00:06:07,2026-09-15 07:06:07,"Ruta 1-A: Montaña Machupicchu",50,50,,
2026-09-15T05:06:07.557Z,2026-09-15 00:06:07,2026-09-15 07:06:07,"Ruta 2-A: Clásico Diseñada",600,600,,
2026-09-15T05:26:04.276Z,2026-09-15 00:26:04,2026-09-15 07:26:04,"Ruta 1-A: Montaña Machupicchu",50,50,,
2026-09-15T05:26:04.276Z,2026-09-15 00:26:04,2026-09-15 07:26:04,"Ruta 2-A: Clásico Diseñada",600,600,,
2026-09-15T05:36:49.820Z,2026-09-15 00:36:49,2026-09-15 07:36:49,"Ruta 1-A: Montaña Machupicchu",50,50,,
2026-09-15T05:36:49.820Z,2026-09-15 00:36:49,2026-09-15 07:36:49,"Ruta 2-A: Clásico Diseñada",600,600,,
2026-09-15T05:48:05.646Z,2026-09-15 00:48:05,2026-09-15 07:48:05,"Ruta 1-A: Montaña Machupicchu",50,50,,
2026-09-15T05:48:05.646Z,2026-09-15 00:48:05,2026-09-15 07:48:05,"Ruta 2-A: Clásico Diseñada",600,600,,
2026-09-15T06:10:01.498Z,2026-09-15 01:10:01,2026-09-15 08:10:01,"Ruta 1-A: Montaña Machupicchu",50,50,,
2026-09-15T06:10:01.498Z,2026-09-15 01:10:01,2026-09-15 08:10:01,"Ruta 2-A: Clásico Diseñada",600,600,,
2026-09-15T06:40:27.833Z,2026-09-15 01:40:27,2026-09-15 08:40:27,"Ruta 1-A: Montaña Machupicchu",50,50,,
2026-09-15T06:40:27.833Z,2026-09-15 01:40:27,2026-09-15 08:40:27,"Ruta 2-A: Clásico Diseñada",600,600,,
2026-09-15T07:23:41.908Z,2026-09-15 02:23:41,2026-09-15 09:23:41,"Ruta 1-A: Montaña Machupicchu",50,50,,
2026-09-15T07:23:41.908Z,2026-09-15 02:23:41,2026-09-15 09:23:41,"Ruta 2-A: Clásico Diseñada",600,600,,
2026-09-15T07:37:57.578Z,2026-09-15 02:37:57,2026-09-15 09:37:57,"Ruta 1-A: Montaña Machupicchu",50,50,,
2026-09-15T07:37:57.578Z,2026-09-15 02:37:57,2026-09-15 09:37:57,"Ruta 2-A: Clásico Diseñada",600,600,,
2026-09-15T08:07:58.472Z,2026-09-15 03:07:58,2026-09-15 10:07:58,"Ruta 1-A: Montaña Machupicchu",50,50,,
2026-09-15T08:07:58.472Z,2026-09-15 03:07:58,2026-09-15 10:07:58,"Ruta 2-A: Clásico Diseñada",600,600,,
2026-09-15T08:33:34.429Z,2026-09-15 03:33:34,2026-09-15 10:33:34,"Ruta 1-A: Montaña Machupicchu",50,50,,
2026-09-15T08:33:34.429Z,2026-09-15 03:33:34,2026-09-15 10:33:34,"Ruta 2-A: Clásico Diseñada",600,600,,
2026-09-15T08:52:49.113Z,2026-09-15 03:52:49,2026-09-15 10:52:49,"Ruta 1-A: Montaña Machupicchu",50,50,,
2026-09-15T08:52:49.113Z,2026-09-15 03:52:49,2026-09-15 10:52:49,"Ruta 2-A: Clásico Diseñada",600,600,,
2026-09-15T09:06:55.033Z,2026-09-15 04:06:55,2026-09-15 11:06:55,"Ruta 1-A: Montaña Machupicchu",50,50,,
2026-09-15T09:06:55.033Z,2026-09-15 04:06:55,2026-09-15 11:06:55,"Ruta 2-A: Clásico Diseñada",600,600,,
2026-09-15T09:29:35.450Z,2026-09-15 04:29:35,2026-09-15 11:29:35,"Ruta 1-A: Montaña Machupicchu",50,50,,
2026-09-15T09:29:35.450Z,2026-09-15 04:29:35,2026-09-15 11:29:35,"Ruta 2-A: Clásico Diseñada",600,600,,
2026-09-15T09:45:38.570Z,2026-09-15 04:45:38,2026-09-15 11:45:38,"Ruta 1-A: Montaña Machupicchu",50,50,,
2026-09-15T09:45:38.570Z,2026-09-15 04:45:38,2026-09-15 11:45:38,"Ruta 2-A: Clásico Diseñada",600,600,,
2026-09-15T09:53:50.169Z,2026-09-15 04:53:50,2026-09-15 11:53:50,"Ruta 1-A: Montaña Machupicchu",50,50,,
2026-09-15T09:53:50.169Z,2026-09-15 04:53:50,2026-09-15 11:53:50,"Ruta 2-A: Clásico Diseñada",600,600,,
2026-09-15T10:06:17.896Z,2026-09-15 05:06:17,2026-09-15 12:06:17,"Ruta 1-A: Montaña Machupicchu",50,50,,
2026-09-15T10:06:17.896Z,2026-09-15 05:06:17,2026-09-15 12:06:17,"Ruta 2-A: Clásico Diseñada",600,600,,
2026-09-15T10:36:47.867Z,2026-09-15 05:36:47,2026-09-15 12:36:47,"Ruta 1-A: Montaña Machupicchu",50,50,,
2026-09-15T10:36:47.867Z,2026-09-15 05:36:47,2026-09-15 12:36:47,"Ruta 2-A: Clásico Diseñada",600,600,,
2026-09-15T10:47:56.244Z,2026-09-15 05:47:56,2026-09-15 12:47:56,"Ruta 1-A: Montaña Machupicchu",50,50,,
2026-09-15T10:47:56.244Z,2026-09-15 05:47:56,2026-09-15 12:47:56,"Ruta 2-A: Clásico Diseñada",600,600,,
2026-09-15T11:07:02.579Z,2026-09-15 06:07:02,2026-09-15 13:07:02,"Ruta 1-A: Montaña Machupicchu",50,50,,
2026-09-15T11:07:02.579Z,2026-09-15 06:07:02,2026-09-15 13:07:02,"Ruta 2-A: Clásico Diseñada",600,597,,
2026-09-15T11:23:47.337Z,2026-09-15 06:23:47,2026-09-15 13:23:47,"Ruta 1-A: Montaña Machupicchu",50,50,,
2026-09-15T11:23:47.337Z,2026-09-15 06:23:47,2026-09-15 13:23:47,"Ruta 2-A: Clásico Diseñada",600,571,,
2026-09-15T11:34:00.409Z,2026-09-15 06:34:00,2026-09-15 13:34:00,"Ruta 1-A: Montaña Machupicchu",50,50,,
2026-09-15T11:34:00.409Z,2026-09-15 06:34:00,2026-09-15 13:34:00,"Ruta 2-A: Clásico Diseñada",600,544,,
2026-09-15T12:08:17.436Z,2026-09-15 07:08:17,2026-09-15 14:08:17,"Ruta 1-A: Montaña Machupicchu",50,50,,
2026-09-15T12:08:17.436Z,2026-09-15 07:08:17,2026-09-15 14:08:17,"Ruta 2-A: Clásico Diseñada",600,490,,
2026-09-15T12:35:20.915Z,2026-09-15 07:35:20,2026-09-15 14:35:20,"Ruta 1-A: Montaña Machupicchu",50,50,,
2026-09-15T12:35:20.915Z,2026-09-15 07:35:20,2026-09-15 14:35:20,"Ruta 2-A: Clásico Diseñada",600,423,,
2026-09-15T12:54:02.701Z,2026-09-15 07:54:02,2026-09-15 14:54:02,"Ruta 1-A: Montaña Machupicchu",50,50,,
2026-09-15T12:54:02.701Z,2026-09-15 07:54:02,2026-09-15 14:54:02,"Ruta 2-A: Clásico Diseñada",600,403,,
2026-09-15T13:06:18.236Z,2026-09-15 08:06:18,2026-09-15 15:06:18,"Ruta 1-A: Montaña Machupicchu",50,50,,
2026-09-15T13:06:18.236Z,2026-09-15 08:06:18,2026-09-15 15:06:18,"Ruta 2-A: Clásico Diseñada",600,388,,
2026-09-15T13:26:58.710Z,2026-09-15 08:26:58,2026-09-15 15:26:58,"Ruta 1-A: Montaña Machupicchu",50,50,,
2026-09-15T13:26:58.710Z,2026-09-15 08:26:58,2026-09-15 15:26:58,"Ruta 2-A: Clásico Diseñada",600,349,,
2026-09-15T13:37:40.466Z,2026-09-15 08:37:40,2026-09-15 15:37:40,"Ruta 1-A: Montaña Machupicchu",50,50,,
2026-09-15T13:37:40.466Z,2026-09-15 08:37:40,2026-09-15 15:37:40,"Ruta 2-A: Clásico Diseñada",600,330,,
2026-09-15T13:47:58.903Z,2026-09-15 08:47:58,2026-09-15 15:47:58,"Ruta 1-A: Montaña Machupicchu",50,50,,
2026-09-15T13:47:58.903Z,2026-09-15 08:47:58,2026-09-15 15:47:58,"Ruta 2-A: Clásico Diseñada",600,311,,
2026-09-15T14:06:35.006Z,2026-09-15 09:06:35,2026-09-15 16:06:35,"Ruta 1-A: Montaña Machupicchu",50,50,,
2026-09-15T14:06:35.006Z,2026-09-15 09:06:35,2026-09-15 16:06:35,"Ruta 2-A: Clásico Diseñada",600,285,,
2026-09-15T14:26:42.820Z,2026-09-15 09:26:42,2026-09-15 16:26:42,"Ruta 1-A: Montaña Machupicchu",50,50,,
2026-09-15T14:26:42.820Z,2026-09-15 09:26:42,2026-09-15 16:26:42,"Ruta 2-A: Clásico Diseñada",600,214,,
2026-09-15T14:37:57.863Z,2026-09-15 09:37:57,2026-09-15 16:37:57,"Ruta 1-A: Montaña Machupicchu",50,50,,
2026-09-15T14:37:57.863Z,2026-09-15 09:37:57,2026-09-15 16:37:57,"Ruta 2-A: Clásico Diseñada",600,182,,
2026-09-15T14:48:18.538Z,2026-09-15 09:48:18,2026-09-15 16:48:18,"Ruta 1-A: Montaña Machupicchu",50,50,,
2026-09-15T14:48:18.538Z,2026-09-15 09:48:18,2026-09-15 16:48:18,"Ruta 2-A: Clásico Diseñada",600,163,,
2026-09-15T15:06:15.778Z,2026-09-15 10:06:15,2026-09-15 17:06:15,"Ruta 1-A: Montaña Machupicchu",50,50,,
2026-09-15T15:06:15.778Z,2026-09-15 10:06:15,2026-09-15 17:06:15,"Ruta 2-A: Clásico Diseñada",600,137,,
2026-09-15T15:24:13.567Z,2026-09-15 10:24:13,2026-09-15 17:24:13,"Ruta 1-A: Montaña Machupicchu",50,50,,
2026-09-15T15:24:13.567Z,2026-09-15 10:24:13,2026-09-15 17:24:13,"Ruta 2-A: Clásico Diseñada",600,97,,
2026-09-15T15:34:45.157Z,2026-09-15 10:34:45,2026-09-15 17:34:45,"Ruta 1-A: Montaña Machupicchu",50,49,,
2026-09-15T15:34:45.157Z,2026-09-15 10:34:45,2026-09-15 17:34:45,"Ruta 2-A: Clásico Diseñada",600,78,,
2026-09-15T15:47:44.658Z,2026-09-15 10:47:44,2026-09-15 17:47:44,"Ruta 1-A: Montaña Machupicchu",50,48,,
2026-09-15T15:47:44.658Z,2026-09-15 10:47:44,2026-09-15 17:47:44,"Ruta 2-A: Clásico Diseñada",600,67,,
2026-09-15T16:06:12.368Z,2026-09-15 11:06:12,2026-09-15 18:06:12,"Ruta 1-A: Montaña Machupicchu",50,48,,
2026-09-15T16:06:12.368Z,2026-09-15 11:06:12,2026-09-15 18:06:12,"Ruta 2-A: Clásico Diseñada",600,41,,
2026-09-15T16:26:51.829Z,2026-09-15 11:26:51,2026-09-15 18:26:51,"Ruta 1-A: Montaña Machupicchu",50,48,,
2026-09-15T16:26:51.829Z,2026-09-15 11:26:51,2026-09-15 18:26:51,"Ruta 2-A: Clásico Diseñada",600,14,,
2026-09-15T16:38:43.739Z,2026-09-15 11:38:43,2026-09-15 18:38:43,"Ruta 1-A: Montaña Machupicchu",50,48,,
2026-09-15T16:38:43.739Z,2026-09-15 11:38:43,2026-09-15 18:38:43,"Ruta 2-A: Clásico Diseñada",600,13,,
2026-09-15T16:49:07.622Z,2026-09-15 11:49:07,2026-09-15 18:49:07,"Ruta 1-A: Montaña Machupicchu",50,48,,
2026-09-15T16:49:07.622Z,2026-09-15 11:49:07,2026-09-15 18:49:07,"Ruta 2-A: Clásico Diseñada",600,11,,
2026-09-15T17:05:38.421Z,2026-09-15 12:05:38,2026-09-15 19:05:38,"Ruta 1-A: Montaña Machupicchu",50,48,,
2026-09-15T17:05:38.421Z,2026-09-15 12:05:38,2026-09-15 19:05:38,"Ruta 2-A: Clásico Diseñada",600,8,,
2026-09-15T17:21:56.096Z,2026-09-15 12:21:56,2026-09-15 19:21:56,"Ruta 1-A: Montaña Machupicchu",50,48,,
2026-09-15T17:21:56.096Z,2026-09-15 12:21:56,2026-09-15 19:21:56,"Ruta 2-A: Clásico Diseñada",600,0,,
2026-09-15T17:32:54.315Z,2026-09-15 12:32:54,2026-09-15 19:32:54,"Ruta 1-A: Montaña Machupicchu",50,48,,
2026-09-15T17:32:54.315Z,2026-09-15 12:32:54,2026-09-15 19:32:54,"Ruta 2-A: Clásico Diseñada",600,0,,
2026-09-15T17:47:47.560Z,2026-09-15 12:47:47,2026-09-15 19:47:47,"Ruta 1-A: Montaña Machupicchu",50,48,,
2026-09-15T17:47:47.560Z,2026-09-15 12:47:47,2026-09-15 19:47:47,"Ruta 2-A: Clásico Diseñada",600,0,,
2026-09-15T18:06:37.639Z,2026-09-15 13:06:37,2026-09-15 20:06:37,"Ruta 1-A: Montaña Machupicchu",50,45,,
2026-09-15T18:06:37.639Z,2026-09-15 13:06:37,2026-09-15 20:06:37,"Ruta 2-A: Clásico Diseñada",600,0,,
2026-09-15T18:27:40.151Z,2026-09-15 13:27:40,2026-09-15 20:27:40,"Ruta 1-A: Montaña Machupicchu",50,45,,
2026-09-15T18:27:40.151Z,2026-09-15 13:27:40,2026-09-15 20:27:40,"Ruta 2-A: Clásico Diseñada",600,0,,
2026-09-15T18:41:22.619Z,2026-09-15 13:41:22,2026-09-15 20:41:22,"Ruta 1-A: Montaña Machupicchu",50,45,,
2026-09-15T18:41:22.619Z,2026-09-15 13:41:22,2026-09-15 20:41:22,"Ruta 2-A: Clásico Diseñada",600,0,,
2026-09-15T18:50:20.920Z,2026-09-15 13:50:20,2026-09-15 20:50:20,"Ruta 1-A: Montaña Machupicchu",50,45,,
2026-09-15T18:50:20.920Z,2026-09-15 13:50:20,2026-09-15 20:50:20,"Ruta 2-A: Clásico Diseñada",600,0,,
2026-09-15T19:05:08.399Z,2026-09-15 14:05:08,2026-09-15 21:05:08,"Ruta 1-A: Montaña Machupicchu",50,45,,
2026-09-15T19:05:08.399Z,2026-09-15 14:05:08,2026-09-15 21:05:08,"Ruta 2-A: Clásico Diseñada",600,0,,
2026-09-15T19:22:13.255Z,2026-09-15 14:22:13,2026-09-15 21:22:13,"Ruta 1-A: Montaña Machupicchu",50,44,,
2026-09-15T19:22:13.255Z,2026-09-15 14:22:13,2026-09-15 21:22:13,"Ruta 2-A: Clásico Diseñada",600,0,,
2026-09-15T19:32:49.651Z,2026-09-15 14:32:49,2026-09-15 21:32:49,"Ruta 1-A: Montaña Machupicchu",50,42,,
2026-09-15T19:32:49.651Z,2026-09-15 14:32:49,2026-09-15 21:32:49,"Ruta 2-A: Clásico Diseñada",600,0,,
2026-09-15T19:47:53.922Z,2026-09-15 14:47:53,2026-09-15 21:47:53,"Ruta 1-A: Montaña Machupicchu",50,42,,
2026-09-15T19:47:53.922Z,2026-09-15 14:47:53,2026-09-15 21:47:53,"Ruta 2-A: Clásico Diseñada",600,0,,
2026-09-15T20:06:10.958Z,2026-09-15 15:06:10,2026-09-15 22:06:10,"Ruta 1-A: Montaña Machupicchu",50,24,,
2026-09-15T20:06:10.958Z,2026-09-15 15:06:10,2026-09-15 22:06:10,"Ruta 2-A: Clásico Diseñada",600,0,,
2026-09-15T20:24:13.385Z,2026-09-15 15:24:13,2026-09-15 22:24:13,"Ruta 1-A: Montaña Machupicchu",50,18,,
2026-09-15T20:24:13.385Z,2026-09-15 15:24:13,2026-09-15 22:24:13,"Ruta 2-A: Clásico Diseñada",600,0,,
2026-09-15T20:34:08.110Z,2026-09-15 15:34:08,2026-09-15 22:34:08,"Ruta 1-A: Montaña Machupicchu",50,15,,
2026-09-15T20:34:08.110Z,2026-09-15 15:34:08,2026-09-15 22:34:08,"Ruta 2-A: Clásico Diseñada",600,0,,
2026-09-15T21:05:28.035Z,2026-09-15 16:05:28,2026-09-15 23:05:28,"Ruta 1-A: Montaña Machupicchu",50,15,,
2026-09-15T21:05:28.035Z,2026-09-15 16:05:28,2026-09-15 23:05:28,"Ruta 2-A: Clásico Diseñada",600,0,,
2026-09-15T21:22:11.165Z,2026-09-15 16:22:11,2026-09-15 23:22:11,"Ruta 1-A: Montaña Machupicchu",50,11,,
2026-09-15T21:22:11.165Z,2026-09-15 16:22:11,2026-09-15 23:22:11,"Ruta 2-A: Clásico Diseñada",600,0,,
2026-09-15T21:33:21.351Z,2026-09-15 16:33:21,2026-09-15 23:33:21,"Ruta 1-A: Montaña Machupicchu",50,9,,
2026-09-15T21:33:21.351Z,2026-09-15 16:33:21,2026-09-15 23:33:21,"Ruta 2-A: Clásico Diseñada",600,0,,
2026-09-15T21:47:34.751Z,2026-09-15 16:47:34,2026-09-15 23:47:34,"Ruta 1-A: Montaña Machupicchu",50,2,,
2026-09-15T21:47:34.751Z,2026-09-15 16:47:34,2026-09-15 23:47:34,"Ruta 2-A: Clásico Diseñada",600,0,,
2026-09-15T22:06:04.739Z,2026-09-15 17:06:04,2026-09-16 00:06:04,"Ruta 1-A: Montaña Machupicchu",50,2,,
2026-09-15T22:06:04.739Z,2026-09-15 17:06:04,2026-09-16 00:06:04,"Ruta 2-A: Clásico Diseñada",600,0,,
2026-09-15T22:23:39.825Z,2026-09-15 17:23:39,2026-09-16 00:23:39,"Ruta 1-A: Montaña Machupicchu",50,1,,
2026-09-15T22:23:39.825Z,2026-09-15 17:23:39,2026-09-16 00:23:39,"Ruta 2-A: Clásico Diseñada",600,0,,
2026-09-15T22:33:23.126Z,2026-09-15 17:33:23,2026-09-16 00:33:23,"Ruta 1-A: Montaña Machupicchu",50,0,,
2026-09-15T22:33:23.126Z,2026-09-15 17:33:23,2026-09-16 00:33:23,"Ruta 2-A: Clásico Diseñada",600,0,,
2026-09-15T22:47:38.143Z,2026-09-15 17:47:38,2026-09-16 00:47:38,"Ruta 1-A: Montaña Machupicchu",50,0,,
2026-09-15T22:47:38.143Z,2026-09-15 17:47:38,2026-09-16 00:47:38,"Ruta 2-A: Clásico Diseñada",600,0,,
2026-09-15T23:05:17.860Z,2026-09-15 18:05:17,2026-09-16 01:05:17,"Ruta 1-A: Montaña Machupicchu",50,0,,
2026-09-15T23:05:17.860Z,2026-09-15 18:05:17,2026-09-16 01:05:17,"Ruta 2-A: Clásico Diseñada",600,0,,
2026-09-15T23:22:25.544Z,2026-09-15 18:22:25,2026-09-16 01:22:25,"Ruta 1-A: Montaña Machupicchu",50,0,,
2026-09-15T23:22:25.544Z,2026-09-15 18:22:25,2026-09-16 01:22:25,"Ruta 2-A: Clásico Diseñada",600,0,,
2026-09-15T23:32:43.939Z,2026-09-15 18:32:43,2026-09-16 01:32:43,"Ruta 1-A: Montaña Machupicchu",50,0,,
2026-09-15T23:32:43.939Z,2026-09-15 18:32:43,2026-09-16 01:32:43,"Ruta 2-A: Clásico Diseñada",600,0,,
2026-09-15T23:47:35.583Z,2026-09-15 18:47:35,2026-09-16 01:47:35,"Ruta 1-A: Montaña Machupicchu",50,0,,
2026-09-15T23:47:35.583Z,2026-09-15 18:47:35,2026-09-16 01:47:35,"Ruta 2-A: Clásico Diseñada",600,0,,
2026-09-16T00:14:06.877Z,2026-09-15 19:14:06,2026-09-16 02:14:06,"Ruta 1-A: Montaña Machupicchu",50,50,,
2026-09-16T00:14:06.877Z,2026-09-15 19:14:06,2026-09-16 02:14:06,"Ruta 2-A: Clásico Diseñada",600,600,,
2026-09-16T01:01:25.485Z,2026-09-15 20:01:25,2026-09-16 03:01:25,"Ruta 1-A: Montaña Machupicchu",50,50,,
2026-09-16T01:01:25.485Z,2026-09-15 20:01:25,2026-09-16 03:01:25,"Ruta 2-A: Clásico Diseñada",600,600,,
2026-09-16T01:56:24.022Z,2026-09-15 20:56:24,2026-09-16 03:56:24,"Ruta 1-A: Montaña Machupicchu",50,50,,
2026-09-16T01:56:24.022Z,2026-09-15 20:56:24,2026-09-16 03:56:24,"Ruta 2-A: Clásico Diseñada",600,600,,
2026-09-16T02:11:23.895Z,2026-09-15 21:11:23,2026-09-16 04:11:23,"Ruta 1-A: Montaña Machupicchu",50,50,,
2026-09-16T02:11:23.895Z,2026-09-15 21:11:23,2026-09-16 04:11:23,"Ruta 2-A: Clásico Diseñada",600,600,,
2026-09-16T02:34:12.167Z,2026-09-15 21:34:12,2026-09-16 04:34:12,"Ruta 1-A: Montaña Machupicchu",50,50,,
2026-09-16T02:34:12.167Z,2026-09-15 21:34:12,2026-09-16 04:34:12,"Ruta 2-A: Clásico Diseñada",600,600,,
2026-09-16T02:51:50.521Z,2026-09-15 21:51:50,2026-09-16 04:51:50,"Ruta 1-A: Montaña Machupicchu",50,50,,
2026-09-16T02:51:50.521Z,2026-09-15 21:51:50,2026-09-16 04:51:50,"Ruta 2-A: Clásico Diseñada",600,600,,
2026-09-16T03:07:02.306Z,2026-09-15 22:07:02,2026-09-16 05:07:02,"Ruta 1-A: Montaña Machupicchu",50,50,,
2026-09-16T03:07:02.306Z,2026-09-15 22:07:02,2026-09-16 05:07:02,"Ruta 2-A: Clásico Diseñada",600,600,,
2026-09-16T03:29:19.112Z,2026-09-15 22:29:19,2026-09-16 05:29:19,"Ruta 1-A: Montaña Machupicchu",50,50,,
2026-09-16T03:29:19.112Z,2026-09-15 22:29:19,2026-09-16 05:29:19,"Ruta 2-A: Clásico Diseñada",600,600,,
2026-09-16T03:45:44.309Z,2026-09-15 22:45:44,2026-09-16 05:45:44,"Ruta 1-A: Montaña Machupicchu",50,50,,
2026-09-16T03:45:44.309Z,2026-09-15 22:45:44,2026-09-16 05:45:44,"Ruta 2-A: Clásico Diseñada",600,600,,
2026-09-16T04:06:44.197Z,2026-09-15 23:06:44,2026-09-16 06:06:44,"Ruta 1-A: Montaña Machupicchu",50,50,,
2026-09-16T04:06:44.197Z,2026-09-15 23:06:44,2026-09-16 06:06:44,"Ruta 2-A: Clásico Diseñada",600,600,,
2026-09-16T04:29:08.831Z,2026-09-15 23:29:08,2026-09-16 06:29:08,"Ruta 1-A: Montaña Machupicchu",50,50,,
2026-09-16T04:29:08.831Z,2026-09-15 23:29:08,2026-09-16 06:29:08,"Ruta 2-A: Clásico Diseñada",600,600,,
2026-09-16T04:44:17.397Z,2026-09-15 23:44:17,2026-09-16 06:44:17,"Ruta 1-A: Montaña Machupicchu",50,50,,
2026-09-16T04:44:17.397Z,2026-09-15 23:44:17,2026-09-16 06:44:17,"Ruta 2-A: Clásico Diseñada",600,600,,
2026-09-16T04:52:20.406Z,2026-09-15 23:52:20,2026-09-16 06:52:20,"Ruta 1-A: Montaña Machupicchu",50,50,,
2026-09-16T04:52:20.406Z,2026-09-15 23:52:20,2026-09-16 06:52:20,"Ruta 2-A: Clásico Diseñada",600,600,,
2026-09-16T05:06:08.682Z,2026-09-16 00:06:08,2026-09-16 07:06:08,"Ruta 1-A: Montaña Machupicchu",50,50,,
2026-09-16T05:06:08.682Z,2026-09-16 00:06:08,2026-09-16 07:06:08,"Ruta 2-A: Clásico Diseñada",600,600,,
2026-09-16T05:26:07.615Z,2026-09-16 00:26:07,2026-09-16 07:26:07,"Ruta 1-A: Montaña Machupicchu",50,50,,
2026-09-16T05:26:07.615Z,2026-09-16 00:26:07,2026-09-16 07:26:07,"Ruta 2-A: Clásico Diseñada",600,600,,
2026-09-16T05:36:52.451Z,2026-09-16 00:36:52,2026-09-16 07:36:52,"Ruta 1-A: Montaña Machupicchu",50,50,,
2026-09-16T05:36:52.451Z,2026-09-16 00:36:52,2026-09-16 07:36:52,"Ruta 2-A: Clásico Diseñada",600,600,,
2026-09-16T05:48:15.185Z,2026-09-16 00:48:15,2026-09-16 07:48:15,"Ruta 1-A: Montaña Machupicchu",50,50,,
2026-09-16T05:48:15.185Z,2026-09-16 00:48:15,2026-09-16 07:48:15,"Ruta 2-A: Clásico Diseñada",600,600,,
2026-09-16T06:09:54.714Z,2026-09-16 01:09:54,2026-09-16 08:09:54,"Ruta 1-A: Montaña Machupicchu",50,50,,
2026-09-16T06:09:54.714Z,2026-09-16 01:09:54,2026-09-16 08:09:54,"Ruta 2-A: Clásico Diseñada",600,600,,
2026-09-16T06:40:09.995Z,2026-09-16 01:40:09,2026-09-16 08:40:09,"Ruta 1-A: Montaña Machupicchu",50,50,,
2026-09-16T06:40:09.995Z,2026-09-16 01:40:09,2026-09-16 08:40:09,"Ruta 2-A: Clásico Diseñada",600,600,,
2026-09-16T06:59:37.129Z,2026-09-16 01:59:37,2026-09-16 08:59:37,"Ruta 1-A: Montaña Machupicchu",50,50,,
2026-09-16T06:59:37.129Z,2026-09-16 01:59:37,2026-09-16 08:59:37,"Ruta 2-A: Clásico Diseñada",600,600,,
2026-09-16T07:23:50.631Z,2026-09-16 02:23:50,2026-09-16 09:23:50,"Ruta 1-A: Montaña Machupicchu",50,50,,
2026-09-16T07:23:50.631Z,2026-09-16 02:23:50,2026-09-16 09:23:50,"Ruta 2-A: Clásico Diseñada",600,600,,
2026-09-16T07:37:40.785Z,2026-09-16 02:37:40,2026-09-16 09:37:40,"Ruta 1-A: Montaña Machupicchu",50,50,,
2026-09-16T07:37:40.785Z,2026-09-16 02:37:40,2026-09-16 09:37:40,"Ruta 2-A: Clásico Diseñada",600,600,,
2026-09-16T07:49:00.068Z,2026-09-16 02:49:00,2026-09-16 09:49:00,"Ruta 1-A: Montaña Machupicchu",50,50,,
2026-09-16T07:49:00.068Z,2026-09-16 02:49:00,2026-09-16 09:49:00,"Ruta 2-A: Clásico Diseñada",600,600,,
2026-09-16T08:33:47.219Z,2026-09-16 03:33:47,2026-09-16 10:33:47,"Ruta 1-A: Montaña Machupicchu",50,50,,
2026-09-16T08:33:47.219Z,2026-09-16 03:33:47,2026-09-16 10:33:47,"Ruta 2-A: Clásico Diseñada",600,600,,
2026-09-16T08:51:46.889Z,2026-09-16 03:51:46,2026-09-16 10:51:46,"Ruta 1-A: Montaña Machupicchu",50,50,,
2026-09-16T08:51:46.889Z,2026-09-16 03:51:46,2026-09-16 10:51:46,"Ruta 2-A: Clásico Diseñada",600,600,,
2026-09-16T09:06:42.143Z,2026-09-16 04:06:42,2026-09-16 11:06:42,"Ruta 1-A: Montaña Machupicchu",50,50,,
2026-09-16T09:06:42.143Z,2026-09-16 04:06:42,2026-09-16 11:06:42,"Ruta 2-A: Clásico Diseñada",600,600,,
2026-09-16T09:27:25.324Z,2026-09-16 04:27:25,2026-09-16 11:27:25,"Ruta 1-A: Montaña Machupicchu",50,50,,
2026-09-16T09:27:25.324Z,2026-09-16 04:27:25,2026-09-16 11:27:25,"Ruta 2-A: Clásico Diseñada",600,600,,
2026-09-16T09:39:34.411Z,2026-09-16 04:39:34,2026-09-16 11:39:34,"Ruta 1-A: Montaña Machupicchu",50,50,,
2026-09-16T09:39:34.411Z,2026-09-16 04:39:34,2026-09-16 11:39:34,"Ruta 2-A: Clásico Diseñada",600,600,,
2026-09-16T09:48:36.017Z,2026-09-16 04:48:36,2026-09-16 11:48:36,"Ruta 1-A: Montaña Machupicchu",50,50,,
2026-09-16T09:48:36.017Z,2026-09-16 04:48:36,2026-09-16 11:48:36,"Ruta 2-A: Clásico Diseñada",600,600,,
2026-09-16T10:05:53.690Z,2026-09-16 05:05:53,2026-09-16 12:05:53,"Ruta 1-A: Montaña Machupicchu",50,50,,
2026-09-16T10:05:53.690Z,2026-09-16 05:05:53,2026-09-16 12:05:53,"Ruta 2-A: Clásico Diseñada",600,600,,
2026-09-16T10:26:07.269Z,2026-09-16 05:26:07,2026-09-16 12:26:07,"Ruta 1-A: Montaña Machupicchu",50,50,,
2026-09-16T10:26:07.269Z,2026-09-16 05:26:07,2026-09-16 12:26:07,"Ruta 2-A: Clásico Diseñada",600,600,,
2026-09-16T10:36:58.935Z,2026-09-16 05:36:58,2026-09-16 12:36:58,"Ruta 1-A: Montaña Machupicchu",50,50,,
2026-09-16T10:36:58.935Z,2026-09-16 05:36:58,2026-09-16 12:36:58,"Ruta 2-A: Clásico Diseñada",600,600,,
2026-09-16T11:05:40.587Z,2026-09-16 06:05:40,2026-09-16 13:05:40,"Ruta 1-A: Montaña Machupicchu",50,50,,
2026-09-16T11:05:40.587Z,2026-09-16 06:05:40,2026-09-16 13:05:40,"Ruta 2-A: Clásico Diseñada",600,583,,
2026-09-16T11:24:07.695Z,2026-09-16 06:24:07,2026-09-16 13:24:07,"Ruta 1-A: Montaña Machupicchu",50,49,,
2026-09-16T11:24:07.695Z,2026-09-16 06:24:07,2026-09-16 13:24:07,"Ruta 2-A: Clásico Diseñada",600,526,,
2026-09-16T11:34:45.244Z,2026-09-16 06:34:45,2026-09-16 13:34:45,"Ruta 1-A: Montaña Machupicchu",50,49,,
2026-09-16T11:34:45.244Z,2026-09-16 06:34:45,2026-09-16 13:34:45,"Ruta 2-A: Clásico Diseñada",600,500,,
2026-09-16T11:47:43.307Z,2026-09-16 06:47:43,2026-09-16 13:47:43,"Ruta 1-A: Montaña Machupicchu",50,49,,
2026-09-16T11:47:43.307Z,2026-09-16 06:47:43,2026-09-16 13:47:43,"Ruta 2-A: Clásico Diseñada",600,462,,
2026-09-16T12:08:42.839Z,2026-09-16 07:08:42,2026-09-16 14:08:42,"Ruta 1-A: Montaña Machupicchu",50,49,,
2026-09-16T12:08:42.839Z,2026-09-16 07:08:42,2026-09-16 14:08:42,"Ruta 2-A: Clásico Diseñada",600,394,,
2026-09-16T12:36:15.001Z,2026-09-16 07:36:15,2026-09-16 14:36:15,"Ruta 1-A: Montaña Machupicchu",50,48,,
2026-09-16T12:36:15.001Z,2026-09-16 07:36:15,2026-09-16 14:36:15,"Ruta 2-A: Clásico Diseñada",600,322,,
2026-09-16T12:55:44.584Z,2026-09-16 07:55:44,2026-09-16 14:55:44,"Ruta 1-A: Montaña Machupicchu",50,48,,
2026-09-16T12:55:44.584Z,2026-09-16 07:55:44,2026-09-16 14:55:44,"Ruta 2-A: Clásico Diseñada",600,304,,
2026-09-16T13:05:54.016Z,2026-09-16 08:05:54,2026-09-16 15:05:54,"Ruta 1-A: Montaña Machupicchu",50,48,,
2026-09-16T13:05:54.016Z,2026-09-16 08:05:54,2026-09-16 15:05:54,"Ruta 2-A: Clásico Diseñada",600,281,,
2026-09-16T13:25:34.701Z,2026-09-16 08:25:34,2026-09-16 15:25:34,"Ruta 1-A: Montaña Machupicchu",50,48,,
2026-09-16T13:25:34.701Z,2026-09-16 08:25:34,2026-09-16 15:25:34,"Ruta 2-A: Clásico Diseñada",600,247,,
2026-09-16T13:36:09.082Z,2026-09-16 08:36:09,2026-09-16 15:36:09,"Ruta 1-A: Montaña Machupicchu",50,48,,
2026-09-16T13:36:09.082Z,2026-09-16 08:36:09,2026-09-16 15:36:09,"Ruta 2-A: Clásico Diseñada",600,214,,
2026-09-16T13:47:58.351Z,2026-09-16 08:47:58,2026-09-16 15:47:58,"Ruta 1-A: Montaña Machupicchu",50,48,,
2026-09-16T13:47:58.351Z,2026-09-16 08:47:58,2026-09-16 15:47:58,"Ruta 2-A: Clásico Diseñada",600,185,,
2026-09-16T14:06:48.809Z,2026-09-16 09:06:48,2026-09-16 16:06:48,"Ruta 1-A: Montaña Machupicchu",50,48,,
2026-09-16T14:06:48.809Z,2026-09-16 09:06:48,2026-09-16 16:06:48,"Ruta 2-A: Clásico Diseñada",600,154,,
2026-09-16T14:26:29.501Z,2026-09-16 09:26:29,2026-09-16 16:26:29,"Ruta 1-A: Montaña Machupicchu",50,48,,
2026-09-16T14:26:29.501Z,2026-09-16 09:26:29,2026-09-16 16:26:29,"Ruta 2-A: Clásico Diseñada",600,131,,
2026-09-16T14:37:33.894Z,2026-09-16 09:37:33,2026-09-16 16:37:33,"Ruta 1-A: Montaña Machupicchu",50,48,,
2026-09-16T14:37:33.894Z,2026-09-16 09:37:33,2026-09-16 16:37:33,"Ruta 2-A: Clásico Diseñada",600,125,,
2026-09-16T14:48:00.097Z,2026-09-16 09:48:00,2026-09-16 16:48:00,"Ruta 1-A: Montaña Machupicchu",50,48,,
2026-09-16T14:48:00.097Z,2026-09-16 09:48:00,2026-09-16 16:48:00,"Ruta 2-A: Clásico Diseñada",600,125,,
2026-09-16T15:35:11.534Z,2026-09-16 10:35:11,2026-09-16 17:35:11,"Ruta 1-A: Montaña Machupicchu",50,48,,
2026-09-16T15:35:11.534Z,2026-09-16 10:35:11,2026-09-16 17:35:11,"Ruta 2-A: Clásico Diseñada",600,77,,
2026-09-16T15:47:25.043Z,2026-09-16 10:47:25,2026-09-16 17:47:25,"Ruta 1-A: Montaña Machupicchu",50,48,,
2026-09-16T15:47:25.043Z,2026-09-16 10:47:25,2026-09-16 17:47:25,"Ruta 2-A: Clásico Diseñada",600,65,,
2026-09-16T16:06:56.433Z,2026-09-16 11:06:56,2026-09-16 18:06:56,"Ruta 1-A: Montaña Machupicchu",50,48,,
2026-09-16T16:06:56.433Z,2026-09-16 11:06:56,2026-09-16 18:06:56,"Ruta 2-A: Clásico Diseñada",600,32,,
2026-09-16T16:26:46.731Z,2026-09-16 11:26:46,2026-09-16 18:26:46,"Ruta 1-A: Montaña Machupicchu",50,48,,
2026-09-16T16:26:46.731Z,2026-09-16 11:26:46,2026-09-16 18:26:46,"Ruta 2-A: Clásico Diseñada",600,10,,
2026-09-16T16:37:55.550Z,2026-09-16 11:37:55,2026-09-16 18:37:55,"Ruta 1-A: Montaña Machupicchu",50,48,,
2026-09-16T16:37:55.550Z,2026-09-16 11:37:55,2026-09-16 18:37:55,"Ruta 2-A: Clásico Diseñada",600,0,,
2026-09-16T16:48:21.128Z,2026-09-16 11:48:21,2026-09-16 18:48:21,"Ruta 1-A: Montaña Machupicchu",50,48,,
2026-09-16T16:48:21.128Z,2026-09-16 11:48:21,2026-09-16 18:48:21,"Ruta 2-A: Clásico Diseñada",600,0,,
2026-09-16T17:05:34.008Z,2026-09-16 12:05:34,2026-09-16 19:05:34,"Ruta 1-A: Montaña Machupicchu",50,46,,
2026-09-16T17:05:34.008Z,2026-09-16 12:05:34,2026-09-16 19:05:34,"Ruta 2-A: Clásico Diseñada",600,0,,
2026-09-16T17:21:37.644Z,2026-09-16 12:21:37,2026-09-16 19:21:37,"Ruta 1-A: Montaña Machupicchu",50,46,,
2026-09-16T17:21:37.644Z,2026-09-16 12:21:37,2026-09-16 19:21:37,"Ruta 2-A: Clásico Diseñada",600,0,,
2026-09-16T17:47:40.700Z,2026-09-16 12:47:40,2026-09-16 19:47:40,"Ruta 1-A: Montaña Machupicchu",50,46,,
2026-09-16T17:47:40.700Z,2026-09-16 12:47:40,2026-09-16 19:47:40,"Ruta 2-A: Clásico Diseñada",600,0,,
2026-09-16T18:28:50.214Z,2026-09-16 13:28:50,2026-09-16 20:28:50,"Ruta 1-A: Montaña Machupicchu",50,43,,
2026-09-16T18:28:50.214Z,2026-09-16 13:28:50,2026-09-16 20:28:50,"Ruta 2-A: Clásico Diseñada",600,0,,
2026-09-16T18:44:34.455Z,2026-09-16 13:44:34,2026-09-16 20:44:34,"Ruta 1-A: Montaña Machupicchu",50,42,,
2026-09-16T18:44:34.455Z,2026-09-16 13:44:34,2026-09-16 20:44:34,"Ruta 2-A: Clásico Diseñada",600,0,,
2026-09-16T18:51:59.029Z,2026-09-16 13:51:59,2026-09-16 20:51:59,"Ruta 1-A: Montaña Machupicchu",50,41,,
2026-09-16T18:51:59.029Z,2026-09-16 13:51:59,2026-09-16 20:51:59,"Ruta 2-A: Clásico Diseñada",600,0,,
2026-09-16T19:05:00.453Z,2026-09-16 14:05:00,2026-09-16 21:05:00,"Ruta 1-A: Montaña Machupicchu",50,32,,
2026-09-16T19:05:00.453Z,2026-09-16 14:05:00,2026-09-16 21:05:00,"Ruta 2-A: Clásico Diseñada",600,0,,
2026-09-16T19:21:45.763Z,2026-09-16 14:21:45,2026-09-16 21:21:45,"Ruta 1-A: Montaña Machupicchu",50,30,,
2026-09-16T19:21:45.763Z,2026-09-16 14:21:45,2026-09-16 21:21:45,"Ruta 2-A: Clásico Diseñada",600,0,,
2026-09-16T19:32:58.052Z,2026-09-16 14:32:58,2026-09-16 21:32:58,"Ruta 1-A: Montaña Machupicchu",50,26,,
2026-09-16T19:32:58.052Z,2026-09-16 14:32:58,2026-09-16 21:32:58,"Ruta 2-A: Clásico Diseñada",600,0,,
2026-09-16T20:06:20.771Z,2026-09-16 15:06:20,2026-09-16 22:06:20,"Ruta 1-A: Montaña Machupicchu",50,8,,
2026-09-16T20:06:20.771Z,2026-09-16 15:06:20,2026-09-16 22:06:20,"Ruta 2-A: Clásico Diseñada",600,0,,
2026-09-16T20:25:41.977Z,2026-09-16 15:25:41,2026-09-16 22:25:41,"Ruta 1-A: Montaña Machupicchu",50,0,,
2026-09-16T20:25:41.977Z,2026-09-16 15:25:41,2026-09-16 22:25:41,"Ruta 2-A: Clásico Diseñada",600,0,,
2026-09-16T20:35:44.046Z,2026-09-16 15:35:44,2026-09-16 22:35:44,"Ruta 1-A: Montaña Machupicchu",50,0,,
2026-09-16T20:35:44.046Z,2026-09-16 15:35:44,2026-09-16 22:35:44,"Ruta 2-A: Clásico Diseñada",600,0,,
2026-09-16T20:47:48.165Z,2026-09-16 15:47:48,2026-09-16 22:47:48,"Ruta 1-A: Montaña Machupicchu",50,0,,
2026-09-16T20:47:48.165Z,2026-09-16 15:47:48,2026-09-16 22:47:48,"Ruta 2-A: Clásico Diseñada",600,0,,
2026-09-16T21:05:38.120Z,2026-09-16 16:05:38,2026-09-16 23:05:38,"Ruta 1-A: Montaña Machupicchu",50,0,,
2026-09-16T21:05:38.120Z,2026-09-16 16:05:38,2026-09-16 23:05:38,"Ruta 2-A: Clásico Diseñada",600,0,,
2026-09-16T21:23:29.252Z,2026-09-16 16:23:29,2026-09-16 23:23:29,"Ruta 1-A: Montaña Machupicchu",50,0,,
2026-09-16T21:23:29.252Z,2026-09-16 16:23:29,2026-09-16 23:23:29,"Ruta 2-A: Clásico Diseñada",600,0,,
2026-09-16T22:05:23.155Z,2026-09-16 17:05:23,2026-09-17 00:05:23,"Ruta 1-A: Montaña Machupicchu",50,0,,
2026-09-16T22:05:23.155Z,2026-09-16 17:05:23,2026-09-17 00:05:23,"Ruta 2-A: Clásico Diseñada",600,0,,
2026-09-16T22:33:28.185Z,2026-09-16 17:33:28,2026-09-17 00:33:28,"Ruta 1-A: Montaña Machupicchu",50,0,,
2026-09-16T22:33:28.185Z,2026-09-16 17:33:28,2026-09-17 00:33:28,"Ruta 2-A: Clásico Diseñada",600,0,,
2026-09-16T23:05:03.811Z,2026-09-16 18:05:03,2026-09-17 01:05:03,"Ruta 1-A: Montaña Machupicchu",50,0,,
2026-09-16T23:05:03.811Z,2026-09-16 18:05:03,2026-09-17 01:05:03,"Ruta 2-A: Clásico Diseñada",600,0,,
2026-09-16T23:22:02.348Z,2026-09-16 18:22:02,2026-09-17 01:22:02,"Ruta 1-A: Montaña Machupicchu",50,0,,
2026-09-16T23:22:02.348Z,2026-09-16 18:22:02,2026-09-17 01:22:02,"Ruta 2-A: Clásico Diseñada",600,0,,
2026-09-16T23:33:18.865Z,2026-09-16 18:33:18,2026-09-17 01:33:18,"Ruta 1-A: Montaña Machupicchu",50,0,,
2026-09-16T23:33:18.865Z,2026-09-16 18:33:18,2026-09-17 01:33:18,"Ruta 2-A: Clásico Diseñada",600,0,,
2026-09-16T23:47:30.544Z,2026-09-16 18:47:30,2026-09-17 01:47:30,"Ruta 1-A: Montaña Machupicchu",50,0,,
2026-09-16T23:47:30.544Z,2026-09-16 18:47:30,2026-09-17 01:47:30,"Ruta 2-A: Clásico Diseñada",600,0,,
2026-09-17T00:13:33.154Z,2026-09-16 19:13:33,2026-09-17 02:13:33,"Ruta 1-A: Montaña Machupicchu",50,50,,
2026-09-17T00:13:33.154Z,2026-09-16 19:13:33,2026-09-17 02:13:33,"Ruta 2-A: Clásico Diseñada",600,411,,
2026-09-17T01:01:01.493Z,2026-09-16 20:01:01,2026-09-17 03:01:01,"Ruta 1-A: Montaña Machupicchu",50,50,,
2026-09-17T01:01:01.493Z,2026-09-16 20:01:01,2026-09-17 03:01:01,"Ruta 2-A: Clásico Diseñada",600,369,,
2026-09-17T01:34:34.865Z,2026-09-16 20:34:34,2026-09-17 03:34:34,"Ruta 1-A: Montaña Machupicchu",50,50,,
2026-09-17T01:34:34.865Z,2026-09-16 20:34:34,2026-09-17 03:34:34,"Ruta 2-A: Clásico Diseñada",600,364,,
2026-09-17T01:57:31.491Z,2026-09-16 20:57:31,2026-09-17 03:57:31,"Ruta 1-A: Montaña Machupicchu",50,50,,
2026-09-17T01:57:31.491Z,2026-09-16 20:57:31,2026-09-17 03:57:31,"Ruta 2-A: Clásico Diseñada",600,364,,
2026-09-17T02:18:49.651Z,2026-09-16 21:18:49,2026-09-17 04:18:49,"Ruta 1-A: Montaña Machupicchu",50,50,,
2026-09-17T02:18:49.651Z,2026-09-16 21:18:49,2026-09-17 04:18:49,"Ruta 2-A: Clásico Diseñada",600,362,,
2026-09-17T02:40:43.233Z,2026-09-16 21:40:43,2026-09-17 04:40:43,"Ruta 1-A: Montaña Machupicchu",50,47,,
2026-09-17T02:40:43.233Z,2026-09-16 21:40:43,2026-09-17 04:40:43,"Ruta 2-A: Clásico Diseñada",600,357,,
2026-09-17T02:52:27.456Z,2026-09-16 21:52:27,2026-09-17 04:52:27,"Ruta 1-A: Montaña Machupicchu",50,47,,
2026-09-17T02:52:27.456Z,2026-09-16 21:52:27,2026-09-17 04:52:27,"Ruta 2-A: Clásico Diseñada",600,333,,
2026-09-17T03:29:13.130Z,2026-09-16 22:29:13,2026-09-17 05:29:13,"Ruta 1-A: Montaña Machupicchu",50,47,,
2026-09-17T03:29:13.130Z,2026-09-16 22:29:13,2026-09-17 05:29:13,"Ruta 2-A: Clásico Diseñada",600,265,,
2026-09-17T03:45:16.902Z,2026-09-16 22:45:16,2026-09-17 05:45:16,"Ruta 1-A: Montaña Machupicchu",50,47,,
2026-09-17T03:45:16.902Z,2026-09-16 22:45:16,2026-09-17 05:45:16,"Ruta 2-A: Clásico Diseñada",600,263,,
2026-09-17T03:53:06.804Z,2026-09-16 22:53:06,2026-09-17 05:53:06,"Ruta 1-A: Montaña Machupicchu",50,47,,
2026-09-17T03:53:06.804Z,2026-09-16 22:53:06,2026-09-17 05:53:06,"Ruta 2-A: Clásico Diseñada",600,263,,
2026-09-17T04:07:43.027Z,2026-09-16 23:07:43,2026-09-17 06:07:43,"Ruta 1-A: Montaña Machupicchu",50,47,,
2026-09-17T04:07:43.027Z,2026-09-16 23:07:43,2026-09-17 06:07:43,"Ruta 2-A: Clásico Diseñada",600,263,,
2026-09-17T04:29:38.264Z,2026-09-16 23:29:38,2026-09-17 06:29:38,"Ruta 1-A: Montaña Machupicchu",50,47,,
2026-09-17T04:29:38.264Z,2026-09-16 23:29:38,2026-09-17 06:29:38,"Ruta 2-A: Clásico Diseñada",600,263,,
2026-09-17T04:44:44.097Z,2026-09-16 23:44:44,2026-09-17 06:44:44,"Ruta 1-A: Montaña Machupicchu",50,47,,
2026-09-17T04:44:44.097Z,2026-09-16 23:44:44,2026-09-17 06:44:44,"Ruta 2-A: Clásico Diseñada",600,263,,
2026-09-17T04:52:27.093Z,2026-09-16 23:52:27,2026-09-17 06:52:27,"Ruta 1-A: Montaña Machupicchu",50,47,,
2026-09-17T04:52:27.093Z,2026-09-16 23:52:27,2026-09-17 06:52:27,"Ruta 2-A: Clásico Diseñada",600,263,,
2026-09-17T05:06:18.003Z,2026-09-17 00:06:18,2026-09-17 07:06:18,"Ruta 1-A: Montaña Machupicchu",50,47,,
2026-09-17T05:06:18.003Z,2026-09-17 00:06:18,2026-09-17 07:06:18,"Ruta 2-A: Clásico Diseñada",600,263,,
2026-09-17T05:36:48.316Z,2026-09-17 00:36:48,2026-09-17 07:36:48,"Ruta 1-A: Montaña Machupicchu",50,47,,
2026-09-17T05:36:48.316Z,2026-09-17 00:36:48,2026-09-17 07:36:48,"Ruta 2-A: Clásico Diseñada",600,263,,
2026-09-17T05:48:11.342Z,2026-09-17 00:48:11,2026-09-17 07:48:11,"Ruta 1-A: Montaña Machupicchu",50,47,,
2026-09-17T05:48:11.342Z,2026-09-17 00:48:11,2026-09-17 07:48:11,"Ruta 2-A: Clásico Diseñada",600,263,,
2026-09-17T06:09:45.567Z,2026-09-17 01:09:45,2026-09-17 08:09:45,"Ruta 1-A: Montaña Machupicchu",50,47,,
2026-09-17T06:09:45.567Z,2026-09-17 01:09:45,2026-09-17 08:09:45,"Ruta 2-A: Clásico Diseñada",600,263,,
2026-09-17T07:00:10.310Z,2026-09-17 02:00:10,2026-09-17 09:00:10,"Ruta 1-A: Montaña Machupicchu",50,47,,
2026-09-17T07:00:10.310Z,2026-09-17 02:00:10,2026-09-17 09:00:10,"Ruta 2-A: Clásico Diseñada",600,263,,
2026-09-17T07:25:15.233Z,2026-09-17 02:25:15,2026-09-17 09:25:15,"Ruta 1-A: Montaña Machupicchu",50,47,,
2026-09-17T07:25:15.233Z,2026-09-17 02:25:15,2026-09-17 09:25:15,"Ruta 2-A: Clásico Diseñada",600,263,,
2026-09-17T07:38:19.302Z,2026-09-17 02:38:19,2026-09-17 09:38:19,"Ruta 1-A: Montaña Machupicchu",50,47,,
2026-09-17T07:38:19.302Z,2026-09-17 02:38:19,2026-09-17 09:38:19,"Ruta 2-A: Clásico Diseñada",600,263,,
2026-09-17T08:08:19.268Z,2026-09-17 03:08:19,2026-09-17 10:08:19,"Ruta 1-A: Montaña Machupicchu",50,47,,
2026-09-17T08:08:19.268Z,2026-09-17 03:08:19,2026-09-17 10:08:19,"Ruta 2-A: Clásico Diseñada",600,263,,
2026-09-17T08:33:54.519Z,2026-09-17 03:33:54,2026-09-17 10:33:54,"Ruta 1-A: Montaña Machupicchu",50,47,,
2026-09-17T08:33:54.519Z,2026-09-17 03:33:54,2026-09-17 10:33:54,"Ruta 2-A: Clásico Diseñada",600,263,,
2026-09-17T08:50:48.586Z,2026-09-17 03:50:48,2026-09-17 10:50:48,"Ruta 1-A: Montaña Machupicchu",50,47,,
2026-09-17T08:50:48.586Z,2026-09-17 03:50:48,2026-09-17 10:50:48,"Ruta 2-A: Clásico Diseñada",600,263,,
2026-09-17T09:07:02.559Z,2026-09-17 04:07:02,2026-09-17 11:07:02,"Ruta 1-A: Montaña Machupicchu",50,47,,
2026-09-17T09:07:02.559Z,2026-09-17 04:07:02,2026-09-17 11:07:02,"Ruta 2-A: Clásico Diseñada",600,263,,
2026-09-17T09:28:21.126Z,2026-09-17 04:28:21,2026-09-17 11:28:21,"Ruta 1-A: Montaña Machupicchu",50,47,,
2026-09-17T09:28:21.126Z,2026-09-17 04:28:21,2026-09-17 11:28:21,"Ruta 2-A: Clásico Diseñada",600,263,,
2026-09-17T09:42:34.948Z,2026-09-17 04:42:34,2026-09-17 11:42:34,"Ruta 1-A: Montaña Machupicchu",50,47,,
2026-09-17T09:42:34.948Z,2026-09-17 04:42:34,2026-09-17 11:42:34,"Ruta 2-A: Clásico Diseñada",600,263,,
2026-09-17T09:50:43.540Z,2026-09-17 04:50:43,2026-09-17 11:50:43,"Ruta 1-A: Montaña Machupicchu",50,47,,
2026-09-17T09:50:43.540Z,2026-09-17 04:50:43,2026-09-17 11:50:43,"Ruta 2-A: Clásico Diseñada",600,263,,
2026-09-17T10:06:07.756Z,2026-09-17 05:06:07,2026-09-17 12:06:07,"Ruta 1-A: Montaña Machupicchu",50,47,,
2026-09-17T10:06:07.756Z,2026-09-17 05:06:07,2026-09-17 12:06:07,"Ruta 2-A: Clásico Diseñada",600,263,,
2026-09-17T10:26:20.007Z,2026-09-17 05:26:20,2026-09-17 12:26:20,"Ruta 1-A: Montaña Machupicchu",50,47,,
2026-09-17T10:26:20.007Z,2026-09-17 05:26:20,2026-09-17 12:26:20,"Ruta 2-A: Clásico Diseñada",600,263,,
2026-09-17T10:37:00.224Z,2026-09-17 05:37:00,2026-09-17 12:37:00,"Ruta 1-A: Montaña Machupicchu",50,47,,
2026-09-17T10:37:00.224Z,2026-09-17 05:37:00,2026-09-17 12:37:00,"Ruta 2-A: Clásico Diseñada",600,263,,
2026-09-17T10:48:32.389Z,2026-09-17 05:48:32,2026-09-17 12:48:32,"Ruta 1-A: Montaña Machupicchu",50,47,,
2026-09-17T10:48:32.389Z,2026-09-17 05:48:32,2026-09-17 12:48:32,"Ruta 2-A: Clásico Diseñada",600,263,,
2026-09-17T11:05:40.848Z,2026-09-17 06:05:40,2026-09-17 13:05:40,"Ruta 1-A: Montaña Machupicchu",50,47,,
2026-09-17T11:05:40.848Z,2026-09-17 06:05:40,2026-09-17 13:05:40,"Ruta 2-A: Clásico Diseñada",600,261,,
2026-09-17T11:23:52.602Z,2026-09-17 06:23:52,2026-09-17 13:23:52,"Ruta 1-A: Montaña Machupicchu",50,47,,
2026-09-17T11:23:52.602Z,2026-09-17 06:23:52,2026-09-17 13:23:52,"Ruta 2-A: Clásico Diseñada",600,248,,
2026-09-17T11:34:20.276Z,2026-09-17 06:34:20,2026-09-17 13:34:20,"Ruta 1-A: Montaña Machupicchu",50,47,,
2026-09-17T11:34:20.276Z,2026-09-17 06:34:20,2026-09-17 13:34:20,"Ruta 2-A: Clásico Diseñada",600,234,,
2026-09-17T11:47:29.873Z,2026-09-17 06:47:29,2026-09-17 13:47:29,"Ruta 1-A: Montaña Machupicchu",50,47,,
2026-09-17T11:47:29.873Z,2026-09-17 06:47:29,2026-09-17 13:47:29,"Ruta 2-A: Clásico Diseñada",600,213,,
2026-09-17T12:08:49.526Z,2026-09-17 07:08:49,2026-09-17 14:08:49,"Ruta 1-A: Montaña Machupicchu",50,47,,
2026-09-17T12:08:49.526Z,2026-09-17 07:08:49,2026-09-17 14:08:49,"Ruta 2-A: Clásico Diseñada",600,181,,
2026-09-17T12:35:59.663Z,2026-09-17 07:35:59,2026-09-17 14:35:59,"Ruta 1-A: Montaña Machupicchu",50,45,,
2026-09-17T12:35:59.663Z,2026-09-17 07:35:59,2026-09-17 14:35:59,"Ruta 2-A: Clásico Diseñada",600,150,,
2026-09-17T12:54:46.602Z,2026-09-17 07:54:46,2026-09-17 14:54:46,"Ruta 1-A: Montaña Machupicchu",50,45,,
2026-09-17T12:54:46.602Z,2026-09-17 07:54:46,2026-09-17 14:54:46,"Ruta 2-A: Clásico Diseñada",600,135,,
2026-09-17T13:06:12.150Z,2026-09-17 08:06:12,2026-09-17 15:06:12,"Ruta 1-A: Montaña Machupicchu",50,45,,
2026-09-17T13:06:12.150Z,2026-09-17 08:06:12,2026-09-17 15:06:12,"Ruta 2-A: Clásico Diseñada",600,130,,
2026-09-17T13:25:36.320Z,2026-09-17 08:25:36,2026-09-17 15:25:36,"Ruta 1-A: Montaña Machupicchu",50,45,,
2026-09-17T13:25:36.320Z,2026-09-17 08:25:36,2026-09-17 15:25:36,"Ruta 2-A: Clásico Diseñada",600,97,,
2026-09-17T13:35:59.690Z,2026-09-17 08:35:59,2026-09-17 15:35:59,"Ruta 1-A: Montaña Machupicchu",50,45,,
2026-09-17T13:35:59.690Z,2026-09-17 08:35:59,2026-09-17 15:35:59,"Ruta 2-A: Clásico Diseñada",600,89,,
2026-09-17T13:47:41.514Z,2026-09-17 08:47:41,2026-09-17 15:47:41,"Ruta 1-A: Montaña Machupicchu",50,45,,
2026-09-17T13:47:41.514Z,2026-09-17 08:47:41,2026-09-17 15:47:41,"Ruta 2-A: Clásico Diseñada",600,79,,
2026-09-17T14:06:47.338Z,2026-09-17 09:06:47,2026-09-17 16:06:47,"Ruta 1-A: Montaña Machupicchu",50,45,,
2026-09-17T14:06:47.338Z,2026-09-17 09:06:47,2026-09-17 16:06:47,"Ruta 2-A: Clásico Diseñada",600,59,,
2026-09-17T14:28:02.338Z,2026-09-17 09:28:02,2026-09-17 16:28:02,"Ruta 1-A: Montaña Machupicchu",50,45,,
2026-09-17T14:28:02.338Z,2026-09-17 09:28:02,2026-09-17 16:28:02,"Ruta 2-A: Clásico Diseñada",600,29,,
2026-09-17T14:40:27.687Z,2026-09-17 09:40:27,2026-09-17 16:40:27,"Ruta 1-A: Montaña Machupicchu",50,45,,
2026-09-17T14:40:27.687Z,2026-09-17 09:40:27,2026-09-17 16:40:27,"Ruta 2-A: Clásico Diseñada",600,17,,
2026-09-17T14:48:25.366Z,2026-09-17 09:48:25,2026-09-17 16:48:25,"Ruta 1-A: Montaña Machupicchu",50,44,,
2026-09-17T14:48:25.366Z,2026-09-17 09:48:25,2026-09-17 16:48:25,"Ruta 2-A: Clásico Diseñada",600,13,,
2026-09-17T15:06:26.575Z,2026-09-17 10:06:26,2026-09-17 17:06:26,"Ruta 1-A: Montaña Machupicchu",50,44,,
2026-09-17T15:06:26.575Z,2026-09-17 10:06:26,2026-09-17 17:06:26,"Ruta 2-A: Clásico Diseñada",600,1,,
2026-09-17T15:25:10.560Z,2026-09-17 10:25:10,2026-09-17 17:25:10,"Ruta 1-A: Montaña Machupicchu",50,42,,
2026-09-17T15:25:10.560Z,2026-09-17 10:25:10,2026-09-17 17:25:10,"Ruta 2-A: Clásico Diseñada",600,0,,
2026-09-17T15:35:09.162Z,2026-09-17 10:35:09,2026-09-17 17:35:09,"Ruta 1-A: Montaña Machupicchu",50,42,,
2026-09-17T15:35:09.162Z,2026-09-17 10:35:09,2026-09-17 17:35:09,"Ruta 2-A: Clásico Diseñada",600,0,,
2026-09-17T15:47:44.553Z,2026-09-17 10:47:44,2026-09-17 17:47:44,"Ruta 1-A: Montaña Machupicchu",50,39,,
2026-09-17T15:47:44.553Z,2026-09-17 10:47:44,2026-09-17 17:47:44,"Ruta 2-A: Clásico Diseñada",600,0,,
2026-09-17T16:07:06.159Z,2026-09-17 11:07:06,2026-09-17 18:07:06,"Ruta 1-A: Montaña Machupicchu",50,32,,
2026-09-17T16:07:06.159Z,2026-09-17 11:07:06,2026-09-17 18:07:06,"Ruta 2-A: Clásico Diseñada",600,0,,
2026-09-17T16:27:33.499Z,2026-09-17 11:27:33,2026-09-17 18:27:33,"Ruta 1-A: Montaña Machupicchu",50,31,,
2026-09-17T16:27:33.499Z,2026-09-17 11:27:33,2026-09-17 18:27:33,"Ruta 2-A: Clásico Diseñada",600,0,,
2026-09-17T16:39:25.273Z,2026-09-17 11:39:25,2026-09-17 18:39:25,"Ruta 1-A: Montaña Machupicchu",50,31,,
2026-09-17T16:39:25.273Z,2026-09-17 11:39:25,2026-09-17 18:39:25,"Ruta 2-A: Clásico Diseñada",600,0,,
2026-09-17T16:48:38.171Z,2026-09-17 11:48:38,2026-09-17 18:48:38,"Ruta 1-A: Montaña Machupicchu",50,31,,
2026-09-17T16:48:38.171Z,2026-09-17 11:48:38,2026-09-17 18:48:38,"Ruta 2-A: Clásico Diseñada",600,0,,
2026-09-17T17:05:15.176Z,2026-09-17 12:05:15,2026-09-17 19:05:15,"Ruta 1-A: Montaña Machupicchu",50,29,,
2026-09-17T17:05:15.176Z,2026-09-17 12:05:15,2026-09-17 19:05:15,"Ruta 2-A: Clásico Diseñada",600,0,,
2026-09-17T17:21:31.898Z,2026-09-17 12:21:31,2026-09-17 19:21:31,"Ruta 1-A: Montaña Machupicchu",50,27,,
2026-09-17T17:21:31.898Z,2026-09-17 12:21:31,2026-09-17 19:21:31,"Ruta 2-A: Clásico Diseñada",600,0,,
2026-09-17T17:33:17.296Z,2026-09-17 12:33:17,2026-09-17 19:33:17,"Ruta 1-A: Montaña Machupicchu",50,22,,
2026-09-17T17:33:17.296Z,2026-09-17 12:33:17,2026-09-17 19:33:17,"Ruta 2-A: Clásico Diseñada",600,0,,
2026-09-17T17:47:42.611Z,2026-09-17 12:47:42,2026-09-17 19:47:42,"Ruta 1-A: Montaña Machupicchu",50,12,,
2026-09-17T17:47:42.611Z,2026-09-17 12:47:42,2026-09-17 19:47:42,"Ruta 2-A: Clásico Diseñada",600,0,,
2026-09-17T18:07:29.841Z,2026-09-17 13:07:29,2026-09-17 20:07:29,"Ruta 1-A: Montaña Machupicchu",50,5,,
2026-09-17T18:07:29.841Z,2026-09-17 13:07:29,2026-09-17 20:07:29,"Ruta 2-A: Clásico Diseñada",600,0,,
2026-09-17T18:30:09.766Z,2026-09-17 13:30:09,2026-09-17 20:30:09,"Ruta 1-A: Montaña Machupicchu",50,2,,
2026-09-17T18:30:09.766Z,2026-09-17 13:30:09,2026-09-17 20:30:09,"Ruta 2-A: Clásico Diseñada",600,0,,
2026-09-17T18:46:08.375Z,2026-09-17 13:46:08,2026-09-17 20:46:08,"Ruta 1-A: Montaña Machupicchu",50,0,,
2026-09-17T18:46:08.375Z,2026-09-17 13:46:08,2026-09-17 20:46:08,"Ruta 2-A: Clásico Diseñada",600,0,,
2026-09-17T19:05:31.563Z,2026-09-17 14:05:31,2026-09-17 21:05:31,"Ruta 1-A: Montaña Machupicchu",50,0,,
2026-09-17T19:05:31.563Z,2026-09-17 14:05:31,2026-09-17 21:05:31,"Ruta 2-A: Clásico Diseñada",600,0,,
2026-09-17T19:21:23.909Z,2026-09-17 14:21:23,2026-09-17 21:21:23,"Ruta 1-A: Montaña Machupicchu",50,0,,
2026-09-17T19:21:23.909Z,2026-09-17 14:21:23,2026-09-17 21:21:23,"Ruta 2-A: Clásico Diseñada",600,0,,
2026-09-17T19:33:07.132Z,2026-09-17 14:33:07,2026-09-17 21:33:07,"Ruta 1-A: Montaña Machupicchu",50,0,,
2026-09-17T19:33:07.132Z,2026-09-17 14:33:07,2026-09-17 21:33:07,"Ruta 2-A: Clásico Diseñada",600,0,,
2026-09-17T19:47:58.151Z,2026-09-17 14:47:58,2026-09-17 21:47:58,"Ruta 1-A: Montaña Machupicchu",50,0,,
2026-09-17T19:47:58.151Z,2026-09-17 14:47:58,2026-09-17 21:47:58,"Ruta 2-A: Clásico Diseñada",600,0,,
2026-09-17T20:05:45.636Z,2026-09-17 15:05:45,2026-09-17 22:05:45,"Ruta 1-A: Montaña Machupicchu",50,0,,
2026-09-17T20:05:45.636Z,2026-09-17 15:05:45,2026-09-17 22:05:45,"Ruta 2-A: Clásico Diseñada",600,0,,
2026-09-17T20:36:07.052Z,2026-09-17 15:36:07,2026-09-17 22:36:07,"Ruta 1-A: Montaña Machupicchu",50,0,,
2026-09-17T20:36:07.052Z,2026-09-17 15:36:07,2026-09-17 22:36:07,"Ruta 2-A: Clásico Diseñada",600,0,,
2026-09-17T20:47:31.072Z,2026-09-17 15:47:31,2026-09-17 22:47:31,"Ruta 1-A: Montaña Machupicchu",50,0,,
2026-09-17T20:47:31.072Z,2026-09-17 15:47:31,2026-09-17 22:47:31,"Ruta 2-A: Clásico Diseñada",600,0,,
2026-09-17T21:05:38.326Z,2026-09-17 16:05:38,2026-09-17 23:05:38,"Ruta 1-A: Montaña Machupicchu",50,0,,
2026-09-17T21:05:38.326Z,2026-09-17 16:05:38,2026-09-17 23:05:38,"Ruta 2-A: Clásico Diseñada",600,0,,
2026-09-17T21:23:18.793Z,2026-09-17 16:23:18,2026-09-17 23:23:18,"Ruta 1-A: Montaña Machupicchu",50,0,,
2026-09-17T21:23:18.793Z,2026-09-17 16:23:18,2026-09-17 23:23:18,"Ruta 2-A: Clásico Diseñada",600,0,,
2026-09-17T21:33:24.004Z,2026-09-17 16:33:24,2026-09-17 23:33:24,"Ruta 1-A: Montaña Machupicchu",50,0,,
2026-09-17T21:33:24.004Z,2026-09-17 16:33:24,2026-09-17 23:33:24,"Ruta 2-A: Clásico Diseñada",600,0,,
2026-09-17T21:47:30.705Z,2026-09-17 16:47:30,2026-09-17 23:47:30,"Ruta 1-A: Montaña Machupicchu",50,0,,
2026-09-17T21:47:30.705Z,2026-09-17 16:47:30,2026-09-17 23:47:30,"Ruta 2-A: Clásico Diseñada",600,0,,
2026-09-17T22:05:46.669Z,2026-09-17 17:05:46,2026-09-18 00:05:46,"Ruta 1-A: Montaña Machupicchu",50,0,,
2026-09-17T22:05:46.669Z,2026-09-17 17:05:46,2026-09-18 00:05:46,"Ruta 2-A: Clásico Diseñada",600,0,,
2026-09-17T22:22:41.117Z,2026-09-17 17:22:41,2026-09-18 00:22:41,"Ruta 1-A: Montaña Machupicchu",50,0,,
2026-09-17T22:22:41.117Z,2026-09-17 17:22:41,2026-09-18 00:22:41,"Ruta 2-A: Clásico Diseñada",600,0,,
2026-09-17T22:32:39.869Z,2026-09-17 17:32:39,2026-09-18 00:32:39,"Ruta 1-A: Montaña Machupicchu",50,0,,
2026-09-17T22:32:39.869Z,2026-09-17 17:32:39,2026-09-18 00:32:39,"Ruta 2-A: Clásico Diseñada",600,0,,
2026-09-17T23:05:02.224Z,2026-09-17 18:05:02,2026-09-18 01:05:02,"Ruta 1-A: Montaña Machupicchu",50,0,,
2026-09-17T23:05:02.224Z,2026-09-17 18:05:02,2026-09-18 01:05:02,"Ruta 2-A: Clásico Diseñada",600,0,,
2026-09-17T23:20:24.038Z,2026-09-17 18:20:24,2026-09-18 01:20:24,"Ruta 1-A: Montaña Machupicchu",50,0,,
2026-09-17T23:20:24.038Z,2026-09-17 18:20:24,2026-09-18 01:20:24,"Ruta 2-A: Clásico Diseñada",600,0,,
2026-09-17T23:33:06.711Z,2026-09-17 18:33:06,2026-09-18 01:33:06,"Ruta 1-A: Montaña Machupicchu",50,0,,
2026-09-17T23:33:06.711Z,2026-09-17 18:33:06,2026-09-18 01:33:06,"Ruta 2-A: Clásico Diseñada",600,0,,
2026-09-17T23:47:32.525Z,2026-09-17 18:47:32,2026-09-18 01:47:32,"Ruta 1-A: Montaña Machupicchu",50,0,,
2026-09-17T23:47:32.525Z,2026-09-17 18:47:32,2026-09-18 01:47:32,"Ruta 2-A: Clásico Diseñada",600,0,,
2026-09-18T00:14:20.803Z,2026-09-17 19:14:20,2026-09-18 02:14:20,"Ruta 1-A: Montaña Machupicchu",50,50,,
2026-09-18T00:14:20.803Z,2026-09-17 19:14:20,2026-09-18 02:14:20,"Ruta 2-A: Clásico Diseñada",600,313,,
2026-09-18T01:01:10.692Z,2026-09-17 20:01:10,2026-09-18 03:01:10,"Ruta 1-A: Montaña Machupicchu",50,50,,
2026-09-18T01:01:10.692Z,2026-09-17 20:01:10,2026-09-18 03:01:10,"Ruta 2-A: Clásico Diseñada",600,299,,
2026-09-18T01:33:17.568Z,2026-09-17 20:33:17,2026-09-18 03:33:17,"Ruta 1-A: Montaña Machupicchu",50,50,,
2026-09-18T01:33:17.568Z,2026-09-17 20:33:17,2026-09-18 03:33:17,"Ruta 2-A: Clásico Diseñada",600,297,,
2026-09-18T01:56:04.145Z,2026-09-17 20:56:04,2026-09-18 03:56:04,"Ruta 1-A: Montaña Machupicchu",50,50,,
2026-09-18T01:56:04.145Z,2026-09-17 20:56:04,2026-09-18 03:56:04,"Ruta 2-A: Clásico Diseñada",600,290,,
2026-09-18T02:08:21.697Z,2026-09-17 21:08:21,2026-09-18 04:08:21,"Ruta 1-A: Montaña Machupicchu",50,50,,
2026-09-18T02:08:21.697Z,2026-09-17 21:08:21,2026-09-18 04:08:21,"Ruta 2-A: Clásico Diseñada",600,289,,
2026-09-18T02:34:46.681Z,2026-09-17 21:34:46,2026-09-18 04:34:46,"Ruta 1-A: Montaña Machupicchu",50,50,,
2026-09-18T02:34:46.681Z,2026-09-17 21:34:46,2026-09-18 04:34:46,"Ruta 2-A: Clásico Diseñada",600,270,,
2026-09-18T02:51:51.160Z,2026-09-17 21:51:51,2026-09-18 04:51:51,"Ruta 1-A: Montaña Machupicchu",50,50,,
2026-09-18T02:51:51.160Z,2026-09-17 21:51:51,2026-09-18 04:51:51,"Ruta 2-A: Clásico Diseñada",600,221,,
2026-09-18T03:06:41.284Z,2026-09-17 22:06:41,2026-09-18 05:06:41,"Ruta 1-A: Montaña Machupicchu",50,50,,
2026-09-18T03:06:41.284Z,2026-09-17 22:06:41,2026-09-18 05:06:41,"Ruta 2-A: Clásico Diseñada",600,198,,
2026-09-18T03:28:20.532Z,2026-09-17 22:28:20,2026-09-18 05:28:20,"Ruta 1-A: Montaña Machupicchu",50,50,,
2026-09-18T03:28:20.532Z,2026-09-17 22:28:20,2026-09-18 05:28:20,"Ruta 2-A: Clásico Diseñada",600,198,,
2026-09-18T03:43:25.342Z,2026-09-17 22:43:25,2026-09-18 05:43:25,"Ruta 1-A: Montaña Machupicchu",50,50,,
2026-09-18T03:43:25.342Z,2026-09-17 22:43:25,2026-09-18 05:43:25,"Ruta 2-A: Clásico Diseñada",600,198,,
2026-09-18T03:51:56.258Z,2026-09-17 22:51:56,2026-09-18 05:51:56,"Ruta 1-A: Montaña Machupicchu",50,50,,
2026-09-18T03:51:56.258Z,2026-09-17 22:51:56,2026-09-18 05:51:56,"Ruta 2-A: Clásico Diseñada",600,198,,
2026-09-18T04:07:19.599Z,2026-09-17 23:07:19,2026-09-18 06:07:19,"Ruta 1-A: Montaña Machupicchu",50,50,,
2026-09-18T04:07:19.599Z,2026-09-17 23:07:19,2026-09-18 06:07:19,"Ruta 2-A: Clásico Diseñada",600,198,,
2026-09-18T04:28:19.552Z,2026-09-17 23:28:19,2026-09-18 06:28:19,"Ruta 1-A: Montaña Machupicchu",50,50,,
2026-09-18T04:28:19.552Z,2026-09-17 23:28:19,2026-09-18 06:28:19,"Ruta 2-A: Clásico Diseñada",600,198,,
2026-09-18T05:05:44.308Z,2026-09-18 00:05:44,2026-09-18 07:05:44,"Ruta 1-A: Montaña Machupicchu",50,50,,
2026-09-18T05:05:44.308Z,2026-09-18 00:05:44,2026-09-18 07:05:44,"Ruta 2-A: Clásico Diseñada",600,198,,
2026-09-18T05:24:44.271Z,2026-09-18 00:24:44,2026-09-18 07:24:44,"Ruta 1-A: Montaña Machupicchu",50,50,,
2026-09-18T05:24:44.271Z,2026-09-18 00:24:44,2026-09-18 07:24:44,"Ruta 2-A: Clásico Diseñada",600,198,,
2026-09-18T05:35:38.582Z,2026-09-18 00:35:38,2026-09-18 07:35:38,"Ruta 1-A: Montaña Machupicchu",50,50,,
2026-09-18T05:35:38.582Z,2026-09-18 00:35:38,2026-09-18 07:35:38,"Ruta 2-A: Clásico Diseñada",600,198,,
2026-09-18T05:40:25.513Z,2026-09-18 00:40:25,2026-09-18 07:40:25,"Ruta 1-A: Montaña Machupicchu",50,50,0,0
2026-09-18T05:40:25.513Z,2026-09-18 00:40:25,2026-09-18 07:40:25,"Ruta 2-A: Clásico Diseñada",600,198,0,0
2026-09-18T05:47:18.215Z,2026-09-18 00:47:18,2026-09-18 07:47:18,"Ruta 1-A: Montaña Machupicchu",50,50,0,0
2026-09-18T05:47:18.215Z,2026-09-18 00:47:18,2026-09-18 07:47:18,"Ruta 2-A: Clásico Diseñada",600,198,0,0
2026-09-18T06:09:35.295Z,2026-09-18 01:09:35,2026-09-18 08:09:35,"Ruta 1-A: Montaña Machupicchu",50,50,0,0
2026-09-18T06:09:35.295Z,2026-09-18 01:09:35,2026-09-18 08:09:35,"Ruta 2-A: Clásico Diseñada",600,198,0,0
2026-09-18T06:39:04.689Z,2026-09-18 01:39:04,2026-09-18 08:39:04,"Ruta 1-A: Montaña Machupicchu",50,50,0,0
2026-09-18T06:39:04.689Z,2026-09-18 01:39:04,2026-09-18 08:39:04,"Ruta 2-A: Clásico Diseñada",600,198,0,0
2026-09-18T06:58:37.993Z,2026-09-18 01:58:37,2026-09-18 08:58:37,"Ruta 1-A: Montaña Machupicchu",50,50,0,0
2026-09-18T06:58:37.993Z,2026-09-18 01:58:37,2026-09-18 08:58:37,"Ruta 2-A: Clásico Diseñada",600,198,0,0
2026-09-18T07:20:56.913Z,2026-09-18 02:20:56,2026-09-18 09:20:56,"Ruta 1-A: Montaña Machupicchu",50,50,0,0
2026-09-18T07:20:56.913Z,2026-09-18 02:20:56,2026-09-18 09:20:56,"Ruta 2-A: Clásico Diseñada",600,198,0,0
2026-09-18T07:37:00.778Z,2026-09-18 02:37:00,2026-09-18 09:37:00,"Ruta 1-A: Montaña Machupicchu",50,50,0,0
2026-09-18T07:37:00.778Z,2026-09-18 02:37:00,2026-09-18 09:37:00,"Ruta 2-A: Clásico Diseñada",600,198,0,0
2026-09-18T07:48:18.057Z,2026-09-18 02:48:18,2026-09-18 09:48:18,"Ruta 1-A: Montaña Machupicchu",50,50,0,0
2026-09-18T07:48:18.057Z,2026-09-18 02:48:18,2026-09-18 09:48:18,"Ruta 2-A: Clásico Diseñada",600,198,0,0
2026-09-18T08:07:42.933Z,2026-09-18 03:07:42,2026-09-18 10:07:42,"Ruta 1-A: Montaña Machupicchu",50,50,0,0
2026-09-18T08:07:42.933Z,2026-09-18 03:07:42,2026-09-18 10:07:42,"Ruta 2-A: Clásico Diseñada",600,198,0,0
2026-09-18T08:32:15.970Z,2026-09-18 03:32:15,2026-09-18 10:32:15,"Ruta 1-A: Montaña Machupicchu",50,50,0,0
2026-09-18T08:32:15.970Z,2026-09-18 03:32:15,2026-09-18 10:32:15,"Ruta 2-A: Clásico Diseñada",600,198,0,0
2026-09-18T08:50:21.045Z,2026-09-18 03:50:21,2026-09-18 10:50:21,"Ruta 1-A: Montaña Machupicchu",50,50,0,0
2026-09-18T08:50:21.045Z,2026-09-18 03:50:21,2026-09-18 10:50:21,"Ruta 2-A: Clásico Diseñada",600,198,0,0
2026-09-18T09:06:23.442Z,2026-09-18 04:06:23,2026-09-18 11:06:23,"Ruta 1-A: Montaña Machupicchu",50,50,0,0
2026-09-18T09:06:23.442Z,2026-09-18 04:06:23,2026-09-18 11:06:23,"Ruta 2-A: Clásico Diseñada",600,198,0,0
2026-09-18T09:27:06.624Z,2026-09-18 04:27:06,2026-09-18 11:27:06,"Ruta 1-A: Montaña Machupicchu",50,50,0,0
2026-09-18T09:27:06.624Z,2026-09-18 04:27:06,2026-09-18 11:27:06,"Ruta 2-A: Clásico Diseñada",600,198,0,0
2026-09-18T09:38:33.021Z,2026-09-18 04:38:33,2026-09-18 11:38:33,"Ruta 1-A: Montaña Machupicchu",50,50,0,0
2026-09-18T09:38:33.021Z,2026-09-18 04:38:33,2026-09-18 11:38:33,"Ruta 2-A: Clásico Diseñada",600,198,0,0
2026-09-18T10:06:10.185Z,2026-09-18 05:06:10,2026-09-18 12:06:10,"Ruta 1-A: Montaña Machupicchu",50,50,0,0
2026-09-18T10:06:10.185Z,2026-09-18 05:06:10,2026-09-18 12:06:10,"Ruta 2-A: Clásico Diseñada",600,198,0,0
2026-09-18T10:25:03.630Z,2026-09-18 05:25:03,2026-09-18 12:25:03,"Ruta 1-A: Montaña Machupicchu",50,50,0,0
2026-09-18T10:25:03.630Z,2026-09-18 05:25:03,2026-09-18 12:25:03,"Ruta 2-A: Clásico Diseñada",600,198,0,0
2026-09-18T10:35:27.511Z,2026-09-18 05:35:27,2026-09-18 12:35:27,"Ruta 1-A: Montaña Machupicchu",50,50,0,0
2026-09-18T10:35:27.511Z,2026-09-18 05:35:27,2026-09-18 12:35:27,"Ruta 2-A: Clásico Diseñada",600,198,0,0
2026-09-18T10:47:28.955Z,2026-09-18 05:47:28,2026-09-18 12:47:28,"Ruta 1-A: Montaña Machupicchu",50,50,0,0
2026-09-18T10:47:28.955Z,2026-09-18 05:47:28,2026-09-18 12:47:28,"Ruta 2-A: Clásico Diseñada",600,198,0,0
2026-09-18T11:22:33.259Z,2026-09-18 06:22:33,2026-09-18 13:22:33,"Ruta 1-A: Montaña Machupicchu",50,50,0,0
2026-09-18T11:22:33.259Z,2026-09-18 06:22:33,2026-09-18 13:22:33,"Ruta 2-A: Clásico Diseñada",600,176,0,0
2026-09-18T11:47:45.840Z,2026-09-18 06:47:45,2026-09-18 13:47:45,"Ruta 1-A: Montaña Machupicchu",50,49,0,0
2026-09-18T11:47:45.840Z,2026-09-18 06:47:45,2026-09-18 13:47:45,"Ruta 2-A: Clásico Diseñada",600,162,0,0
2026-09-18T12:08:11.718Z,2026-09-18 07:08:11,2026-09-18 14:08:11,"Ruta 1-A: Montaña Machupicchu",50,49,0,0
2026-09-18T12:08:11.718Z,2026-09-18 07:08:11,2026-09-18 14:08:11,"Ruta 2-A: Clásico Diseñada",600,152,0,0
2026-09-18T12:34:18.153Z,2026-09-18 07:34:18,2026-09-18 14:34:18,"Ruta 1-A: Montaña Machupicchu",50,49,0,0
2026-09-18T12:34:18.153Z,2026-09-18 07:34:18,2026-09-18 14:34:18,"Ruta 2-A: Clásico Diseñada",600,108,0,0
2026-09-18T12:53:26.309Z,2026-09-18 07:53:26,2026-09-18 14:53:26,"Ruta 1-A: Montaña Machupicchu",50,49,0,0
2026-09-18T12:53:26.309Z,2026-09-18 07:53:26,2026-09-18 14:53:26,"Ruta 2-A: Clásico Diseñada",600,78,0,0
2026-09-18T13:05:39.141Z,2026-09-18 08:05:39,2026-09-18 15:05:39,"Ruta 1-A: Montaña Machupicchu",50,49,0,0
2026-09-18T13:05:39.141Z,2026-09-18 08:05:39,2026-09-18 15:05:39,"Ruta 2-A: Clásico Diseñada",600,51,0,0
