timestamp_utc,timestamp_peru,timestamp_nl,datum_ticket,dagen_vooruit,ruta,aforo,verkocht,beschikbaar,turnos_entregados,turnos_disponibles
2026-09-20T20:49:50.159Z,2026-09-20 15:49:50,2026-09-20 22:49:50,2026-09-21,1,"Ruta 1-A: Montaña Machupicchu",50,50,0,1000,0
2026-09-20T20:49:50.159Z,2026-09-20 15:49:50,2026-09-20 22:49:50,2026-09-21,1,"Ruta 2-A: Clásico Diseñada",600,600,0,1000,0
2026-09-20T20:49:50.159Z,2026-09-20 15:49:50,2026-09-20 22:49:50,2026-09-22,2,"Ruta 1-A: Montaña Machupicchu",50,0,50,205,795
2026-09-20T20:49:50.159Z,2026-09-20 15:49:50,2026-09-20 22:49:50,2026-09-22,2,"Ruta 2-A: Clásico Diseñada",600,106,494,205,795
2026-09-20T20:52:11.649Z,2026-09-20 15:52:11,2026-09-20 22:52:11,2026-09-21,1,"Ruta 1-A: Montaña Machupicchu",50,50,0,1000,0
2026-09-20T20:52:11.649Z,2026-09-20 15:52:11,2026-09-20 22:52:11,2026-09-21,1,"Ruta 2-A: Clásico Diseñada",600,600,0,1000,0
2026-09-20T20:52:11.649Z,2026-09-20 15:52:11,2026-09-20 22:52:11,2026-09-22,2,"Ruta 1-A: Montaña Machupicchu",50,0,50,209,791
2026-09-20T20:52:11.649Z,2026-09-20 15:52:11,2026-09-20 22:52:11,2026-09-22,2,"Ruta 2-A: Clásico Diseñada",600,110,490,209,791
2026-09-20T20:58:57.180Z,2026-09-20 15:58:57,2026-09-20 22:58:57,2026-09-21,1,"Ruta 1-A: Montaña Machupicchu",50,50,0,1000,0
2026-09-20T20:58:57.180Z,2026-09-20 15:58:57,2026-09-20 22:58:57,2026-09-21,1,"Ruta 2-A: Clásico Diseñada",600,600,0,1000,0
2026-09-20T20:58:57.180Z,2026-09-20 15:58:57,2026-09-20 22:58:57,2026-09-22,2,"Ruta 1-A: Montaña Machupicchu",50,0,50,210,790
2026-09-20T20:58:57.180Z,2026-09-20 15:58:57,2026-09-20 22:58:57,2026-09-22,2,"Ruta 2-A: Clásico Diseñada",600,118,482,210,790
2026-09-20T21:22:37.674Z,2026-09-20 16:22:37,2026-09-20 23:22:37,2026-09-21,1,"Ruta 1-A: Montaña Machupicchu",50,50,0,1000,0
2026-09-20T21:22:37.674Z,2026-09-20 16:22:37,2026-09-20 23:22:37,2026-09-21,1,"Ruta 2-A: Clásico Diseñada",600,600,0,1000,0
2026-09-20T21:22:37.674Z,2026-09-20 16:22:37,2026-09-20 23:22:37,2026-09-22,2,"Ruta 1-A: Montaña Machupicchu",50,0,50,236,764
2026-09-20T21:22:37.674Z,2026-09-20 16:22:37,2026-09-20 23:22:37,2026-09-22,2,"Ruta 2-A: Clásico Diseñada",600,156,444,236,764
2026-09-20T21:33:43.961Z,2026-09-20 16:33:43,2026-09-20 23:33:43,2026-09-21,1,"Ruta 1-A: Montaña Machupicchu",50,50,0,1000,0
2026-09-20T21:33:43.961Z,2026-09-20 16:33:43,2026-09-20 23:33:43,2026-09-21,1,"Ruta 2-A: Clásico Diseñada",600,600,0,1000,0
2026-09-20T21:33:43.961Z,2026-09-20 16:33:43,2026-09-20 23:33:43,2026-09-22,2,"Ruta 1-A: Montaña Machupicchu",50,0,50,236,764
2026-09-20T21:33:43.961Z,2026-09-20 16:33:43,2026-09-20 23:33:43,2026-09-22,2,"Ruta 2-A: Clásico Diseñada",600,166,434,236,764
2026-09-20T21:48:29.685Z,2026-09-20 16:48:29,2026-09-20 23:48:29,2026-09-21,1,"Ruta 1-A: Montaña Machupicchu",50,50,0,1000,0
2026-09-20T21:48:29.685Z,2026-09-20 16:48:29,2026-09-20 23:48:29,2026-09-21,1,"Ruta 2-A: Clásico Diseñada",600,600,0,1000,0
2026-09-20T21:48:29.685Z,2026-09-20 16:48:29,2026-09-20 23:48:29,2026-09-22,2,"Ruta 1-A: Montaña Machupicchu",50,0,50,239,761
2026-09-20T21:48:29.685Z,2026-09-20 16:48:29,2026-09-20 23:48:29,2026-09-22,2,"Ruta 2-A: Clásico Diseñada",600,176,424,239,761
2026-09-20T22:05:57.261Z,2026-09-20 17:05:57,2026-09-21 00:05:57,2026-09-21,1,"Ruta 1-A: Montaña Machupicchu",50,50,0,1000,0
2026-09-20T22:05:57.261Z,2026-09-20 17:05:57,2026-09-21 00:05:57,2026-09-21,1,"Ruta 2-A: Clásico Diseñada",600,600,0,1000,0
2026-09-20T22:05:57.261Z,2026-09-20 17:05:57,2026-09-21 00:05:57,2026-09-22,2,"Ruta 1-A: Montaña Machupicchu",50,0,50,243,757
2026-09-20T22:05:57.261Z,2026-09-20 17:05:57,2026-09-21 00:05:57,2026-09-22,2,"Ruta 2-A: Clásico Diseñada",600,197,403,243,757
2026-09-20T22:23:09.355Z,2026-09-20 17:23:09,2026-09-21 00:23:09,2026-09-21,1,"Ruta 1-A: Montaña Machupicchu",50,50,0,1000,0
2026-09-20T22:23:09.355Z,2026-09-20 17:23:09,2026-09-21 00:23:09,2026-09-21,1,"Ruta 2-A: Clásico Diseñada",600,600,0,1000,0
2026-09-20T22:23:09.355Z,2026-09-20 17:23:09,2026-09-21 00:23:09,2026-09-22,2,"Ruta 1-A: Montaña Machupicchu",50,0,50,247,753
2026-09-20T22:23:09.355Z,2026-09-20 17:23:09,2026-09-21 00:23:09,2026-09-22,2,"Ruta 2-A: Clásico Diseñada",600,198,402,247,753
2026-09-20T22:33:36.666Z,2026-09-20 17:33:36,2026-09-21 00:33:36,2026-09-21,1,"Ruta 1-A: Montaña Machupicchu",50,50,0,1000,0
2026-09-20T22:33:36.666Z,2026-09-20 17:33:36,2026-09-21 00:33:36,2026-09-21,1,"Ruta 2-A: Clásico Diseñada",600,600,0,1000,0
2026-09-20T22:33:36.666Z,2026-09-20 17:33:36,2026-09-21 00:33:36,2026-09-22,2,"Ruta 1-A: Montaña Machupicchu",50,0,50,252,748
2026-09-20T22:33:36.666Z,2026-09-20 17:33:36,2026-09-21 00:33:36,2026-09-22,2,"Ruta 2-A: Clásico Diseñada",600,201,399,252,748
2026-09-20T22:48:28.949Z,2026-09-20 17:48:28,2026-09-21 00:48:28,2026-09-21,1,"Ruta 1-A: Montaña Machupicchu",50,50,0,1000,0
2026-09-20T22:48:28.949Z,2026-09-20 17:48:28,2026-09-21 00:48:28,2026-09-21,1,"Ruta 2-A: Clásico Diseñada",600,600,0,1000,0
2026-09-20T22:48:28.949Z,2026-09-20 17:48:28,2026-09-21 00:48:28,2026-09-22,2,"Ruta 1-A: Montaña Machupicchu",50,0,50,257,743
2026-09-20T22:48:28.949Z,2026-09-20 17:48:28,2026-09-21 00:48:28,2026-09-22,2,"Ruta 2-A: Clásico Diseñada",600,204,396,257,743
2026-09-20T23:33:32.938Z,2026-09-20 18:33:32,2026-09-21 01:33:32,2026-09-21,1,"Ruta 1-A: Montaña Machupicchu",50,50,0,1000,0
2026-09-20T23:33:32.938Z,2026-09-20 18:33:32,2026-09-21 01:33:32,2026-09-21,1,"Ruta 2-A: Clásico Diseñada",600,600,0,1000,0
2026-09-20T23:33:32.938Z,2026-09-20 18:33:32,2026-09-21 01:33:32,2026-09-22,2,"Ruta 1-A: Montaña Machupicchu",50,0,50,305,695
2026-09-20T23:33:32.938Z,2026-09-20 18:33:32,2026-09-21 01:33:32,2026-09-22,2,"Ruta 2-A: Clásico Diseñada",600,237,363,305,695
2026-09-20T23:48:17.026Z,2026-09-20 18:48:17,2026-09-21 01:48:17,2026-09-21,1,"Ruta 1-A: Montaña Machupicchu",50,50,0,1000,0
2026-09-20T23:48:17.026Z,2026-09-20 18:48:17,2026-09-21 01:48:17,2026-09-21,1,"Ruta 2-A: Clásico Diseñada",600,600,0,1000,0
2026-09-20T23:48:17.026Z,2026-09-20 18:48:17,2026-09-21 01:48:17,2026-09-22,2,"Ruta 1-A: Montaña Machupicchu",50,0,50,333,667
2026-09-20T23:48:17.026Z,2026-09-20 18:48:17,2026-09-21 01:48:17,2026-09-22,2,"Ruta 2-A: Clásico Diseñada",600,264,336,333,667
2026-09-21T00:16:23.714Z,2026-09-20 19:16:23,2026-09-21 02:16:23,2026-09-22,2,"Ruta 1-A: Montaña Machupicchu",50,0,50,338,662
2026-09-21T00:16:23.714Z,2026-09-20 19:16:23,2026-09-21 02:16:23,2026-09-22,2,"Ruta 2-A: Clásico Diseñada",600,271,329,338,662
2026-09-21T01:08:35.391Z,2026-09-20 20:08:35,2026-09-21 03:08:35,2026-09-22,2,"Ruta 1-A: Montaña Machupicchu",50,0,50,343,657
2026-09-21T01:08:35.391Z,2026-09-20 20:08:35,2026-09-21 03:08:35,2026-09-22,2,"Ruta 2-A: Clásico Diseñada",600,275,325,343,657
2026-09-21T01:41:34.748Z,2026-09-20 20:41:34,2026-09-21 03:41:34,2026-09-22,2,"Ruta 1-A: Montaña Machupicchu",50,0,50,355,645
2026-09-21T01:41:34.748Z,2026-09-20 20:41:34,2026-09-21 03:41:34,2026-09-22,2,"Ruta 2-A: Clásico Diseñada",600,283,317,355,645
2026-09-21T02:01:17.703Z,2026-09-20 21:01:17,2026-09-21 04:01:17,2026-09-22,2,"Ruta 1-A: Montaña Machupicchu",50,0,50,356,644
2026-09-21T02:01:17.703Z,2026-09-20 21:01:17,2026-09-21 04:01:17,2026-09-22,2,"Ruta 2-A: Clásico Diseñada",600,287,313,356,644
2026-09-21T02:33:29.113Z,2026-09-20 21:33:29,2026-09-21 04:33:29,2026-09-22,2,"Ruta 1-A: Montaña Machupicchu",50,0,50,383,617
2026-09-21T02:33:29.113Z,2026-09-20 21:33:29,2026-09-21 04:33:29,2026-09-22,2,"Ruta 2-A: Clásico Diseñada",600,295,305,383,617
2026-09-21T02:55:36.774Z,2026-09-20 21:55:36,2026-09-21 04:55:36,2026-09-22,2,"Ruta 1-A: Montaña Machupicchu",50,0,50,446,554
2026-09-21T02:55:36.774Z,2026-09-20 21:55:36,2026-09-21 04:55:36,2026-09-22,2,"Ruta 2-A: Clásico Diseñada",600,326,274,446,554
2026-09-21T03:08:19.203Z,2026-09-20 22:08:19,2026-09-21 05:08:19,2026-09-22,2,"Ruta 1-A: Montaña Machupicchu",50,0,50,450,550
2026-09-21T03:08:19.203Z,2026-09-20 22:08:19,2026-09-21 05:08:19,2026-09-22,2,"Ruta 2-A: Clásico Diseñada",600,345,255,450,550
2026-09-21T03:32:43.239Z,2026-09-20 22:32:43,2026-09-21 05:32:43,2026-09-22,2,"Ruta 1-A: Montaña Machupicchu",50,0,50,450,550
2026-09-21T03:32:43.239Z,2026-09-20 22:32:43,2026-09-21 05:32:43,2026-09-22,2,"Ruta 2-A: Clásico Diseñada",600,359,241,450,550
2026-09-21T03:53:26.844Z,2026-09-20 22:53:26,2026-09-21 05:53:26,2026-09-22,2,"Ruta 1-A: Montaña Machupicchu",50,0,50,450,550
2026-09-21T03:53:26.844Z,2026-09-20 22:53:26,2026-09-21 05:53:26,2026-09-22,2,"Ruta 2-A: Clásico Diseñada",600,359,241,450,550
2026-09-21T04:32:08.818Z,2026-09-20 23:32:08,2026-09-21 06:32:08,2026-09-22,2,"Ruta 1-A: Montaña Machupicchu",50,0,50,450,550
2026-09-21T04:32:08.818Z,2026-09-20 23:32:08,2026-09-21 06:32:08,2026-09-22,2,"Ruta 2-A: Clásico Diseñada",600,359,241,450,550
2026-09-21T04:53:15.702Z,2026-09-20 23:53:15,2026-09-21 06:53:15,2026-09-22,2,"Ruta 1-A: Montaña Machupicchu",50,0,50,450,550
2026-09-21T04:53:15.702Z,2026-09-20 23:53:15,2026-09-21 06:53:15,2026-09-22,2,"Ruta 2-A: Clásico Diseñada",600,359,241,450,550
2026-09-21T05:07:14.832Z,2026-09-21 00:07:14,2026-09-21 07:07:14,2026-09-22,1,"Ruta 1-A: Montaña Machupicchu",50,0,50,450,550
2026-09-21T05:07:14.832Z,2026-09-21 00:07:14,2026-09-21 07:07:14,2026-09-22,1,"Ruta 2-A: Clásico Diseñada",600,359,241,450,550
2026-09-21T05:27:50.321Z,2026-09-21 00:27:50,2026-09-21 07:27:50,2026-09-22,1,"Ruta 1-A: Montaña Machupicchu",50,0,50,450,550
2026-09-21T05:27:50.321Z,2026-09-21 00:27:50,2026-09-21 07:27:50,2026-09-22,1,"Ruta 2-A: Clásico Diseñada",600,359,241,450,550
2026-09-21T05:40:05.473Z,2026-09-21 00:40:05,2026-09-21 07:40:05,2026-09-22,1,"Ruta 1-A: Montaña Machupicchu",50,0,50,450,550
2026-09-21T05:40:05.473Z,2026-09-21 00:40:05,2026-09-21 07:40:05,2026-09-22,1,"Ruta 2-A: Clásico Diseñada",600,359,241,450,550
2026-09-21T05:50:20.880Z,2026-09-21 00:50:20,2026-09-21 07:50:20,2026-09-22,1,"Ruta 1-A: Montaña Machupicchu",50,0,50,450,550
2026-09-21T05:50:20.880Z,2026-09-21 00:50:20,2026-09-21 07:50:20,2026-09-22,1,"Ruta 2-A: Clásico Diseñada",600,359,241,450,550
2026-09-21T06:13:16.900Z,2026-09-21 01:13:16,2026-09-21 08:13:16,2026-09-22,1,"Ruta 1-A: Montaña Machupicchu",50,0,50,450,550
2026-09-21T06:13:16.900Z,2026-09-21 01:13:16,2026-09-21 08:13:16,2026-09-22,1,"Ruta 2-A: Clásico Diseñada",600,359,241,450,550
2026-09-21T06:52:52.505Z,2026-09-21 01:52:52,2026-09-21 08:52:52,2026-09-22,1,"Ruta 1-A: Montaña Machupicchu",50,0,50,450,550
2026-09-21T06:52:52.505Z,2026-09-21 01:52:52,2026-09-21 08:52:52,2026-09-22,1,"Ruta 2-A: Clásico Diseñada",600,359,241,450,550
2026-09-21T07:18:40.700Z,2026-09-21 02:18:40,2026-09-21 09:18:40,2026-09-22,1,"Ruta 1-A: Montaña Machupicchu",50,0,50,450,550
2026-09-21T07:18:40.700Z,2026-09-21 02:18:40,2026-09-21 09:18:40,2026-09-22,1,"Ruta 2-A: Clásico Diseñada",600,359,241,450,550
2026-09-21T07:47:44.372Z,2026-09-21 02:47:44,2026-09-21 09:47:44,2026-09-22,1,"Ruta 1-A: Montaña Machupicchu",50,0,50,450,550
2026-09-21T07:47:44.372Z,2026-09-21 02:47:44,2026-09-21 09:47:44,2026-09-22,1,"Ruta 2-A: Clásico Diseñada",600,359,241,450,550
2026-09-21T08:09:22.350Z,2026-09-21 03:09:22,2026-09-21 10:09:22,2026-09-22,1,"Ruta 1-A: Montaña Machupicchu",50,0,50,450,550
2026-09-21T08:09:22.350Z,2026-09-21 03:09:22,2026-09-21 10:09:22,2026-09-22,1,"Ruta 2-A: Clásico Diseñada",600,359,241,450,550
2026-09-21T08:37:21.403Z,2026-09-21 03:37:21,2026-09-21 10:37:21,2026-09-22,1,"Ruta 1-A: Montaña Machupicchu",50,0,50,450,550
2026-09-21T08:37:21.403Z,2026-09-21 03:37:21,2026-09-21 10:37:21,2026-09-22,1,"Ruta 2-A: Clásico Diseñada",600,359,241,450,550
2026-09-21T08:54:52.048Z,2026-09-21 03:54:52,2026-09-21 10:54:52,2026-09-22,1,"Ruta 1-A: Montaña Machupicchu",50,0,50,450,550
2026-09-21T08:54:52.048Z,2026-09-21 03:54:52,2026-09-21 10:54:52,2026-09-22,1,"Ruta 2-A: Clásico Diseñada",600,359,241,450,550
2026-09-21T09:08:59.212Z,2026-09-21 04:08:59,2026-09-21 11:08:59,2026-09-22,1,"Ruta 1-A: Montaña Machupicchu",50,0,50,450,550
2026-09-21T09:08:59.212Z,2026-09-21 04:08:59,2026-09-21 11:08:59,2026-09-22,1,"Ruta 2-A: Clásico Diseñada",600,359,241,450,550
2026-09-21T09:34:37.964Z,2026-09-21 04:34:37,2026-09-21 11:34:37,2026-09-22,1,"Ruta 1-A: Montaña Machupicchu",50,0,50,450,550
2026-09-21T09:34:37.964Z,2026-09-21 04:34:37,2026-09-21 11:34:37,2026-09-22,1,"Ruta 2-A: Clásico Diseñada",600,359,241,450,550
2026-09-21T09:52:20.981Z,2026-09-21 04:52:20,2026-09-21 11:52:20,2026-09-22,1,"Ruta 1-A: Montaña Machupicchu",50,0,50,450,550
2026-09-21T09:52:20.981Z,2026-09-21 04:52:20,2026-09-21 11:52:20,2026-09-22,1,"Ruta 2-A: Clásico Diseñada",600,359,241,450,550
2026-09-21T10:07:10.192Z,2026-09-21 05:07:10,2026-09-21 12:07:10,2026-09-22,1,"Ruta 1-A: Montaña Machupicchu",50,0,50,450,550
2026-09-21T10:07:10.192Z,2026-09-21 05:07:10,2026-09-21 12:07:10,2026-09-22,1,"Ruta 2-A: Clásico Diseñada",600,359,241,450,550
2026-09-21T10:27:42.269Z,2026-09-21 05:27:42,2026-09-21 12:27:42,2026-09-22,1,"Ruta 1-A: Montaña Machupicchu",50,0,50,450,550
2026-09-21T10:27:42.269Z,2026-09-21 05:27:42,2026-09-21 12:27:42,2026-09-22,1,"Ruta 2-A: Clásico Diseñada",600,359,241,450,550
2026-09-21T10:38:59.261Z,2026-09-21 05:38:59,2026-09-21 12:38:59,2026-09-22,1,"Ruta 1-A: Montaña Machupicchu",50,0,50,450,550
2026-09-21T10:38:59.261Z,2026-09-21 05:38:59,2026-09-21 12:38:59,2026-09-22,1,"Ruta 2-A: Clásico Diseñada",600,359,241,450,550
2026-09-21T11:06:33.820Z,2026-09-21 06:06:33,2026-09-21 13:06:33,2026-09-22,1,"Ruta 1-A: Montaña Machupicchu",50,0,50,478,522
2026-09-21T11:06:33.820Z,2026-09-21 06:06:33,2026-09-21 13:06:33,2026-09-22,1,"Ruta 2-A: Clásico Diseñada",600,365,235,478,522
2026-09-21T11:36:21.035Z,2026-09-21 06:36:21,2026-09-21 13:36:21,2026-09-22,1,"Ruta 1-A: Montaña Machupicchu",50,1,49,572,428
2026-09-21T11:36:21.035Z,2026-09-21 06:36:21,2026-09-21 13:36:21,2026-09-22,1,"Ruta 2-A: Clásico Diseñada",600,414,186,572,428
2026-09-21T11:48:14.772Z,2026-09-21 06:48:14,2026-09-21 13:48:14,2026-09-22,1,"Ruta 1-A: Montaña Machupicchu",50,4,46,585,415
2026-09-21T11:48:14.772Z,2026-09-21 06:48:14,2026-09-21 13:48:14,2026-09-22,1,"Ruta 2-A: Clásico Diseñada",600,437,163,585,415
2026-09-21T12:09:21.094Z,2026-09-21 07:09:21,2026-09-21 14:09:21,2026-09-22,1,"Ruta 1-A: Montaña Machupicchu",50,4,46,654,346
2026-09-21T12:09:21.094Z,2026-09-21 07:09:21,2026-09-21 14:09:21,2026-09-22,1,"Ruta 2-A: Clásico Diseñada",600,481,119,654,346
2026-09-21T12:35:02.694Z,2026-09-21 07:35:02,2026-09-21 14:35:02,2026-09-22,1,"Ruta 1-A: Montaña Machupicchu",50,4,46,709,291
2026-09-21T12:35:02.694Z,2026-09-21 07:35:02,2026-09-21 14:35:02,2026-09-22,1,"Ruta 2-A: Clásico Diseñada",600,544,56,709,291
2026-09-21T12:53:38.566Z,2026-09-21 07:53:38,2026-09-21 14:53:38,2026-09-22,1,"Ruta 1-A: Montaña Machupicchu",50,4,46,709,291
2026-09-21T12:53:38.566Z,2026-09-21 07:53:38,2026-09-21 14:53:38,2026-09-22,1,"Ruta 2-A: Clásico Diseñada",600,555,45,709,291
2026-09-21T13:06:29.435Z,2026-09-21 08:06:29,2026-09-21 15:06:29,2026-09-22,1,"Ruta 1-A: Montaña Machupicchu",50,4,46,733,267
2026-09-21T13:06:29.435Z,2026-09-21 08:06:29,2026-09-21 15:06:29,2026-09-22,1,"Ruta 2-A: Clásico Diseñada",600,561,39,733,267
2026-09-21T13:27:04.594Z,2026-09-21 08:27:04,2026-09-21 15:27:04,2026-09-22,1,"Ruta 1-A: Montaña Machupicchu",50,6,44,773,227
2026-09-21T13:27:04.594Z,2026-09-21 08:27:04,2026-09-21 15:27:04,2026-09-22,1,"Ruta 2-A: Clásico Diseñada",600,573,27,773,227
2026-09-21T13:38:21.385Z,2026-09-21 08:38:21,2026-09-21 15:38:21,2026-09-22,1,"Ruta 1-A: Montaña Machupicchu",50,6,44,799,201
2026-09-21T13:38:21.385Z,2026-09-21 08:38:21,2026-09-21 15:38:21,2026-09-22,1,"Ruta 2-A: Clásico Diseñada",600,596,4,799,201
2026-09-21T13:49:03.901Z,2026-09-21 08:49:03,2026-09-21 15:49:03,2026-09-22,1,"Ruta 1-A: Montaña Machupicchu",50,6,44,827,173
2026-09-21T13:49:03.901Z,2026-09-21 08:49:03,2026-09-21 15:49:03,2026-09-22,1,"Ruta 2-A: Clásico Diseñada",600,599,1,827,173
2026-09-21T14:07:24.078Z,2026-09-21 09:07:24,2026-09-21 16:07:24,2026-09-22,1,"Ruta 1-A: Montaña Machupicchu",50,8,42,870,130
2026-09-21T14:07:24.078Z,2026-09-21 09:07:24,2026-09-21 16:07:24,2026-09-22,1,"Ruta 2-A: Clásico Diseñada",600,600,0,870,130
2026-09-21T14:28:47.591Z,2026-09-21 09:28:47,2026-09-21 16:28:47,2026-09-22,1,"Ruta 1-A: Montaña Machupicchu",50,10,40,899,101
2026-09-21T14:28:47.591Z,2026-09-21 09:28:47,2026-09-21 16:28:47,2026-09-22,1,"Ruta 2-A: Clásico Diseñada",600,600,0,899,101
2026-09-21T14:42:15.229Z,2026-09-21 09:42:15,2026-09-21 16:42:15,2026-09-22,1,"Ruta 1-A: Montaña Machupicchu",50,12,38,905,95
2026-09-21T14:42:15.229Z,2026-09-21 09:42:15,2026-09-21 16:42:15,2026-09-22,1,"Ruta 2-A: Clásico Diseñada",600,600,0,905,95
2026-09-21T14:50:51.250Z,2026-09-21 09:50:51,2026-09-21 16:50:51,2026-09-22,1,"Ruta 1-A: Montaña Machupicchu",50,15,35,917,83
2026-09-21T14:50:51.250Z,2026-09-21 09:50:51,2026-09-21 16:50:51,2026-09-22,1,"Ruta 2-A: Clásico Diseñada",600,600,0,917,83
2026-09-21T15:06:48.037Z,2026-09-21 10:06:48,2026-09-21 17:06:48,2026-09-22,1,"Ruta 1-A: Montaña Machupicchu",50,16,34,924,76
2026-09-21T15:06:48.037Z,2026-09-21 10:06:48,2026-09-21 17:06:48,2026-09-22,1,"Ruta 2-A: Clásico Diseñada",600,600,0,924,76
2026-09-21T15:24:58.125Z,2026-09-21 10:24:58,2026-09-21 17:24:58,2026-09-22,1,"Ruta 1-A: Montaña Machupicchu",50,16,34,936,64
2026-09-21T15:24:58.125Z,2026-09-21 10:24:58,2026-09-21 17:24:58,2026-09-22,1,"Ruta 2-A: Clásico Diseñada",600,600,0,936,64
2026-09-21T15:35:34.212Z,2026-09-21 10:35:34,2026-09-21 17:35:34,2026-09-22,1,"Ruta 1-A: Montaña Machupicchu",50,18,32,938,62
2026-09-21T15:35:34.212Z,2026-09-21 10:35:34,2026-09-21 17:35:34,2026-09-22,1,"Ruta 2-A: Clásico Diseñada",600,600,0,938,62
2026-09-21T15:48:27.793Z,2026-09-21 10:48:27,2026-09-21 17:48:27,2026-09-22,1,"Ruta 1-A: Montaña Machupicchu",50,21,29,941,59
2026-09-21T15:48:27.793Z,2026-09-21 10:48:27,2026-09-21 17:48:27,2026-09-22,1,"Ruta 2-A: Clásico Diseñada",600,600,0,941,59
2026-09-21T16:07:11.623Z,2026-09-21 11:07:11,2026-09-21 18:07:11,2026-09-22,1,"Ruta 1-A: Montaña Machupicchu",50,21,29,949,51
2026-09-21T16:07:11.623Z,2026-09-21 11:07:11,2026-09-21 18:07:11,2026-09-22,1,"Ruta 2-A: Clásico Diseñada",600,600,0,949,51
2026-09-21T16:28:57.145Z,2026-09-21 11:28:57,2026-09-21 18:28:57,2026-09-22,1,"Ruta 1-A: Montaña Machupicchu",50,21,29,951,49
2026-09-21T16:28:57.145Z,2026-09-21 11:28:57,2026-09-21 18:28:57,2026-09-22,1,"Ruta 2-A: Clásico Diseñada",600,600,0,951,49
2026-09-21T16:41:49.354Z,2026-09-21 11:41:49,2026-09-21 18:41:49,2026-09-22,1,"Ruta 1-A: Montaña Machupicchu",50,21,29,951,49
2026-09-21T16:41:49.354Z,2026-09-21 11:41:49,2026-09-21 18:41:49,2026-09-22,1,"Ruta 2-A: Clásico Diseñada",600,600,0,951,49
2026-09-21T16:50:04.332Z,2026-09-21 11:50:04,2026-09-21 18:50:04,2026-09-22,1,"Ruta 1-A: Montaña Machupicchu",50,21,29,951,49
2026-09-21T16:50:04.332Z,2026-09-21 11:50:04,2026-09-21 18:50:04,2026-09-22,1,"Ruta 2-A: Clásico Diseñada",600,600,0,951,49
2026-09-21T17:06:25.738Z,2026-09-21 12:06:25,2026-09-21 19:06:25,2026-09-22,1,"Ruta 1-A: Montaña Machupicchu",50,21,29,971,29
2026-09-21T17:06:25.738Z,2026-09-21 12:06:25,2026-09-21 19:06:25,2026-09-22,1,"Ruta 2-A: Clásico Diseñada",600,600,0,971,29
2026-09-21T17:22:04.279Z,2026-09-21 12:22:04,2026-09-21 19:22:04,2026-09-22,1,"Ruta 1-A: Montaña Machupicchu",50,25,25,1000,0
2026-09-21T17:22:04.279Z,2026-09-21 12:22:04,2026-09-21 19:22:04,2026-09-22,1,"Ruta 2-A: Clásico Diseñada",600,600,0,1000,0
2026-09-21T17:33:47.422Z,2026-09-21 12:33:47,2026-09-21 19:33:47,2026-09-22,1,"Ruta 1-A: Montaña Machupicchu",50,28,22,1000,0
2026-09-21T17:33:47.422Z,2026-09-21 12:33:47,2026-09-21 19:33:47,2026-09-22,1,"Ruta 2-A: Clásico Diseñada",600,600,0,1000,0
2026-09-21T17:48:24.877Z,2026-09-21 12:48:24,2026-09-21 19:48:24,2026-09-22,1,"Ruta 1-A: Montaña Machupicchu",50,32,18,1000,0
2026-09-21T17:48:24.877Z,2026-09-21 12:48:24,2026-09-21 19:48:24,2026-09-22,1,"Ruta 2-A: Clásico Diseñada",600,600,0,1000,0
2026-09-21T18:08:32.346Z,2026-09-21 13:08:32,2026-09-21 20:08:32,2026-09-22,1,"Ruta 1-A: Montaña Machupicchu",50,38,12,1000,0
2026-09-21T18:08:32.346Z,2026-09-21 13:08:32,2026-09-21 20:08:32,2026-09-22,1,"Ruta 2-A: Clásico Diseñada",600,600,0,1000,0
2026-09-21T18:28:35.063Z,2026-09-21 13:28:35,2026-09-21 20:28:35,2026-09-22,1,"Ruta 1-A: Montaña Machupicchu",50,41,9,1000,0
2026-09-21T18:28:35.063Z,2026-09-21 13:28:35,2026-09-21 20:28:35,2026-09-22,1,"Ruta 2-A: Clásico Diseñada",600,600,0,1000,0
2026-09-21T18:42:51.043Z,2026-09-21 13:42:51,2026-09-21 20:42:51,2026-09-22,1,"Ruta 1-A: Montaña Machupicchu",50,41,9,1000,0
2026-09-21T18:42:51.043Z,2026-09-21 13:42:51,2026-09-21 20:42:51,2026-09-22,1,"Ruta 2-A: Clásico Diseñada",600,600,0,1000,0
2026-09-21T18:47:38.563Z,2026-09-21 13:47:38,2026-09-21 20:47:38,2026-09-22,1,"Ruta 1-A: Montaña Machupicchu",50,42,8,1000,0
2026-09-21T18:47:38.563Z,2026-09-21 13:47:38,2026-09-21 20:47:38,2026-09-22,1,"Ruta 2-A: Clásico Diseñada",600,600,0,1000,0
2026-09-21T18:52:58.508Z,2026-09-21 13:52:58,2026-09-21 20:52:58,2026-09-22,1,"Ruta 1-A: Montaña Machupicchu",50,42,8,1000,0
2026-09-21T18:52:58.508Z,2026-09-21 13:52:58,2026-09-21 20:52:58,2026-09-22,1,"Ruta 2-A: Clásico Diseñada",600,600,0,1000,0
2026-09-21T18:59:14.385Z,2026-09-21 13:59:14,2026-09-21 20:59:14,2026-09-22,1,"Ruta 1-A: Montaña Machupicchu",50,42,8,1000,0
2026-09-21T18:59:14.385Z,2026-09-21 13:59:14,2026-09-21 20:59:14,2026-09-22,1,"Ruta 2-A: Clásico Diseñada",600,600,0,1000,0
2026-09-21T19:06:03.225Z,2026-09-21 14:06:03,2026-09-21 21:06:03,2026-09-22,1,"Ruta 1-A: Montaña Machupicchu",50,44,6,1000,0
2026-09-21T19:06:03.225Z,2026-09-21 14:06:03,2026-09-21 21:06:03,2026-09-22,1,"Ruta 2-A: Clásico Diseñada",600,600,0,1000,0
2026-09-21T19:14:51.292Z,2026-09-21 14:14:51,2026-09-21 21:14:51,2026-09-22,1,"Ruta 1-A: Montaña Machupicchu",50,46,4,1000,0
2026-09-21T19:14:51.292Z,2026-09-21 14:14:51,2026-09-21 21:14:51,2026-09-22,1,"Ruta 2-A: Clásico Diseñada",600,600,0,1000,0
2026-09-21T19:23:24.132Z,2026-09-21 14:23:24,2026-09-21 21:23:24,2026-09-22,1,"Ruta 1-A: Montaña Machupicchu",50,46,4,1000,0
2026-09-21T19:23:24.132Z,2026-09-21 14:23:24,2026-09-21 21:23:24,2026-09-22,1,"Ruta 2-A: Clásico Diseñada",600,600,0,1000,0
2026-09-21T19:26:32.220Z,2026-09-21 14:26:32,2026-09-21 21:26:32,2026-09-22,1,"Ruta 1-A: Montaña Machupicchu",50,46,4,1000,0
2026-09-21T19:26:32.220Z,2026-09-21 14:26:32,2026-09-21 21:26:32,2026-09-22,1,"Ruta 2-A: Clásico Diseñada",600,600,0,1000,0
2026-09-21T19:34:04.128Z,2026-09-21 14:34:04,2026-09-21 21:34:04,2026-09-22,1,"Ruta 1-A: Montaña Machupicchu",50,47,3,1000,0
2026-09-21T19:34:04.128Z,2026-09-21 14:34:04,2026-09-21 21:34:04,2026-09-22,1,"Ruta 2-A: Clásico Diseñada",600,600,0,1000,0
2026-09-21T19:42:33.362Z,2026-09-21 14:42:33,2026-09-21 21:42:33,2026-09-22,1,"Ruta 1-A: Montaña Machupicchu",50,49,1,1000,0
2026-09-21T19:42:33.362Z,2026-09-21 14:42:33,2026-09-21 21:42:33,2026-09-22,1,"Ruta 2-A: Clásico Diseñada",600,600,0,1000,0
2026-09-21T19:48:37.095Z,2026-09-21 14:48:37,2026-09-21 21:48:37,2026-09-22,1,"Ruta 1-A: Montaña Machupicchu",50,49,1,1000,0
2026-09-21T19:48:37.095Z,2026-09-21 14:48:37,2026-09-21 21:48:37,2026-09-22,1,"Ruta 2-A: Clásico Diseñada",600,600,0,1000,0
2026-09-21T19:55:20.808Z,2026-09-21 14:55:20,2026-09-21 21:55:20,2026-09-22,1,"Ruta 1-A: Montaña Machupicchu",50,50,0,1000,0
2026-09-21T19:55:20.808Z,2026-09-21 14:55:20,2026-09-21 21:55:20,2026-09-22,1,"Ruta 2-A: Clásico Diseñada",600,600,0,1000,0
2026-09-21T19:55:20.808Z,2026-09-21 14:55:20,2026-09-21 21:55:20,2026-09-23,2,"Ruta 1-A: Montaña Machupicchu",50,0,50,0,1000
2026-09-21T19:55:20.808Z,2026-09-21 14:55:20,2026-09-21 21:55:20,2026-09-23,2,"Ruta 2-A: Clásico Diseñada",600,0,600,0,1000
2026-09-21T20:01:32.165Z,2026-09-21 15:01:32,2026-09-21 22:01:32,2026-09-22,1,"Ruta 1-A: Montaña Machupicchu",50,50,0,1000,0
2026-09-21T20:01:32.165Z,2026-09-21 15:01:32,2026-09-21 22:01:32,2026-09-22,1,"Ruta 2-A: Clásico Diseñada",600,600,0,1000,0
2026-09-21T20:01:32.165Z,2026-09-21 15:01:32,2026-09-21 22:01:32,2026-09-23,2,"Ruta 1-A: Montaña Machupicchu",50,0,50,7,993
2026-09-21T20:01:32.165Z,2026-09-21 15:01:32,2026-09-21 22:01:32,2026-09-23,2,"Ruta 2-A: Clásico Diseñada",600,0,600,7,993
2026-09-21T20:06:39.245Z,2026-09-21 15:06:39,2026-09-21 22:06:39,2026-09-22,1,"Ruta 1-A: Montaña Machupicchu",50,50,0,1000,0
2026-09-21T20:06:39.245Z,2026-09-21 15:06:39,2026-09-21 22:06:39,2026-09-22,1,"Ruta 2-A: Clásico Diseñada",600,600,0,1000,0
2026-09-21T20:06:39.245Z,2026-09-21 15:06:39,2026-09-21 22:06:39,2026-09-23,2,"Ruta 1-A: Montaña Machupicchu",50,0,50,32,968
2026-09-21T20:06:39.245Z,2026-09-21 15:06:39,2026-09-21 22:06:39,2026-09-23,2,"Ruta 2-A: Clásico Diseñada",600,8,592,32,968
2026-09-21T20:21:16.508Z,2026-09-21 15:21:16,2026-09-21 22:21:16,2026-09-22,1,"Ruta 1-A: Montaña Machupicchu",50,50,0,1000,0
2026-09-21T20:21:16.508Z,2026-09-21 15:21:16,2026-09-21 22:21:16,2026-09-22,1,"Ruta 2-A: Clásico Diseñada",600,600,0,1000,0
2026-09-21T20:21:16.508Z,2026-09-21 15:21:16,2026-09-21 22:21:16,2026-09-23,2,"Ruta 1-A: Montaña Machupicchu",50,0,50,90,910
2026-09-21T20:21:16.508Z,2026-09-21 15:21:16,2026-09-21 22:21:16,2026-09-23,2,"Ruta 2-A: Clásico Diseñada",600,31,569,90,910
2026-09-21T20:25:54.182Z,2026-09-21 15:25:54,2026-09-21 22:25:54,2026-09-22,1,"Ruta 1-A: Montaña Machupicchu",50,50,0,1000,0
2026-09-21T20:25:54.182Z,2026-09-21 15:25:54,2026-09-21 22:25:54,2026-09-22,1,"Ruta 2-A: Clásico Diseñada",600,600,0,1000,0
2026-09-21T20:25:54.182Z,2026-09-21 15:25:54,2026-09-21 22:25:54,2026-09-23,2,"Ruta 1-A: Montaña Machupicchu",50,0,50,92,908
2026-09-21T20:25:54.182Z,2026-09-21 15:25:54,2026-09-21 22:25:54,2026-09-23,2,"Ruta 2-A: Clásico Diseñada",600,46,554,92,908
2026-09-21T20:31:06.763Z,2026-09-21 15:31:06,2026-09-21 22:31:06,2026-09-22,1,"Ruta 1-A: Montaña Machupicchu",50,50,0,1000,0
2026-09-21T20:31:06.763Z,2026-09-21 15:31:06,2026-09-21 22:31:06,2026-09-22,1,"Ruta 2-A: Clásico Diseñada",600,600,0,1000,0
2026-09-21T20:31:06.763Z,2026-09-21 15:31:06,2026-09-21 22:31:06,2026-09-23,2,"Ruta 1-A: Montaña Machupicchu",50,0,50,104,896
2026-09-21T20:31:06.763Z,2026-09-21 15:31:06,2026-09-21 22:31:06,2026-09-23,2,"Ruta 2-A: Clásico Diseñada",600,55,545,104,896
2026-09-21T20:40:48.483Z,2026-09-21 15:40:48,2026-09-21 22:40:48,2026-09-22,1,"Ruta 1-A: Montaña Machupicchu",50,50,0,1000,0
2026-09-21T20:40:48.483Z,2026-09-21 15:40:48,2026-09-21 22:40:48,2026-09-22,1,"Ruta 2-A: Clásico Diseñada",600,600,0,1000,0
2026-09-21T20:40:48.483Z,2026-09-21 15:40:48,2026-09-21 22:40:48,2026-09-23,2,"Ruta 1-A: Montaña Machupicchu",50,0,50,145,855
2026-09-21T20:40:48.483Z,2026-09-21 15:40:48,2026-09-21 22:40:48,2026-09-23,2,"Ruta 2-A: Clásico Diseñada",600,79,521,145,855
2026-09-21T20:47:24.788Z,2026-09-21 15:47:24,2026-09-21 22:47:24,2026-09-22,1,"Ruta 1-A: Montaña Machupicchu",50,50,0,1000,0
2026-09-21T20:47:24.788Z,2026-09-21 15:47:24,2026-09-21 22:47:24,2026-09-22,1,"Ruta 2-A: Clásico Diseñada",600,600,0,1000,0
2026-09-21T20:47:24.788Z,2026-09-21 15:47:24,2026-09-21 22:47:24,2026-09-23,2,"Ruta 1-A: Montaña Machupicchu",50,0,50,166,834
2026-09-21T20:47:24.788Z,2026-09-21 15:47:24,2026-09-21 22:47:24,2026-09-23,2,"Ruta 2-A: Clásico Diseñada",600,86,514,166,834
2026-09-21T20:53:36.145Z,2026-09-21 15:53:36,2026-09-21 22:53:36,2026-09-22,1,"Ruta 1-A: Montaña Machupicchu",50,50,0,1000,0
2026-09-21T20:53:36.145Z,2026-09-21 15:53:36,2026-09-21 22:53:36,2026-09-22,1,"Ruta 2-A: Clásico Diseñada",600,600,0,1000,0
2026-09-21T20:53:36.145Z,2026-09-21 15:53:36,2026-09-21 22:53:36,2026-09-23,2,"Ruta 1-A: Montaña Machupicchu",50,0,50,186,814
2026-09-21T20:53:36.145Z,2026-09-21 15:53:36,2026-09-21 22:53:36,2026-09-23,2,"Ruta 2-A: Clásico Diseñada",600,105,495,186,814
2026-09-21T21:00:03.447Z,2026-09-21 16:00:03,2026-09-21 23:00:03,2026-09-22,1,"Ruta 1-A: Montaña Machupicchu",50,50,0,1000,0
2026-09-21T21:00:03.447Z,2026-09-21 16:00:03,2026-09-21 23:00:03,2026-09-22,1,"Ruta 2-A: Clásico Diseñada",600,600,0,1000,0
2026-09-21T21:00:03.447Z,2026-09-21 16:00:03,2026-09-21 23:00:03,2026-09-23,2,"Ruta 1-A: Montaña Machupicchu",50,0,50,213,787
2026-09-21T21:00:03.447Z,2026-09-21 16:00:03,2026-09-21 23:00:03,2026-09-23,2,"Ruta 2-A: Clásico Diseñada",600,124,476,213,787
2026-09-21T21:05:48.403Z,2026-09-21 16:05:48,2026-09-21 23:05:48,2026-09-22,1,"Ruta 1-A: Montaña Machupicchu",50,50,0,1000,0
2026-09-21T21:05:48.403Z,2026-09-21 16:05:48,2026-09-21 23:05:48,2026-09-22,1,"Ruta 2-A: Clásico Diseñada",600,600,0,1000,0
2026-09-21T21:05:48.403Z,2026-09-21 16:05:48,2026-09-21 23:05:48,2026-09-23,2,"Ruta 1-A: Montaña Machupicchu",50,0,50,232,768
2026-09-21T21:05:48.403Z,2026-09-21 16:05:48,2026-09-21 23:05:48,2026-09-23,2,"Ruta 2-A: Clásico Diseñada",600,135,465,232,768
2026-09-21T21:24:05.591Z,2026-09-21 16:24:05,2026-09-21 23:24:05,2026-09-22,1,"Ruta 1-A: Montaña Machupicchu",50,50,0,1000,0
2026-09-21T21:24:05.591Z,2026-09-21 16:24:05,2026-09-21 23:24:05,2026-09-22,1,"Ruta 2-A: Clásico Diseñada",600,600,0,1000,0
2026-09-21T21:24:05.591Z,2026-09-21 16:24:05,2026-09-21 23:24:05,2026-09-23,2,"Ruta 1-A: Montaña Machupicchu",50,0,50,255,745
2026-09-21T21:24:05.591Z,2026-09-21 16:24:05,2026-09-21 23:24:05,2026-09-23,2,"Ruta 2-A: Clásico Diseñada",600,164,436,255,745
2026-09-21T21:34:17.118Z,2026-09-21 16:34:17,2026-09-21 23:34:17,2026-09-22,1,"Ruta 1-A: Montaña Machupicchu",50,50,0,1000,0
2026-09-21T21:34:17.118Z,2026-09-21 16:34:17,2026-09-21 23:34:17,2026-09-22,1,"Ruta 2-A: Clásico Diseñada",600,600,0,1000,0
2026-09-21T21:34:17.118Z,2026-09-21 16:34:17,2026-09-21 23:34:17,2026-09-23,2,"Ruta 1-A: Montaña Machupicchu",50,0,50,257,743
2026-09-21T21:34:17.118Z,2026-09-21 16:34:17,2026-09-21 23:34:17,2026-09-23,2,"Ruta 2-A: Clásico Diseñada",600,179,421,257,743
2026-09-21T21:48:28.181Z,2026-09-21 16:48:28,2026-09-21 23:48:28,2026-09-22,1,"Ruta 1-A: Montaña Machupicchu",50,50,0,1000,0
2026-09-21T21:48:28.181Z,2026-09-21 16:48:28,2026-09-21 23:48:28,2026-09-22,1,"Ruta 2-A: Clásico Diseñada",600,600,0,1000,0
2026-09-21T21:48:28.181Z,2026-09-21 16:48:28,2026-09-21 23:48:28,2026-09-23,2,"Ruta 1-A: Montaña Machupicchu",50,0,50,264,736
2026-09-21T21:48:28.181Z,2026-09-21 16:48:28,2026-09-21 23:48:28,2026-09-23,2,"Ruta 2-A: Clásico Diseñada",600,197,403,264,736
2026-09-21T22:06:43.724Z,2026-09-21 17:06:43,2026-09-22 00:06:43,2026-09-22,1,"Ruta 1-A: Montaña Machupicchu",50,50,0,1000,0
2026-09-21T22:06:43.724Z,2026-09-21 17:06:43,2026-09-22 00:06:43,2026-09-22,1,"Ruta 2-A: Clásico Diseñada",600,600,0,1000,0
2026-09-21T22:06:43.724Z,2026-09-21 17:06:43,2026-09-22 00:06:43,2026-09-23,2,"Ruta 1-A: Montaña Machupicchu",50,0,50,270,730
2026-09-21T22:06:43.724Z,2026-09-21 17:06:43,2026-09-22 00:06:43,2026-09-23,2,"Ruta 2-A: Clásico Diseñada",600,207,393,270,730
2026-09-21T22:25:04.917Z,2026-09-21 17:25:04,2026-09-22 00:25:04,2026-09-22,1,"Ruta 1-A: Montaña Machupicchu",50,50,0,1000,0
2026-09-21T22:25:04.917Z,2026-09-21 17:25:04,2026-09-22 00:25:04,2026-09-22,1,"Ruta 2-A: Clásico Diseñada",600,600,0,1000,0
2026-09-21T22:25:04.917Z,2026-09-21 17:25:04,2026-09-22 00:25:04,2026-09-23,2,"Ruta 1-A: Montaña Machupicchu",50,0,50,270,730
2026-09-21T22:25:04.917Z,2026-09-21 17:25:04,2026-09-22 00:25:04,2026-09-23,2,"Ruta 2-A: Clásico Diseñada",600,207,393,270,730
2026-09-21T22:35:43.259Z,2026-09-21 17:35:43,2026-09-22 00:35:43,2026-09-22,1,"Ruta 1-A: Montaña Machupicchu",50,50,0,1000,0
2026-09-21T22:35:43.259Z,2026-09-21 17:35:43,2026-09-22 00:35:43,2026-09-22,1,"Ruta 2-A: Clásico Diseñada",600,600,0,1000,0
2026-09-21T22:35:43.259Z,2026-09-21 17:35:43,2026-09-22 00:35:43,2026-09-23,2,"Ruta 1-A: Montaña Machupicchu",50,0,50,282,718
2026-09-21T22:35:43.259Z,2026-09-21 17:35:43,2026-09-22 00:35:43,2026-09-23,2,"Ruta 2-A: Clásico Diseñada",600,215,385,282,718
2026-09-21T22:48:09.359Z,2026-09-21 17:48:09,2026-09-22 00:48:09,2026-09-22,1,"Ruta 1-A: Montaña Machupicchu",50,50,0,1000,0
2026-09-21T22:48:09.359Z,2026-09-21 17:48:09,2026-09-22 00:48:09,2026-09-22,1,"Ruta 2-A: Clásico Diseñada",600,600,0,1000,0
2026-09-21T22:48:09.359Z,2026-09-21 17:48:09,2026-09-22 00:48:09,2026-09-23,2,"Ruta 1-A: Montaña Machupicchu",50,0,50,290,710
2026-09-21T22:48:09.359Z,2026-09-21 17:48:09,2026-09-22 00:48:09,2026-09-23,2,"Ruta 2-A: Clásico Diseñada",600,225,375,290,710
2026-09-21T23:06:08.782Z,2026-09-21 18:06:08,2026-09-22 01:06:08,2026-09-22,1,"Ruta 1-A: Montaña Machupicchu",50,50,0,1000,0
2026-09-21T23:06:08.782Z,2026-09-21 18:06:08,2026-09-22 01:06:08,2026-09-22,1,"Ruta 2-A: Clásico Diseñada",600,600,0,1000,0
2026-09-21T23:06:08.782Z,2026-09-21 18:06:08,2026-09-22 01:06:08,2026-09-23,2,"Ruta 1-A: Montaña Machupicchu",50,0,50,312,688
2026-09-21T23:06:08.782Z,2026-09-21 18:06:08,2026-09-22 01:06:08,2026-09-23,2,"Ruta 2-A: Clásico Diseñada",600,234,366,312,688
2026-09-21T23:34:32.694Z,2026-09-21 18:34:32,2026-09-22 01:34:32,2026-09-22,1,"Ruta 1-A: Montaña Machupicchu",50,50,0,1000,0
2026-09-21T23:34:32.694Z,2026-09-21 18:34:32,2026-09-22 01:34:32,2026-09-22,1,"Ruta 2-A: Clásico Diseñada",600,600,0,1000,0
2026-09-21T23:34:32.694Z,2026-09-21 18:34:32,2026-09-22 01:34:32,2026-09-23,2,"Ruta 1-A: Montaña Machupicchu",50,0,50,338,662
2026-09-21T23:34:32.694Z,2026-09-21 18:34:32,2026-09-22 01:34:32,2026-09-23,2,"Ruta 2-A: Clásico Diseñada",600,261,339,338,662
2026-09-21T23:48:24.112Z,2026-09-21 18:48:24,2026-09-22 01:48:24,2026-09-22,1,"Ruta 1-A: Montaña Machupicchu",50,50,0,1000,0
2026-09-21T23:48:24.112Z,2026-09-21 18:48:24,2026-09-22 01:48:24,2026-09-22,1,"Ruta 2-A: Clásico Diseñada",600,600,0,1000,0
2026-09-21T23:48:24.112Z,2026-09-21 18:48:24,2026-09-22 01:48:24,2026-09-23,2,"Ruta 1-A: Montaña Machupicchu",50,0,50,347,653
2026-09-21T23:48:24.112Z,2026-09-21 18:48:24,2026-09-22 01:48:24,2026-09-23,2,"Ruta 2-A: Clásico Diseñada",600,273,327,347,653
2026-09-22T00:15:21.625Z,2026-09-21 19:15:21,2026-09-22 02:15:21,2026-09-23,2,"Ruta 1-A: Montaña Machupicchu",50,0,50,352,648
2026-09-22T00:15:21.625Z,2026-09-21 19:15:21,2026-09-22 02:15:21,2026-09-23,2,"Ruta 2-A: Clásico Diseñada",600,280,320,352,648
2026-09-22T01:02:36.412Z,2026-09-21 20:02:36,2026-09-22 03:02:36,2026-09-23,2,"Ruta 1-A: Montaña Machupicchu",50,0,50,358,642
2026-09-22T01:02:36.412Z,2026-09-21 20:02:36,2026-09-22 03:02:36,2026-09-23,2,"Ruta 2-A: Clásico Diseñada",600,282,318,358,642
2026-09-22T01:34:29.186Z,2026-09-21 20:34:29,2026-09-22 03:34:29,2026-09-23,2,"Ruta 1-A: Montaña Machupicchu",50,0,50,361,639
2026-09-22T01:34:29.186Z,2026-09-21 20:34:29,2026-09-22 03:34:29,2026-09-23,2,"Ruta 2-A: Clásico Diseñada",600,284,316,361,639
2026-09-22T01:55:31.030Z,2026-09-21 20:55:31,2026-09-22 03:55:31,2026-09-23,2,"Ruta 1-A: Montaña Machupicchu",50,0,50,362,638
2026-09-22T01:55:31.030Z,2026-09-21 20:55:31,2026-09-22 03:55:31,2026-09-23,2,"Ruta 2-A: Clásico Diseñada",600,284,316,362,638
2026-09-22T02:08:40.250Z,2026-09-21 21:08:40,2026-09-22 04:08:40,2026-09-23,2,"Ruta 1-A: Montaña Machupicchu",50,0,50,387,613
2026-09-22T02:08:40.250Z,2026-09-21 21:08:40,2026-09-22 04:08:40,2026-09-23,2,"Ruta 2-A: Clásico Diseñada",600,295,305,387,613
2026-09-22T02:34:39.413Z,2026-09-21 21:34:39,2026-09-22 04:34:39,2026-09-23,2,"Ruta 1-A: Montaña Machupicchu",50,0,50,450,550
2026-09-22T02:34:39.413Z,2026-09-21 21:34:39,2026-09-22 04:34:39,2026-09-23,2,"Ruta 2-A: Clásico Diseñada",600,352,248,450,550
2026-09-22T02:52:54.397Z,2026-09-21 21:52:54,2026-09-22 04:52:54,2026-09-23,2,"Ruta 1-A: Montaña Machupicchu",50,0,50,454,546
2026-09-22T02:52:54.397Z,2026-09-21 21:52:54,2026-09-22 04:52:54,2026-09-23,2,"Ruta 2-A: Clásico Diseñada",600,354,246,454,546
2026-09-22T03:08:03.433Z,2026-09-21 22:08:03,2026-09-22 05:08:03,2026-09-23,2,"Ruta 1-A: Montaña Machupicchu",50,0,50,454,546
2026-09-22T03:08:03.433Z,2026-09-21 22:08:03,2026-09-22 05:08:03,2026-09-23,2,"Ruta 2-A: Clásico Diseñada",600,356,244,454,546
2026-09-22T03:30:32.797Z,2026-09-21 22:30:32,2026-09-22 05:30:32,2026-09-23,2,"Ruta 1-A: Montaña Machupicchu",50,0,50,454,546
2026-09-22T03:30:32.797Z,2026-09-21 22:30:32,2026-09-22 05:30:32,2026-09-23,2,"Ruta 2-A: Clásico Diseñada",600,356,244,454,546
2026-09-22T03:46:35.715Z,2026-09-21 22:46:35,2026-09-22 05:46:35,2026-09-23,2,"Ruta 1-A: Montaña Machupicchu",50,0,50,454,546
2026-09-22T03:46:35.715Z,2026-09-21 22:46:35,2026-09-22 05:46:35,2026-09-23,2,"Ruta 2-A: Clásico Diseñada",600,356,244,454,546
2026-09-22T04:07:24.710Z,2026-09-21 23:07:24,2026-09-22 06:07:24,2026-09-23,2,"Ruta 1-A: Montaña Machupicchu",50,0,50,454,546
2026-09-22T04:07:24.710Z,2026-09-21 23:07:24,2026-09-22 06:07:24,2026-09-23,2,"Ruta 2-A: Clásico Diseñada",600,356,244,454,546
2026-09-22T04:52:47.783Z,2026-09-21 23:52:47,2026-09-22 06:52:47,2026-09-23,2,"Ruta 1-A: Montaña Machupicchu",50,0,50,454,546
2026-09-22T04:52:47.783Z,2026-09-21 23:52:47,2026-09-22 06:52:47,2026-09-23,2,"Ruta 2-A: Clásico Diseñada",600,356,244,454,546
2026-09-22T05:26:45.446Z,2026-09-22 00:26:45,2026-09-22 07:26:45,2026-09-23,1,"Ruta 1-A: Montaña Machupicchu",50,0,50,454,546
2026-09-22T05:26:45.446Z,2026-09-22 00:26:45,2026-09-22 07:26:45,2026-09-23,1,"Ruta 2-A: Clásico Diseñada",600,356,244,454,546
2026-09-22T05:38:03.847Z,2026-09-22 00:38:03,2026-09-22 07:38:03,2026-09-23,1,"Ruta 1-A: Montaña Machupicchu",50,0,50,454,546
2026-09-22T05:38:03.847Z,2026-09-22 00:38:03,2026-09-22 07:38:03,2026-09-23,1,"Ruta 2-A: Clásico Diseñada",600,356,244,454,546
2026-09-22T05:49:19.396Z,2026-09-22 00:49:19,2026-09-22 07:49:19,2026-09-23,1,"Ruta 1-A: Montaña Machupicchu",50,0,50,454,546
2026-09-22T05:49:19.396Z,2026-09-22 00:49:19,2026-09-22 07:49:19,2026-09-23,1,"Ruta 2-A: Clásico Diseñada",600,356,244,454,546
2026-09-22T06:10:48.376Z,2026-09-22 01:10:48,2026-09-22 08:10:48,2026-09-23,1,"Ruta 1-A: Montaña Machupicchu",50,0,50,454,546
2026-09-22T06:10:48.376Z,2026-09-22 01:10:48,2026-09-22 08:10:48,2026-09-23,1,"Ruta 2-A: Clásico Diseñada",600,356,244,454,546
2026-09-22T06:40:42.395Z,2026-09-22 01:40:42,2026-09-22 08:40:42,2026-09-23,1,"Ruta 1-A: Montaña Machupicchu",50,0,50,454,546
2026-09-22T06:40:42.395Z,2026-09-22 01:40:42,2026-09-22 08:40:42,2026-09-23,1,"Ruta 2-A: Clásico Diseñada",600,356,244,454,546
2026-09-22T07:01:16.583Z,2026-09-22 02:01:16,2026-09-22 09:01:16,2026-09-23,1,"Ruta 1-A: Montaña Machupicchu",50,0,50,454,546
2026-09-22T07:01:16.583Z,2026-09-22 02:01:16,2026-09-22 09:01:16,2026-09-23,1,"Ruta 2-A: Clásico Diseñada",600,356,244,454,546
2026-09-22T07:25:14.492Z,2026-09-22 02:25:14,2026-09-22 09:25:14,2026-09-23,1,"Ruta 1-A: Montaña Machupicchu",50,0,50,454,546
2026-09-22T07:25:14.492Z,2026-09-22 02:25:14,2026-09-22 09:25:14,2026-09-23,1,"Ruta 2-A: Clásico Diseñada",600,356,244,454,546
2026-09-22T07:38:59.591Z,2026-09-22 02:38:59,2026-09-22 09:38:59,2026-09-23,1,"Ruta 1-A: Montaña Machupicchu",50,0,50,454,546
2026-09-22T07:38:59.591Z,2026-09-22 02:38:59,2026-09-22 09:38:59,2026-09-23,1,"Ruta 2-A: Clásico Diseñada",600,356,244,454,546
2026-09-22T07:50:02.700Z,2026-09-22 02:50:02,2026-09-22 09:50:02,2026-09-23,1,"Ruta 1-A: Montaña Machupicchu",50,0,50,454,546
2026-09-22T07:50:02.700Z,2026-09-22 02:50:02,2026-09-22 09:50:02,2026-09-23,1,"Ruta 2-A: Clásico Diseñada",600,356,244,454,546
2026-09-22T08:08:45.071Z,2026-09-22 03:08:45,2026-09-22 10:08:45,2026-09-23,1,"Ruta 1-A: Montaña Machupicchu",50,0,50,454,546
2026-09-22T08:08:45.071Z,2026-09-22 03:08:45,2026-09-22 10:08:45,2026-09-23,1,"Ruta 2-A: Clásico Diseñada",600,356,244,454,546
2026-09-22T08:34:04.083Z,2026-09-22 03:34:04,2026-09-22 10:34:04,2026-09-23,1,"Ruta 1-A: Montaña Machupicchu",50,0,50,454,546
2026-09-22T08:34:04.083Z,2026-09-22 03:34:04,2026-09-22 10:34:04,2026-09-23,1,"Ruta 2-A: Clásico Diseñada",600,356,244,454,546
2026-09-22T08:52:47.001Z,2026-09-22 03:52:47,2026-09-22 10:52:47,2026-09-23,1,"Ruta 1-A: Montaña Machupicchu",50,0,50,454,546
2026-09-22T08:52:47.001Z,2026-09-22 03:52:47,2026-09-22 10:52:47,2026-09-23,1,"Ruta 2-A: Clásico Diseñada",600,356,244,454,546
2026-09-22T09:07:32.346Z,2026-09-22 04:07:32,2026-09-22 11:07:32,2026-09-23,1,"Ruta 1-A: Montaña Machupicchu",50,0,50,454,546
2026-09-22T09:07:32.346Z,2026-09-22 04:07:32,2026-09-22 11:07:32,2026-09-23,1,"Ruta 2-A: Clásico Diseñada",600,356,244,454,546
2026-09-22T09:28:08.796Z,2026-09-22 04:28:08,2026-09-22 11:28:08,2026-09-23,1,"Ruta 1-A: Montaña Machupicchu",50,0,50,454,546
2026-09-22T09:28:08.796Z,2026-09-22 04:28:08,2026-09-22 11:28:08,2026-09-23,1,"Ruta 2-A: Clásico Diseñada",600,356,244,454,546
2026-09-22T09:38:32.160Z,2026-09-22 04:38:32,2026-09-22 11:38:32,2026-09-23,1,"Ruta 1-A: Montaña Machupicchu",50,0,50,454,546
2026-09-22T09:38:32.160Z,2026-09-22 04:38:32,2026-09-22 11:38:32,2026-09-23,1,"Ruta 2-A: Clásico Diseñada",600,356,244,454,546
2026-09-22T09:48:47.246Z,2026-09-22 04:48:47,2026-09-22 11:48:47,2026-09-23,1,"Ruta 1-A: Montaña Machupicchu",50,0,50,454,546
2026-09-22T09:48:47.246Z,2026-09-22 04:48:47,2026-09-22 11:48:47,2026-09-23,1,"Ruta 2-A: Clásico Diseñada",600,356,244,454,546
2026-09-22T10:07:47.869Z,2026-09-22 05:07:47,2026-09-22 12:07:47,2026-09-23,1,"Ruta 1-A: Montaña Machupicchu",50,0,50,454,546
2026-09-22T10:07:47.869Z,2026-09-22 05:07:47,2026-09-22 12:07:47,2026-09-23,1,"Ruta 2-A: Clásico Diseñada",600,356,244,454,546
2026-09-22T10:27:48.435Z,2026-09-22 05:27:48,2026-09-22 12:27:48,2026-09-23,1,"Ruta 1-A: Montaña Machupicchu",50,0,50,454,546
2026-09-22T10:27:48.435Z,2026-09-22 05:27:48,2026-09-22 12:27:48,2026-09-23,1,"Ruta 2-A: Clásico Diseñada",600,356,244,454,546
2026-09-22T10:39:04.417Z,2026-09-22 05:39:04,2026-09-22 12:39:04,2026-09-23,1,"Ruta 1-A: Montaña Machupicchu",50,0,50,454,546
2026-09-22T10:39:04.417Z,2026-09-22 05:39:04,2026-09-22 12:39:04,2026-09-23,1,"Ruta 2-A: Clásico Diseñada",600,356,244,454,546
2026-09-22T10:48:45.706Z,2026-09-22 05:48:45,2026-09-22 12:48:45,2026-09-23,1,"Ruta 1-A: Montaña Machupicchu",50,0,50,454,546
2026-09-22T10:48:45.706Z,2026-09-22 05:48:45,2026-09-22 12:48:45,2026-09-23,1,"Ruta 2-A: Clásico Diseñada",600,356,244,454,546
2026-09-22T11:06:44.063Z,2026-09-22 06:06:44,2026-09-22 13:06:44,2026-09-23,1,"Ruta 1-A: Montaña Machupicchu",50,0,50,457,543
2026-09-22T11:06:44.063Z,2026-09-22 06:06:44,2026-09-22 13:06:44,2026-09-23,1,"Ruta 2-A: Clásico Diseñada",600,356,244,457,543
2026-09-22T11:24:26.758Z,2026-09-22 06:24:26,2026-09-22 13:24:26,2026-09-23,1,"Ruta 1-A: Montaña Machupicchu",50,0,50,526,474
2026-09-22T11:24:26.758Z,2026-09-22 06:24:26,2026-09-22 13:24:26,2026-09-23,1,"Ruta 2-A: Clásico Diseñada",600,367,233,526,474
2026-09-22T11:35:15.447Z,2026-09-22 06:35:15,2026-09-22 13:35:15,2026-09-23,1,"Ruta 1-A: Montaña Machupicchu",50,0,50,571,429
2026-09-22T11:35:15.447Z,2026-09-22 06:35:15,2026-09-22 13:35:15,2026-09-23,1,"Ruta 2-A: Clásico Diseñada",600,378,222,571,429
2026-09-22T11:48:07.906Z,2026-09-22 06:48:07,2026-09-22 13:48:07,2026-09-23,1,"Ruta 1-A: Montaña Machupicchu",50,0,50,573,427
2026-09-22T11:48:07.906Z,2026-09-22 06:48:07,2026-09-22 13:48:07,2026-09-23,1,"Ruta 2-A: Clásico Diseñada",600,405,195,573,427
2026-09-22T12:09:08.361Z,2026-09-22 07:09:08,2026-09-22 14:09:08,2026-09-23,1,"Ruta 1-A: Montaña Machupicchu",50,0,50,609,391
2026-09-22T12:09:08.361Z,2026-09-22 07:09:08,2026-09-22 14:09:08,2026-09-23,1,"Ruta 2-A: Clásico Diseñada",600,430,170,609,391
2026-09-22T12:36:25.082Z,2026-09-22 07:36:25,2026-09-22 14:36:25,2026-09-23,1,"Ruta 1-A: Montaña Machupicchu",50,0,50,675,325
2026-09-22T12:36:25.082Z,2026-09-22 07:36:25,2026-09-22 14:36:25,2026-09-23,1,"Ruta 2-A: Clásico Diseñada",600,478,122,675,325
2026-09-22T12:55:08.741Z,2026-09-22 07:55:08,2026-09-22 14:55:08,2026-09-23,1,"Ruta 1-A: Montaña Machupicchu",50,0,50,739,261
2026-09-22T12:55:08.741Z,2026-09-22 07:55:08,2026-09-22 14:55:08,2026-09-23,1,"Ruta 2-A: Clásico Diseñada",600,540,60,739,261
2026-09-22T13:06:57.970Z,2026-09-22 08:06:57,2026-09-22 15:06:57,2026-09-23,1,"Ruta 1-A: Montaña Machupicchu",50,0,50,773,227
2026-09-22T13:06:57.970Z,2026-09-22 08:06:57,2026-09-22 15:06:57,2026-09-23,1,"Ruta 2-A: Clásico Diseñada",600,562,38,773,227
2026-09-22T13:27:22.921Z,2026-09-22 08:27:22,2026-09-22 15:27:22,2026-09-23,1,"Ruta 1-A: Montaña Machupicchu",50,3,47,860,140
2026-09-22T13:27:22.921Z,2026-09-22 08:27:22,2026-09-22 15:27:22,2026-09-23,1,"Ruta 2-A: Clásico Diseñada",600,596,4,860,140
2026-09-22T13:38:26.702Z,2026-09-22 08:38:26,2026-09-22 15:38:26,2026-09-23,1,"Ruta 1-A: Montaña Machupicchu",50,3,47,897,103
2026-09-22T13:38:26.702Z,2026-09-22 08:38:26,2026-09-22 15:38:26,2026-09-23,1,"Ruta 2-A: Clásico Diseñada",600,600,0,897,103
2026-09-22T13:49:07.357Z,2026-09-22 08:49:07,2026-09-22 15:49:07,2026-09-23,1,"Ruta 1-A: Montaña Machupicchu",50,5,45,935,65
2026-09-22T13:49:07.357Z,2026-09-22 08:49:07,2026-09-22 15:49:07,2026-09-23,1,"Ruta 2-A: Clásico Diseñada",600,600,0,935,65
2026-09-22T14:08:00.239Z,2026-09-22 09:08:00,2026-09-22 16:08:00,2026-09-23,1,"Ruta 1-A: Montaña Machupicchu",50,9,41,968,32
2026-09-22T14:08:00.239Z,2026-09-22 09:08:00,2026-09-22 16:08:00,2026-09-23,1,"Ruta 2-A: Clásico Diseñada",600,600,0,968,32
2026-09-22T14:27:34.081Z,2026-09-22 09:27:34,2026-09-22 16:27:34,2026-09-23,1,"Ruta 1-A: Montaña Machupicchu",50,11,39,983,17
2026-09-22T14:27:34.081Z,2026-09-22 09:27:34,2026-09-22 16:27:34,2026-09-23,1,"Ruta 2-A: Clásico Diseñada",600,600,0,983,17
2026-09-22T14:40:46.456Z,2026-09-22 09:40:46,2026-09-22 16:40:46,2026-09-23,1,"Ruta 1-A: Montaña Machupicchu",50,11,39,992,8
2026-09-22T14:40:46.456Z,2026-09-22 09:40:46,2026-09-22 16:40:46,2026-09-23,1,"Ruta 2-A: Clásico Diseñada",600,600,0,992,8
2026-09-22T14:50:56.107Z,2026-09-22 09:50:56,2026-09-22 16:50:56,2026-09-23,1,"Ruta 1-A: Montaña Machupicchu",50,13,37,996,4
2026-09-22T14:50:56.107Z,2026-09-22 09:50:56,2026-09-22 16:50:56,2026-09-23,1,"Ruta 2-A: Clásico Diseñada",600,600,0,996,4
2026-09-22T15:06:54.334Z,2026-09-22 10:06:54,2026-09-22 17:06:54,2026-09-23,1,"Ruta 1-A: Montaña Machupicchu",50,14,36,999,1
2026-09-22T15:06:54.334Z,2026-09-22 10:06:54,2026-09-22 17:06:54,2026-09-23,1,"Ruta 2-A: Clásico Diseñada",600,600,0,999,1
2026-09-22T15:25:44.721Z,2026-09-22 10:25:44,2026-09-22 17:25:44,2026-09-23,1,"Ruta 1-A: Montaña Machupicchu",50,16,34,1000,0
2026-09-22T15:25:44.721Z,2026-09-22 10:25:44,2026-09-22 17:25:44,2026-09-23,1,"Ruta 2-A: Clásico Diseñada",600,600,0,1000,0
2026-09-22T15:35:57.535Z,2026-09-22 10:35:57,2026-09-22 17:35:57,2026-09-23,1,"Ruta 1-A: Montaña Machupicchu",50,19,31,1000,0
2026-09-22T15:35:57.535Z,2026-09-22 10:35:57,2026-09-22 17:35:57,2026-09-23,1,"Ruta 2-A: Clásico Diseñada",600,600,0,1000,0
2026-09-22T15:48:19.250Z,2026-09-22 10:48:19,2026-09-22 17:48:19,2026-09-23,1,"Ruta 1-A: Montaña Machupicchu",50,24,26,1000,0
2026-09-22T15:48:19.250Z,2026-09-22 10:48:19,2026-09-22 17:48:19,2026-09-23,1,"Ruta 2-A: Clásico Diseñada",600,600,0,1000,0
2026-09-22T16:28:24.596Z,2026-09-22 11:28:24,2026-09-22 18:28:24,2026-09-23,1,"Ruta 1-A: Montaña Machupicchu",50,48,2,1000,0
2026-09-22T16:28:24.596Z,2026-09-22 11:28:24,2026-09-22 18:28:24,2026-09-23,1,"Ruta 2-A: Clásico Diseñada",600,600,0,1000,0
2026-09-22T16:40:53.159Z,2026-09-22 11:40:53,2026-09-22 18:40:53,2026-09-23,1,"Ruta 1-A: Montaña Machupicchu",50,50,0,1000,0
2026-09-22T16:40:53.159Z,2026-09-22 11:40:53,2026-09-22 18:40:53,2026-09-23,1,"Ruta 2-A: Clásico Diseñada",600,600,0,1000,0
2026-09-22T16:40:53.159Z,2026-09-22 11:40:53,2026-09-22 18:40:53,2026-09-24,2,"Ruta 1-A: Montaña Machupicchu",50,0,50,1,999
2026-09-22T16:40:53.159Z,2026-09-22 11:40:53,2026-09-22 18:40:53,2026-09-24,2,"Ruta 2-A: Clásico Diseñada",600,0,600,1,999
2026-09-22T16:49:25.245Z,2026-09-22 11:49:25,2026-09-22 18:49:25,2026-09-23,1,"Ruta 1-A: Montaña Machupicchu",50,50,0,1000,0
2026-09-22T16:49:25.245Z,2026-09-22 11:49:25,2026-09-22 18:49:25,2026-09-23,1,"Ruta 2-A: Clásico Diseñada",600,600,0,1000,0
2026-09-22T16:49:25.245Z,2026-09-22 11:49:25,2026-09-22 18:49:25,2026-09-24,2,"Ruta 1-A: Montaña Machupicchu",50,0,50,14,986
2026-09-22T16:49:25.245Z,2026-09-22 11:49:25,2026-09-22 18:49:25,2026-09-24,2,"Ruta 2-A: Clásico Diseñada",600,0,600,14,986
2026-09-22T17:24:11.058Z,2026-09-22 12:24:11,2026-09-22 19:24:11,2026-09-23,1,"Ruta 1-A: Montaña Machupicchu",50,50,0,1000,0
2026-09-22T17:24:11.058Z,2026-09-22 12:24:11,2026-09-22 19:24:11,2026-09-23,1,"Ruta 2-A: Clásico Diseñada",600,600,0,1000,0
2026-09-22T17:24:11.058Z,2026-09-22 12:24:11,2026-09-22 19:24:11,2026-09-24,2,"Ruta 1-A: Montaña Machupicchu",50,0,50,101,899
2026-09-22T17:24:11.058Z,2026-09-22 12:24:11,2026-09-22 19:24:11,2026-09-24,2,"Ruta 2-A: Clásico Diseñada",600,61,539,101,899
2026-09-22T17:34:22.593Z,2026-09-22 12:34:22,2026-09-22 19:34:22,2026-09-23,1,"Ruta 1-A: Montaña Machupicchu",50,50,0,1000,0
2026-09-22T17:34:22.593Z,2026-09-22 12:34:22,2026-09-22 19:34:22,2026-09-23,1,"Ruta 2-A: Clásico Diseñada",600,600,0,1000,0
2026-09-22T17:34:22.593Z,2026-09-22 12:34:22,2026-09-22 19:34:22,2026-09-24,2,"Ruta 1-A: Montaña Machupicchu",50,0,50,140,860
2026-09-22T17:34:22.593Z,2026-09-22 12:34:22,2026-09-22 19:34:22,2026-09-24,2,"Ruta 2-A: Clásico Diseñada",600,81,519,140,860
2026-09-22T17:48:25.077Z,2026-09-22 12:48:25,2026-09-22 19:48:25,2026-09-23,1,"Ruta 1-A: Montaña Machupicchu",50,50,0,1000,0
2026-09-22T17:48:25.077Z,2026-09-22 12:48:25,2026-09-22 19:48:25,2026-09-23,1,"Ruta 2-A: Clásico Diseñada",600,600,0,1000,0
2026-09-22T17:48:25.077Z,2026-09-22 12:48:25,2026-09-22 19:48:25,2026-09-24,2,"Ruta 1-A: Montaña Machupicchu",50,0,50,160,840
2026-09-22T17:48:25.077Z,2026-09-22 12:48:25,2026-09-22 19:48:25,2026-09-24,2,"Ruta 2-A: Clásico Diseñada",600,129,471,160,840
2026-09-22T18:08:22.292Z,2026-09-22 13:08:22,2026-09-22 20:08:22,2026-09-23,1,"Ruta 1-A: Montaña Machupicchu",50,50,0,1000,0
2026-09-22T18:08:22.292Z,2026-09-22 13:08:22,2026-09-22 20:08:22,2026-09-23,1,"Ruta 2-A: Clásico Diseñada",600,600,0,1000,0
2026-09-22T18:08:22.292Z,2026-09-22 13:08:22,2026-09-22 20:08:22,2026-09-24,2,"Ruta 1-A: Montaña Machupicchu",50,0,50,175,825
2026-09-22T18:08:22.292Z,2026-09-22 13:08:22,2026-09-22 20:08:22,2026-09-24,2,"Ruta 2-A: Clásico Diseñada",600,146,454,175,825
2026-09-22T18:30:33.738Z,2026-09-22 13:30:33,2026-09-22 20:30:33,2026-09-23,1,"Ruta 1-A: Montaña Machupicchu",50,50,0,1000,0
2026-09-22T18:30:33.738Z,2026-09-22 13:30:33,2026-09-22 20:30:33,2026-09-23,1,"Ruta 2-A: Clásico Diseñada",600,600,0,1000,0
2026-09-22T18:30:33.738Z,2026-09-22 13:30:33,2026-09-22 20:30:33,2026-09-24,2,"Ruta 1-A: Montaña Machupicchu",50,0,50,184,816
2026-09-22T18:30:33.738Z,2026-09-22 13:30:33,2026-09-22 20:30:33,2026-09-24,2,"Ruta 2-A: Clásico Diseñada",600,153,447,184,816
2026-09-22T18:46:23.473Z,2026-09-22 13:46:23,2026-09-22 20:46:23,2026-09-23,1,"Ruta 1-A: Montaña Machupicchu",50,50,0,1000,0
2026-09-22T18:46:23.473Z,2026-09-22 13:46:23,2026-09-22 20:46:23,2026-09-23,1,"Ruta 2-A: Clásico Diseñada",600,600,0,1000,0
2026-09-22T18:46:23.473Z,2026-09-22 13:46:23,2026-09-22 20:46:23,2026-09-24,2,"Ruta 1-A: Montaña Machupicchu",50,0,50,199,801
2026-09-22T18:46:23.473Z,2026-09-22 13:46:23,2026-09-22 20:46:23,2026-09-24,2,"Ruta 2-A: Clásico Diseñada",600,162,438,199,801
2026-09-22T18:50:21.294Z,2026-09-22 13:50:21,2026-09-22 20:50:21,2026-09-23,1,"Ruta 1-A: Montaña Machupicchu",50,50,0,1000,0
2026-09-22T18:50:21.294Z,2026-09-22 13:50:21,2026-09-22 20:50:21,2026-09-23,1,"Ruta 2-A: Clásico Diseñada",600,600,0,1000,0
2026-09-22T18:50:21.294Z,2026-09-22 13:50:21,2026-09-22 20:50:21,2026-09-24,2,"Ruta 1-A: Montaña Machupicchu",50,0,50,201,799
2026-09-22T18:50:21.294Z,2026-09-22 13:50:21,2026-09-22 20:50:21,2026-09-24,2,"Ruta 2-A: Clásico Diseñada",600,162,438,201,799
2026-09-22T18:53:23.621Z,2026-09-22 13:53:23,2026-09-22 20:53:23,2026-09-23,1,"Ruta 1-A: Montaña Machupicchu",50,50,0,1000,0
2026-09-22T18:53:23.621Z,2026-09-22 13:53:23,2026-09-22 20:53:23,2026-09-23,1,"Ruta 2-A: Clásico Diseñada",600,600,0,1000,0
2026-09-22T18:53:23.621Z,2026-09-22 13:53:23,2026-09-22 20:53:23,2026-09-24,2,"Ruta 1-A: Montaña Machupicchu",50,0,50,203,797
2026-09-22T18:53:23.621Z,2026-09-22 13:53:23,2026-09-22 20:53:23,2026-09-24,2,"Ruta 2-A: Clásico Diseñada",600,162,438,203,797
2026-09-22T18:59:47.520Z,2026-09-22 13:59:47,2026-09-22 20:59:47,2026-09-23,1,"Ruta 1-A: Montaña Machupicchu",50,50,0,1000,0
2026-09-22T18:59:47.520Z,2026-09-22 13:59:47,2026-09-22 20:59:47,2026-09-23,1,"Ruta 2-A: Clásico Diseñada",600,600,0,1000,0
2026-09-22T18:59:47.520Z,2026-09-22 13:59:47,2026-09-22 20:59:47,2026-09-24,2,"Ruta 1-A: Montaña Machupicchu",50,0,50,207,793
2026-09-22T18:59:47.520Z,2026-09-22 13:59:47,2026-09-22 20:59:47,2026-09-24,2,"Ruta 2-A: Clásico Diseñada",600,162,438,207,793
2026-09-22T19:06:00.031Z,2026-09-22 14:06:00,2026-09-22 21:06:00,2026-09-23,1,"Ruta 1-A: Montaña Machupicchu",50,50,0,1000,0
2026-09-22T19:06:00.031Z,2026-09-22 14:06:00,2026-09-22 21:06:00,2026-09-23,1,"Ruta 2-A: Clásico Diseñada",600,600,0,1000,0
2026-09-22T19:06:00.031Z,2026-09-22 14:06:00,2026-09-22 21:06:00,2026-09-24,2,"Ruta 1-A: Montaña Machupicchu",50,0,50,208,792
2026-09-22T19:06:00.031Z,2026-09-22 14:06:00,2026-09-22 21:06:00,2026-09-24,2,"Ruta 2-A: Clásico Diseñada",600,170,430,208,792
2026-09-22T19:17:34.164Z,2026-09-22 14:17:34,2026-09-22 21:17:34,2026-09-23,1,"Ruta 1-A: Montaña Machupicchu",50,50,0,1000,0
2026-09-22T19:17:34.164Z,2026-09-22 14:17:34,2026-09-22 21:17:34,2026-09-23,1,"Ruta 2-A: Clásico Diseñada",600,600,0,1000,0
2026-09-22T19:17:34.164Z,2026-09-22 14:17:34,2026-09-22 21:17:34,2026-09-24,2,"Ruta 1-A: Montaña Machupicchu",50,0,50,214,786
2026-09-22T19:17:34.164Z,2026-09-22 14:17:34,2026-09-22 21:17:34,2026-09-24,2,"Ruta 2-A: Clásico Diseñada",600,173,427,214,786
2026-09-22T19:22:30.738Z,2026-09-22 14:22:30,2026-09-22 21:22:30,2026-09-23,1,"Ruta 1-A: Montaña Machupicchu",50,50,0,1000,0
2026-09-22T19:22:30.738Z,2026-09-22 14:22:30,2026-09-22 21:22:30,2026-09-23,1,"Ruta 2-A: Clásico Diseñada",600,600,0,1000,0
2026-09-22T19:22:30.738Z,2026-09-22 14:22:30,2026-09-22 21:22:30,2026-09-24,2,"Ruta 1-A: Montaña Machupicchu",50,0,50,214,786
2026-09-22T19:22:30.738Z,2026-09-22 14:22:30,2026-09-22 21:22:30,2026-09-24,2,"Ruta 2-A: Clásico Diseñada",600,173,427,214,786
2026-09-22T19:27:03.586Z,2026-09-22 14:27:03,2026-09-22 21:27:03,2026-09-23,1,"Ruta 1-A: Montaña Machupicchu",50,50,0,1000,0
2026-09-22T19:27:03.586Z,2026-09-22 14:27:03,2026-09-22 21:27:03,2026-09-23,1,"Ruta 2-A: Clásico Diseñada",600,600,0,1000,0
2026-09-22T19:27:03.586Z,2026-09-22 14:27:03,2026-09-22 21:27:03,2026-09-24,2,"Ruta 1-A: Montaña Machupicchu",50,0,50,214,786
2026-09-22T19:27:03.586Z,2026-09-22 14:27:03,2026-09-22 21:27:03,2026-09-24,2,"Ruta 2-A: Clásico Diseñada",600,173,427,214,786
2026-09-22T19:33:38.535Z,2026-09-22 14:33:38,2026-09-22 21:33:38,2026-09-23,1,"Ruta 1-A: Montaña Machupicchu",50,50,0,1000,0
2026-09-22T19:33:38.535Z,2026-09-22 14:33:38,2026-09-22 21:33:38,2026-09-23,1,"Ruta 2-A: Clásico Diseñada",600,600,0,1000,0
2026-09-22T19:33:38.535Z,2026-09-22 14:33:38,2026-09-22 21:33:38,2026-09-24,2,"Ruta 1-A: Montaña Machupicchu",50,0,50,214,786
2026-09-22T19:33:38.535Z,2026-09-22 14:33:38,2026-09-22 21:33:38,2026-09-24,2,"Ruta 2-A: Clásico Diseñada",600,173,427,214,786
2026-09-22T19:44:07.081Z,2026-09-22 14:44:07,2026-09-22 21:44:07,2026-09-23,1,"Ruta 1-A: Montaña Machupicchu",50,50,0,1000,0
2026-09-22T19:44:07.081Z,2026-09-22 14:44:07,2026-09-22 21:44:07,2026-09-23,1,"Ruta 2-A: Clásico Diseñada",600,600,0,1000,0
2026-09-22T19:44:07.081Z,2026-09-22 14:44:07,2026-09-22 21:44:07,2026-09-24,2,"Ruta 1-A: Montaña Machupicchu",50,0,50,222,778
2026-09-22T19:44:07.081Z,2026-09-22 14:44:07,2026-09-22 21:44:07,2026-09-24,2,"Ruta 2-A: Clásico Diseñada",600,174,426,222,778
2026-09-22T19:48:34.470Z,2026-09-22 14:48:34,2026-09-22 21:48:34,2026-09-23,1,"Ruta 1-A: Montaña Machupicchu",50,50,0,1000,0
2026-09-22T19:48:34.470Z,2026-09-22 14:48:34,2026-09-22 21:48:34,2026-09-23,1,"Ruta 2-A: Clásico Diseñada",600,600,0,1000,0
2026-09-22T19:48:34.470Z,2026-09-22 14:48:34,2026-09-22 21:48:34,2026-09-24,2,"Ruta 1-A: Montaña Machupicchu",50,0,50,231,769
2026-09-22T19:48:34.470Z,2026-09-22 14:48:34,2026-09-22 21:48:34,2026-09-24,2,"Ruta 2-A: Clásico Diseñada",600,181,419,231,769
2026-09-22T19:55:33.408Z,2026-09-22 14:55:33,2026-09-22 21:55:33,2026-09-23,1,"Ruta 1-A: Montaña Machupicchu",50,50,0,1000,0
2026-09-22T19:55:33.408Z,2026-09-22 14:55:33,2026-09-22 21:55:33,2026-09-23,1,"Ruta 2-A: Clásico Diseñada",600,600,0,1000,0
2026-09-22T19:55:33.408Z,2026-09-22 14:55:33,2026-09-22 21:55:33,2026-09-24,2,"Ruta 1-A: Montaña Machupicchu",50,0,50,255,745
2026-09-22T19:55:33.408Z,2026-09-22 14:55:33,2026-09-22 21:55:33,2026-09-24,2,"Ruta 2-A: Clásico Diseñada",600,193,407,255,745
2026-09-22T20:02:26.124Z,2026-09-22 15:02:26,2026-09-22 22:02:26,2026-09-23,1,"Ruta 1-A: Montaña Machupicchu",50,50,0,1000,0
2026-09-22T20:02:26.124Z,2026-09-22 15:02:26,2026-09-22 22:02:26,2026-09-23,1,"Ruta 2-A: Clásico Diseñada",600,600,0,1000,0
2026-09-22T20:02:26.124Z,2026-09-22 15:02:26,2026-09-22 22:02:26,2026-09-24,2,"Ruta 1-A: Montaña Machupicchu",50,2,48,264,736
2026-09-22T20:02:26.124Z,2026-09-22 15:02:26,2026-09-22 22:02:26,2026-09-24,2,"Ruta 2-A: Clásico Diseñada",600,209,391,264,736
2026-09-22T20:06:26.989Z,2026-09-22 15:06:26,2026-09-22 22:06:26,2026-09-23,1,"Ruta 1-A: Montaña Machupicchu",50,50,0,1000,0
2026-09-22T20:06:26.989Z,2026-09-22 15:06:26,2026-09-22 22:06:26,2026-09-23,1,"Ruta 2-A: Clásico Diseñada",600,600,0,1000,0
2026-09-22T20:06:26.989Z,2026-09-22 15:06:26,2026-09-22 22:06:26,2026-09-24,2,"Ruta 1-A: Montaña Machupicchu",50,2,48,270,730
2026-09-22T20:06:26.989Z,2026-09-22 15:06:26,2026-09-22 22:06:26,2026-09-24,2,"Ruta 2-A: Clásico Diseñada",600,216,384,270,730
2026-09-22T20:20:27.211Z,2026-09-22 15:20:27,2026-09-22 22:20:27,2026-09-23,1,"Ruta 1-A: Montaña Machupicchu",50,50,0,1000,0
2026-09-22T20:20:27.211Z,2026-09-22 15:20:27,2026-09-22 22:20:27,2026-09-23,1,"Ruta 2-A: Clásico Diseñada",600,600,0,1000,0
2026-09-22T20:20:27.211Z,2026-09-22 15:20:27,2026-09-22 22:20:27,2026-09-24,2,"Ruta 1-A: Montaña Machupicchu",50,2,48,291,709
2026-09-22T20:20:27.211Z,2026-09-22 15:20:27,2026-09-22 22:20:27,2026-09-24,2,"Ruta 2-A: Clásico Diseñada",600,219,381,291,709
2026-09-22T20:24:53.609Z,2026-09-22 15:24:53,2026-09-22 22:24:53,2026-09-23,1,"Ruta 1-A: Montaña Machupicchu",50,50,0,1000,0
2026-09-22T20:24:53.609Z,2026-09-22 15:24:53,2026-09-22 22:24:53,2026-09-23,1,"Ruta 2-A: Clásico Diseñada",600,600,0,1000,0
2026-09-22T20:24:53.609Z,2026-09-22 15:24:53,2026-09-22 22:24:53,2026-09-24,2,"Ruta 1-A: Montaña Machupicchu",50,2,48,291,709
2026-09-22T20:24:53.609Z,2026-09-22 15:24:53,2026-09-22 22:24:53,2026-09-24,2,"Ruta 2-A: Clásico Diseñada",600,221,379,291,709
2026-09-22T20:31:33.611Z,2026-09-22 15:31:33,2026-09-22 22:31:33,2026-09-23,1,"Ruta 1-A: Montaña Machupicchu",50,50,0,1000,0
2026-09-22T20:31:33.611Z,2026-09-22 15:31:33,2026-09-22 22:31:33,2026-09-23,1,"Ruta 2-A: Clásico Diseñada",600,600,0,1000,0
2026-09-22T20:31:33.611Z,2026-09-22 15:31:33,2026-09-22 22:31:33,2026-09-24,2,"Ruta 1-A: Montaña Machupicchu",50,2,48,292,708
2026-09-22T20:31:33.611Z,2026-09-22 15:31:33,2026-09-22 22:31:33,2026-09-24,2,"Ruta 2-A: Clásico Diseñada",600,243,357,292,708
2026-09-22T20:36:00.256Z,2026-09-22 15:36:00,2026-09-22 22:36:00,2026-09-23,1,"Ruta 1-A: Montaña Machupicchu",50,50,0,1000,0
2026-09-22T20:36:00.256Z,2026-09-22 15:36:00,2026-09-22 22:36:00,2026-09-23,1,"Ruta 2-A: Clásico Diseñada",600,600,0,1000,0
2026-09-22T20:36:00.256Z,2026-09-22 15:36:00,2026-09-22 22:36:00,2026-09-24,2,"Ruta 1-A: Montaña Machupicchu",50,2,48,298,702
2026-09-22T20:36:00.256Z,2026-09-22 15:36:00,2026-09-22 22:36:00,2026-09-24,2,"Ruta 2-A: Clásico Diseñada",600,243,357,298,702
2026-09-22T20:41:25.986Z,2026-09-22 15:41:25,2026-09-22 22:41:25,2026-09-23,1,"Ruta 1-A: Montaña Machupicchu",50,50,0,1000,0
2026-09-22T20:41:25.986Z,2026-09-22 15:41:25,2026-09-22 22:41:25,2026-09-23,1,"Ruta 2-A: Clásico Diseñada",600,600,0,1000,0
2026-09-22T20:41:25.986Z,2026-09-22 15:41:25,2026-09-22 22:41:25,2026-09-24,2,"Ruta 1-A: Montaña Machupicchu",50,2,48,304,696
2026-09-22T20:41:25.986Z,2026-09-22 15:41:25,2026-09-22 22:41:25,2026-09-24,2,"Ruta 2-A: Clásico Diseñada",600,245,355,304,696
2026-09-22T20:47:52.512Z,2026-09-22 15:47:52,2026-09-22 22:47:52,2026-09-23,1,"Ruta 1-A: Montaña Machupicchu",50,50,0,1000,0
2026-09-22T20:47:52.512Z,2026-09-22 15:47:52,2026-09-22 22:47:52,2026-09-23,1,"Ruta 2-A: Clásico Diseñada",600,600,0,1000,0
2026-09-22T20:47:52.512Z,2026-09-22 15:47:52,2026-09-22 22:47:52,2026-09-24,2,"Ruta 1-A: Montaña Machupicchu",50,2,48,312,688
2026-09-22T20:47:52.512Z,2026-09-22 15:47:52,2026-09-22 22:47:52,2026-09-24,2,"Ruta 2-A: Clásico Diseñada",600,257,343,312,688
2026-09-22T20:54:39.109Z,2026-09-22 15:54:39,2026-09-22 22:54:39,2026-09-23,1,"Ruta 1-A: Montaña Machupicchu",50,50,0,1000,0
2026-09-22T20:54:39.109Z,2026-09-22 15:54:39,2026-09-22 22:54:39,2026-09-23,1,"Ruta 2-A: Clásico Diseñada",600,600,0,1000,0
2026-09-22T20:54:39.109Z,2026-09-22 15:54:39,2026-09-22 22:54:39,2026-09-24,2,"Ruta 1-A: Montaña Machupicchu",50,2,48,321,679
2026-09-22T20:54:39.109Z,2026-09-22 15:54:39,2026-09-22 22:54:39,2026-09-24,2,"Ruta 2-A: Clásico Diseñada",600,259,341,321,679
2026-09-22T21:00:38.762Z,2026-09-22 16:00:38,2026-09-22 23:00:38,2026-09-23,1,"Ruta 1-A: Montaña Machupicchu",50,50,0,1000,0
2026-09-22T21:00:38.762Z,2026-09-22 16:00:38,2026-09-22 23:00:38,2026-09-23,1,"Ruta 2-A: Clásico Diseñada",600,600,0,1000,0
2026-09-22T21:00:38.762Z,2026-09-22 16:00:38,2026-09-22 23:00:38,2026-09-24,2,"Ruta 1-A: Montaña Machupicchu",50,2,48,335,665
2026-09-22T21:00:38.762Z,2026-09-22 16:00:38,2026-09-22 23:00:38,2026-09-24,2,"Ruta 2-A: Clásico Diseñada",600,265,335,335,665
2026-09-22T21:06:00.936Z,2026-09-22 16:06:00,2026-09-22 23:06:00,2026-09-23,1,"Ruta 1-A: Montaña Machupicchu",50,50,0,1000,0
2026-09-22T21:06:00.936Z,2026-09-22 16:06:00,2026-09-22 23:06:00,2026-09-23,1,"Ruta 2-A: Clásico Diseñada",600,600,0,1000,0
2026-09-22T21:06:00.936Z,2026-09-22 16:06:00,2026-09-22 23:06:00,2026-09-24,2,"Ruta 1-A: Montaña Machupicchu",50,2,48,340,660
2026-09-22T21:06:00.936Z,2026-09-22 16:06:00,2026-09-22 23:06:00,2026-09-24,2,"Ruta 2-A: Clásico Diseñada",600,274,326,340,660
2026-09-22T21:22:49.712Z,2026-09-22 16:22:49,2026-09-22 23:22:49,2026-09-23,1,"Ruta 1-A: Montaña Machupicchu",50,50,0,1000,0
2026-09-22T21:22:49.712Z,2026-09-22 16:22:49,2026-09-22 23:22:49,2026-09-23,1,"Ruta 2-A: Clásico Diseñada",600,600,0,1000,0
2026-09-22T21:22:49.712Z,2026-09-22 16:22:49,2026-09-22 23:22:49,2026-09-24,2,"Ruta 1-A: Montaña Machupicchu",50,2,48,353,647
2026-09-22T21:22:49.712Z,2026-09-22 16:22:49,2026-09-22 23:22:49,2026-09-24,2,"Ruta 2-A: Clásico Diseñada",600,287,313,353,647
2026-09-22T21:33:54.783Z,2026-09-22 16:33:54,2026-09-22 23:33:54,2026-09-23,1,"Ruta 1-A: Montaña Machupicchu",50,50,0,1000,0
2026-09-22T21:33:54.783Z,2026-09-22 16:33:54,2026-09-22 23:33:54,2026-09-23,1,"Ruta 2-A: Clásico Diseñada",600,600,0,1000,0
2026-09-22T21:33:54.783Z,2026-09-22 16:33:54,2026-09-22 23:33:54,2026-09-24,2,"Ruta 1-A: Montaña Machupicchu",50,2,48,368,632
2026-09-22T21:33:54.783Z,2026-09-22 16:33:54,2026-09-22 23:33:54,2026-09-24,2,"Ruta 2-A: Clásico Diseñada",600,298,302,368,632
2026-09-22T21:48:33.607Z,2026-09-22 16:48:33,2026-09-22 23:48:33,2026-09-23,1,"Ruta 1-A: Montaña Machupicchu",50,50,0,1000,0
2026-09-22T21:48:33.607Z,2026-09-22 16:48:33,2026-09-22 23:48:33,2026-09-23,1,"Ruta 2-A: Clásico Diseñada",600,600,0,1000,0
2026-09-22T21:48:33.607Z,2026-09-22 16:48:33,2026-09-22 23:48:33,2026-09-24,2,"Ruta 1-A: Montaña Machupicchu",50,2,48,381,619
2026-09-22T21:48:33.607Z,2026-09-22 16:48:33,2026-09-22 23:48:33,2026-09-24,2,"Ruta 2-A: Clásico Diseñada",600,309,291,381,619
2026-09-22T22:05:53.123Z,2026-09-22 17:05:53,2026-09-23 00:05:53,2026-09-23,1,"Ruta 1-A: Montaña Machupicchu",50,50,0,1000,0
2026-09-22T22:05:53.123Z,2026-09-22 17:05:53,2026-09-23 00:05:53,2026-09-23,1,"Ruta 2-A: Clásico Diseñada",600,600,0,1000,0
2026-09-22T22:05:53.123Z,2026-09-22 17:05:53,2026-09-23 00:05:53,2026-09-24,2,"Ruta 1-A: Montaña Machupicchu",50,2,48,388,612
2026-09-22T22:05:53.123Z,2026-09-22 17:05:53,2026-09-23 00:05:53,2026-09-24,2,"Ruta 2-A: Clásico Diseñada",600,314,286,388,612
2026-09-22T22:23:51.143Z,2026-09-22 17:23:51,2026-09-23 00:23:51,2026-09-23,1,"Ruta 1-A: Montaña Machupicchu",50,50,0,1000,0
2026-09-22T22:23:51.143Z,2026-09-22 17:23:51,2026-09-23 00:23:51,2026-09-23,1,"Ruta 2-A: Clásico Diseñada",600,600,0,1000,0
2026-09-22T22:23:51.143Z,2026-09-22 17:23:51,2026-09-23 00:23:51,2026-09-24,2,"Ruta 1-A: Montaña Machupicchu",50,2,48,404,596
2026-09-22T22:23:51.143Z,2026-09-22 17:23:51,2026-09-23 00:23:51,2026-09-24,2,"Ruta 2-A: Clásico Diseñada",600,328,272,404,596
2026-09-22T22:34:15.380Z,2026-09-22 17:34:15,2026-09-23 00:34:15,2026-09-23,1,"Ruta 1-A: Montaña Machupicchu",50,50,0,1000,0
2026-09-22T22:34:15.380Z,2026-09-22 17:34:15,2026-09-23 00:34:15,2026-09-23,1,"Ruta 2-A: Clásico Diseñada",600,600,0,1000,0
2026-09-22T22:34:15.380Z,2026-09-22 17:34:15,2026-09-23 00:34:15,2026-09-24,2,"Ruta 1-A: Montaña Machupicchu",50,2,48,410,590
2026-09-22T22:34:15.380Z,2026-09-22 17:34:15,2026-09-23 00:34:15,2026-09-24,2,"Ruta 2-A: Clásico Diseñada",600,336,264,410,590
2026-09-22T22:48:14.914Z,2026-09-22 17:48:14,2026-09-23 00:48:14,2026-09-23,1,"Ruta 1-A: Montaña Machupicchu",50,50,0,1000,0
2026-09-22T22:48:14.914Z,2026-09-22 17:48:14,2026-09-23 00:48:14,2026-09-23,1,"Ruta 2-A: Clásico Diseñada",600,600,0,1000,0
2026-09-22T22:48:14.914Z,2026-09-22 17:48:14,2026-09-23 00:48:14,2026-09-24,2,"Ruta 1-A: Montaña Machupicchu",50,2,48,412,588
2026-09-22T22:48:14.914Z,2026-09-22 17:48:14,2026-09-23 00:48:14,2026-09-24,2,"Ruta 2-A: Clásico Diseñada",600,336,264,412,588
2026-09-22T23:06:11.184Z,2026-09-22 18:06:11,2026-09-23 01:06:11,2026-09-23,1,"Ruta 1-A: Montaña Machupicchu",50,50,0,1000,0
2026-09-22T23:06:11.184Z,2026-09-22 18:06:11,2026-09-23 01:06:11,2026-09-23,1,"Ruta 2-A: Clásico Diseñada",600,600,0,1000,0
2026-09-22T23:06:11.184Z,2026-09-22 18:06:11,2026-09-23 01:06:11,2026-09-24,2,"Ruta 1-A: Montaña Machupicchu",50,2,48,418,582
2026-09-22T23:06:11.184Z,2026-09-22 18:06:11,2026-09-23 01:06:11,2026-09-24,2,"Ruta 2-A: Clásico Diseñada",600,338,262,418,582
2026-09-22T23:23:07.074Z,2026-09-22 18:23:07,2026-09-23 01:23:07,2026-09-23,1,"Ruta 1-A: Montaña Machupicchu",50,50,0,1000,0
2026-09-22T23:23:07.074Z,2026-09-22 18:23:07,2026-09-23 01:23:07,2026-09-23,1,"Ruta 2-A: Clásico Diseñada",600,600,0,1000,0
2026-09-22T23:23:07.074Z,2026-09-22 18:23:07,2026-09-23 01:23:07,2026-09-24,2,"Ruta 1-A: Montaña Machupicchu",50,2,48,431,569
2026-09-22T23:23:07.074Z,2026-09-22 18:23:07,2026-09-23 01:23:07,2026-09-24,2,"Ruta 2-A: Clásico Diseñada",600,342,258,431,569
2026-09-22T23:33:46.137Z,2026-09-22 18:33:46,2026-09-23 01:33:46,2026-09-23,1,"Ruta 1-A: Montaña Machupicchu",50,50,0,1000,0
2026-09-22T23:33:46.137Z,2026-09-22 18:33:46,2026-09-23 01:33:46,2026-09-23,1,"Ruta 2-A: Clásico Diseñada",600,600,0,1000,0
2026-09-22T23:33:46.137Z,2026-09-22 18:33:46,2026-09-23 01:33:46,2026-09-24,2,"Ruta 1-A: Montaña Machupicchu",50,3,47,446,554
2026-09-22T23:33:46.137Z,2026-09-22 18:33:46,2026-09-23 01:33:46,2026-09-24,2,"Ruta 2-A: Clásico Diseñada",600,355,245,446,554
2026-09-22T23:48:34.421Z,2026-09-22 18:48:34,2026-09-23 01:48:34,2026-09-23,1,"Ruta 1-A: Montaña Machupicchu",50,50,0,1000,0
2026-09-22T23:48:34.421Z,2026-09-22 18:48:34,2026-09-23 01:48:34,2026-09-23,1,"Ruta 2-A: Clásico Diseñada",600,600,0,1000,0
2026-09-22T23:48:34.421Z,2026-09-22 18:48:34,2026-09-23 01:48:34,2026-09-24,2,"Ruta 1-A: Montaña Machupicchu",50,4,46,484,516
2026-09-22T23:48:34.421Z,2026-09-22 18:48:34,2026-09-23 01:48:34,2026-09-24,2,"Ruta 2-A: Clásico Diseñada",600,370,230,484,516
2026-09-23T00:14:41.302Z,2026-09-22 19:14:41,2026-09-23 02:14:41,2026-09-24,2,"Ruta 1-A: Montaña Machupicchu",50,6,44,506,494
2026-09-23T00:14:41.302Z,2026-09-22 19:14:41,2026-09-23 02:14:41,2026-09-24,2,"Ruta 2-A: Clásico Diseñada",600,397,203,506,494
2026-09-23T01:00:36.077Z,2026-09-22 20:00:36,2026-09-23 03:00:36,2026-09-24,2,"Ruta 1-A: Montaña Machupicchu",50,6,44,524,476
2026-09-23T01:00:36.077Z,2026-09-22 20:00:36,2026-09-23 03:00:36,2026-09-24,2,"Ruta 2-A: Clásico Diseñada",600,401,199,524,476
2026-09-23T01:30:54.334Z,2026-09-22 20:30:54,2026-09-23 03:30:54,2026-09-24,2,"Ruta 1-A: Montaña Machupicchu",50,6,44,533,467
2026-09-23T01:30:54.334Z,2026-09-22 20:30:54,2026-09-23 03:30:54,2026-09-24,2,"Ruta 2-A: Clásico Diseñada",600,417,183,533,467
2026-09-23T02:09:11.712Z,2026-09-22 21:09:11,2026-09-23 04:09:11,2026-09-24,2,"Ruta 1-A: Montaña Machupicchu",50,6,44,533,467
2026-09-23T02:09:11.712Z,2026-09-22 21:09:11,2026-09-23 04:09:11,2026-09-24,2,"Ruta 2-A: Clásico Diseñada",600,417,183,533,467
2026-09-23T02:34:47.754Z,2026-09-22 21:34:47,2026-09-23 04:34:47,2026-09-24,2,"Ruta 1-A: Montaña Machupicchu",50,6,44,574,426
2026-09-23T02:34:47.754Z,2026-09-22 21:34:47,2026-09-23 04:34:47,2026-09-24,2,"Ruta 2-A: Clásico Diseñada",600,433,167,574,426
2026-09-23T02:53:06.797Z,2026-09-22 21:53:06,2026-09-23 04:53:06,2026-09-24,2,"Ruta 1-A: Montaña Machupicchu",50,6,44,608,392
2026-09-23T02:53:06.797Z,2026-09-22 21:53:06,2026-09-23 04:53:06,2026-09-24,2,"Ruta 2-A: Clásico Diseñada",600,469,131,608,392
2026-09-23T03:07:54.013Z,2026-09-22 22:07:54,2026-09-23 05:07:54,2026-09-24,2,"Ruta 1-A: Montaña Machupicchu",50,6,44,612,388
2026-09-23T03:07:54.013Z,2026-09-22 22:07:54,2026-09-23 05:07:54,2026-09-24,2,"Ruta 2-A: Clásico Diseñada",600,469,131,612,388
2026-09-23T03:30:55.945Z,2026-09-22 22:30:55,2026-09-23 05:30:55,2026-09-24,2,"Ruta 1-A: Montaña Machupicchu",50,6,44,612,388
2026-09-23T03:30:55.945Z,2026-09-22 22:30:55,2026-09-23 05:30:55,2026-09-24,2,"Ruta 2-A: Clásico Diseñada",600,473,127,612,388
2026-09-23T04:07:55.677Z,2026-09-22 23:07:55,2026-09-23 06:07:55,2026-09-24,2,"Ruta 1-A: Montaña Machupicchu",50,6,44,612,388
2026-09-23T04:07:55.677Z,2026-09-22 23:07:55,2026-09-23 06:07:55,2026-09-24,2,"Ruta 2-A: Clásico Diseñada",600,473,127,612,388
2026-09-23T04:30:27.555Z,2026-09-22 23:30:27,2026-09-23 06:30:27,2026-09-24,2,"Ruta 1-A: Montaña Machupicchu",50,6,44,612,388
2026-09-23T04:30:27.555Z,2026-09-22 23:30:27,2026-09-23 06:30:27,2026-09-24,2,"Ruta 2-A: Clásico Diseñada",600,473,127,612,388
2026-09-23T04:45:48.481Z,2026-09-22 23:45:48,2026-09-23 06:45:48,2026-09-24,2,"Ruta 1-A: Montaña Machupicchu",50,6,44,612,388
2026-09-23T04:45:48.481Z,2026-09-22 23:45:48,2026-09-23 06:45:48,2026-09-24,2,"Ruta 2-A: Clásico Diseñada",600,473,127,612,388
2026-09-23T04:54:01.664Z,2026-09-22 23:54:01,2026-09-23 06:54:01,2026-09-24,2,"Ruta 1-A: Montaña Machupicchu",50,6,44,612,388
2026-09-23T04:54:01.664Z,2026-09-22 23:54:01,2026-09-23 06:54:01,2026-09-24,2,"Ruta 2-A: Clásico Diseñada",600,473,127,612,388
2026-09-23T05:06:52.992Z,2026-09-23 00:06:52,2026-09-23 07:06:52,2026-09-24,1,"Ruta 1-A: Montaña Machupicchu",50,6,44,612,388
2026-09-23T05:06:52.992Z,2026-09-23 00:06:52,2026-09-23 07:06:52,2026-09-24,1,"Ruta 2-A: Clásico Diseñada",600,473,127,612,388
2026-09-23T05:26:32.507Z,2026-09-23 00:26:32,2026-09-23 07:26:32,2026-09-24,1,"Ruta 1-A: Montaña Machupicchu",50,6,44,612,388
2026-09-23T05:26:32.507Z,2026-09-23 00:26:32,2026-09-23 07:26:32,2026-09-24,1,"Ruta 2-A: Clásico Diseñada",600,473,127,612,388
2026-09-23T05:37:29.294Z,2026-09-23 00:37:29,2026-09-23 07:37:29,2026-09-24,1,"Ruta 1-A: Montaña Machupicchu",50,6,44,612,388
2026-09-23T05:37:29.294Z,2026-09-23 00:37:29,2026-09-23 07:37:29,2026-09-24,1,"Ruta 2-A: Clásico Diseñada",600,473,127,612,388
2026-09-23T06:10:46.234Z,2026-09-23 01:10:46,2026-09-23 08:10:46,2026-09-24,1,"Ruta 1-A: Montaña Machupicchu",50,6,44,612,388
2026-09-23T06:10:46.234Z,2026-09-23 01:10:46,2026-09-23 08:10:46,2026-09-24,1,"Ruta 2-A: Clásico Diseñada",600,473,127,612,388
2026-09-23T06:41:25.489Z,2026-09-23 01:41:25,2026-09-23 08:41:25,2026-09-24,1,"Ruta 1-A: Montaña Machupicchu",50,6,44,612,388
2026-09-23T06:41:25.489Z,2026-09-23 01:41:25,2026-09-23 08:41:25,2026-09-24,1,"Ruta 2-A: Clásico Diseñada",600,473,127,612,388
2026-09-23T07:00:45.964Z,2026-09-23 02:00:45,2026-09-23 09:00:45,2026-09-24,1,"Ruta 1-A: Montaña Machupicchu",50,6,44,612,388
2026-09-23T07:00:45.964Z,2026-09-23 02:00:45,2026-09-23 09:00:45,2026-09-24,1,"Ruta 2-A: Clásico Diseñada",600,473,127,612,388
2026-09-23T07:25:52.819Z,2026-09-23 02:25:52,2026-09-23 09:25:52,2026-09-24,1,"Ruta 1-A: Montaña Machupicchu",50,6,44,612,388
2026-09-23T07:25:52.819Z,2026-09-23 02:25:52,2026-09-23 09:25:52,2026-09-24,1,"Ruta 2-A: Clásico Diseñada",600,473,127,612,388
2026-09-23T07:39:44.069Z,2026-09-23 02:39:44,2026-09-23 09:39:44,2026-09-24,1,"Ruta 1-A: Montaña Machupicchu",50,6,44,612,388
2026-09-23T07:39:44.069Z,2026-09-23 02:39:44,2026-09-23 09:39:44,2026-09-24,1,"Ruta 2-A: Clásico Diseñada",600,473,127,612,388
2026-09-23T07:50:50.128Z,2026-09-23 02:50:50,2026-09-23 09:50:50,2026-09-24,1,"Ruta 1-A: Montaña Machupicchu",50,6,44,612,388
2026-09-23T07:50:50.128Z,2026-09-23 02:50:50,2026-09-23 09:50:50,2026-09-24,1,"Ruta 2-A: Clásico Diseñada",600,473,127,612,388
2026-09-23T08:08:36.719Z,2026-09-23 03:08:36,2026-09-23 10:08:36,2026-09-24,1,"Ruta 1-A: Montaña Machupicchu",50,6,44,612,388
2026-09-23T08:08:36.719Z,2026-09-23 03:08:36,2026-09-23 10:08:36,2026-09-24,1,"Ruta 2-A: Clásico Diseñada",600,473,127,612,388
2026-09-23T08:33:57.915Z,2026-09-23 03:33:57,2026-09-23 10:33:57,2026-09-24,1,"Ruta 1-A: Montaña Machupicchu",50,6,44,612,388
2026-09-23T08:33:57.915Z,2026-09-23 03:33:57,2026-09-23 10:33:57,2026-09-24,1,"Ruta 2-A: Clásico Diseñada",600,473,127,612,388
2026-09-23T08:52:45.659Z,2026-09-23 03:52:45,2026-09-23 10:52:45,2026-09-24,1,"Ruta 1-A: Montaña Machupicchu",50,6,44,612,388
2026-09-23T08:52:45.659Z,2026-09-23 03:52:45,2026-09-23 10:52:45,2026-09-24,1,"Ruta 2-A: Clásico Diseñada",600,473,127,612,388
2026-09-23T09:07:23.696Z,2026-09-23 04:07:23,2026-09-23 11:07:23,2026-09-24,1,"Ruta 1-A: Montaña Machupicchu",50,6,44,612,388
2026-09-23T09:07:23.696Z,2026-09-23 04:07:23,2026-09-23 11:07:23,2026-09-24,1,"Ruta 2-A: Clásico Diseñada",600,473,127,612,388
2026-09-23T09:28:38.003Z,2026-09-23 04:28:38,2026-09-23 11:28:38,2026-09-24,1,"Ruta 1-A: Montaña Machupicchu",50,6,44,612,388
2026-09-23T09:28:38.003Z,2026-09-23 04:28:38,2026-09-23 11:28:38,2026-09-24,1,"Ruta 2-A: Clásico Diseñada",600,473,127,612,388
2026-09-23T09:41:29.819Z,2026-09-23 04:41:29,2026-09-23 11:41:29,2026-09-24,1,"Ruta 1-A: Montaña Machupicchu",50,6,44,612,388
2026-09-23T09:41:29.819Z,2026-09-23 04:41:29,2026-09-23 11:41:29,2026-09-24,1,"Ruta 2-A: Clásico Diseñada",600,473,127,612,388
2026-09-23T09:50:03.805Z,2026-09-23 04:50:03,2026-09-23 11:50:03,2026-09-24,1,"Ruta 1-A: Montaña Machupicchu",50,6,44,612,388
2026-09-23T09:50:03.805Z,2026-09-23 04:50:03,2026-09-23 11:50:03,2026-09-24,1,"Ruta 2-A: Clásico Diseñada",600,473,127,612,388
2026-09-23T10:06:57.717Z,2026-09-23 05:06:57,2026-09-23 12:06:57,2026-09-24,1,"Ruta 1-A: Montaña Machupicchu",50,6,44,612,388
2026-09-23T10:06:57.717Z,2026-09-23 05:06:57,2026-09-23 12:06:57,2026-09-24,1,"Ruta 2-A: Clásico Diseñada",600,473,127,612,388
2026-09-23T10:27:07.633Z,2026-09-23 05:27:07,2026-09-23 12:27:07,2026-09-24,1,"Ruta 1-A: Montaña Machupicchu",50,6,44,612,388
2026-09-23T10:27:07.633Z,2026-09-23 05:27:07,2026-09-23 12:27:07,2026-09-24,1,"Ruta 2-A: Clásico Diseñada",600,473,127,612,388
2026-09-23T10:38:18.757Z,2026-09-23 05:38:18,2026-09-23 12:38:18,2026-09-24,1,"Ruta 1-A: Montaña Machupicchu",50,6,44,612,388
2026-09-23T10:38:18.757Z,2026-09-23 05:38:18,2026-09-23 12:38:18,2026-09-24,1,"Ruta 2-A: Clásico Diseñada",600,473,127,612,388
2026-09-23T10:49:32.150Z,2026-09-23 05:49:32,2026-09-23 12:49:32,2026-09-24,1,"Ruta 1-A: Montaña Machupicchu",50,6,44,612,388
2026-09-23T10:49:32.150Z,2026-09-23 05:49:32,2026-09-23 12:49:32,2026-09-24,1,"Ruta 2-A: Clásico Diseñada",600,473,127,612,388
2026-09-23T11:06:50.074Z,2026-09-23 06:06:50,2026-09-23 13:06:50,2026-09-24,1,"Ruta 1-A: Montaña Machupicchu",50,6,44,638,362
2026-09-23T11:06:50.074Z,2026-09-23 06:06:50,2026-09-23 13:06:50,2026-09-24,1,"Ruta 2-A: Clásico Diseñada",600,473,127,638,362
2026-09-23T11:24:59.776Z,2026-09-23 06:24:59,2026-09-23 13:24:59,2026-09-24,1,"Ruta 1-A: Montaña Machupicchu",50,6,44,714,286
2026-09-23T11:24:59.776Z,2026-09-23 06:24:59,2026-09-23 13:24:59,2026-09-24,1,"Ruta 2-A: Clásico Diseñada",600,516,84,714,286
2026-09-23T11:35:48.128Z,2026-09-23 06:35:48,2026-09-23 13:35:48,2026-09-24,1,"Ruta 1-A: Montaña Machupicchu",50,6,44,729,271
2026-09-23T11:35:48.128Z,2026-09-23 06:35:48,2026-09-23 13:35:48,2026-09-24,1,"Ruta 2-A: Clásico Diseñada",600,528,72,729,271
2026-09-23T12:09:38.780Z,2026-09-23 07:09:38,2026-09-23 14:09:38,2026-09-24,1,"Ruta 1-A: Montaña Machupicchu",50,8,42,806,194
2026-09-23T12:09:38.780Z,2026-09-23 07:09:38,2026-09-23 14:09:38,2026-09-24,1,"Ruta 2-A: Clásico Diseñada",600,587,13,806,194
2026-09-23T12:37:08.118Z,2026-09-23 07:37:08,2026-09-23 14:37:08,2026-09-24,1,"Ruta 1-A: Montaña Machupicchu",50,8,42,902,98
2026-09-23T12:37:08.118Z,2026-09-23 07:37:08,2026-09-23 14:37:08,2026-09-24,1,"Ruta 2-A: Clásico Diseñada",600,600,0,902,98
2026-09-23T12:56:04.809Z,2026-09-23 07:56:04,2026-09-23 14:56:04,2026-09-24,1,"Ruta 1-A: Montaña Machupicchu",50,8,42,931,69
2026-09-23T12:56:04.809Z,2026-09-23 07:56:04,2026-09-23 14:56:04,2026-09-24,1,"Ruta 2-A: Clásico Diseñada",600,600,0,931,69
2026-09-23T13:07:13.078Z,2026-09-23 08:07:13,2026-09-23 15:07:13,2026-09-24,1,"Ruta 1-A: Montaña Machupicchu",50,8,42,945,55
2026-09-23T13:07:13.078Z,2026-09-23 08:07:13,2026-09-23 15:07:13,2026-09-24,1,"Ruta 2-A: Clásico Diseñada",600,600,0,945,55
2026-09-23T13:26:44.837Z,2026-09-23 08:26:44,2026-09-23 15:26:44,2026-09-24,1,"Ruta 1-A: Montaña Machupicchu",50,9,41,974,26
2026-09-23T13:26:44.837Z,2026-09-23 08:26:44,2026-09-23 15:26:44,2026-09-24,1,"Ruta 2-A: Clásico Diseñada",600,600,0,974,26
2026-09-23T13:37:19.336Z,2026-09-23 08:37:19,2026-09-23 15:37:19,2026-09-24,1,"Ruta 1-A: Montaña Machupicchu",50,17,33,993,7
2026-09-23T13:37:19.336Z,2026-09-23 08:37:19,2026-09-23 15:37:19,2026-09-24,1,"Ruta 2-A: Clásico Diseñada",600,600,0,993,7
2026-09-23T13:48:37.441Z,2026-09-23 08:48:37,2026-09-23 15:48:37,2026-09-24,1,"Ruta 1-A: Montaña Machupicchu",50,19,31,1000,0
2026-09-23T13:48:37.441Z,2026-09-23 08:48:37,2026-09-23 15:48:37,2026-09-24,1,"Ruta 2-A: Clásico Diseñada",600,600,0,1000,0
2026-09-23T14:07:17.585Z,2026-09-23 09:07:17,2026-09-23 16:07:17,2026-09-24,1,"Ruta 1-A: Montaña Machupicchu",50,24,26,1000,0
2026-09-23T14:07:17.585Z,2026-09-23 09:07:17,2026-09-23 16:07:17,2026-09-24,1,"Ruta 2-A: Clásico Diseñada",600,600,0,1000,0
2026-09-23T14:28:39.013Z,2026-09-23 09:28:39,2026-09-23 16:28:39,2026-09-24,1,"Ruta 1-A: Montaña Machupicchu",50,44,6,1000,0
2026-09-23T14:28:39.013Z,2026-09-23 09:28:39,2026-09-23 16:28:39,2026-09-24,1,"Ruta 2-A: Clásico Diseñada",600,600,0,1000,0
2026-09-23T14:40:59.810Z,2026-09-23 09:40:59,2026-09-23 16:40:59,2026-09-24,1,"Ruta 1-A: Montaña Machupicchu",50,50,0,1000,0
2026-09-23T14:40:59.810Z,2026-09-23 09:40:59,2026-09-23 16:40:59,2026-09-24,1,"Ruta 2-A: Clásico Diseñada",600,600,0,1000,0
2026-09-23T14:40:59.810Z,2026-09-23 09:40:59,2026-09-23 16:40:59,2026-09-25,2,"Ruta 1-A: Montaña Machupicchu",50,0,50,0,1000
2026-09-23T14:40:59.810Z,2026-09-23 09:40:59,2026-09-23 16:40:59,2026-09-25,2,"Ruta 2-A: Clásico Diseñada",600,0,600,0,1000
2026-09-23T14:50:34.317Z,2026-09-23 09:50:34,2026-09-23 16:50:34,2026-09-24,1,"Ruta 1-A: Montaña Machupicchu",50,50,0,1000,0
2026-09-23T14:50:34.317Z,2026-09-23 09:50:34,2026-09-23 16:50:34,2026-09-24,1,"Ruta 2-A: Clásico Diseñada",600,600,0,1000,0
2026-09-23T14:50:34.317Z,2026-09-23 09:50:34,2026-09-23 16:50:34,2026-09-25,2,"Ruta 1-A: Montaña Machupicchu",50,0,50,0,1000
2026-09-23T14:50:34.317Z,2026-09-23 09:50:34,2026-09-23 16:50:34,2026-09-25,2,"Ruta 2-A: Clásico Diseñada",600,0,600,0,1000
2026-09-23T15:06:24.151Z,2026-09-23 10:06:24,2026-09-23 17:06:24,2026-09-24,1,"Ruta 1-A: Montaña Machupicchu",50,50,0,1000,0
2026-09-23T15:06:24.151Z,2026-09-23 10:06:24,2026-09-23 17:06:24,2026-09-24,1,"Ruta 2-A: Clásico Diseñada",600,600,0,1000,0
2026-09-23T15:06:24.151Z,2026-09-23 10:06:24,2026-09-23 17:06:24,2026-09-25,2,"Ruta 1-A: Montaña Machupicchu",50,0,50,21,979
2026-09-23T15:06:24.151Z,2026-09-23 10:06:24,2026-09-23 17:06:24,2026-09-25,2,"Ruta 2-A: Clásico Diseñada",600,6,594,21,979
2026-09-23T15:26:37.769Z,2026-09-23 10:26:37,2026-09-23 17:26:37,2026-09-24,1,"Ruta 1-A: Montaña Machupicchu",50,50,0,1000,0
2026-09-23T15:26:37.769Z,2026-09-23 10:26:37,2026-09-23 17:26:37,2026-09-24,1,"Ruta 2-A: Clásico Diseñada",600,600,0,1000,0
2026-09-23T15:26:37.769Z,2026-09-23 10:26:37,2026-09-23 17:26:37,2026-09-25,2,"Ruta 1-A: Montaña Machupicchu",50,0,50,71,929
2026-09-23T15:26:37.769Z,2026-09-23 10:26:37,2026-09-23 17:26:37,2026-09-25,2,"Ruta 2-A: Clásico Diseñada",600,55,545,71,929
2026-09-23T15:38:15.007Z,2026-09-23 10:38:15,2026-09-23 17:38:15,2026-09-24,1,"Ruta 1-A: Montaña Machupicchu",50,50,0,1000,0
2026-09-23T15:38:15.007Z,2026-09-23 10:38:15,2026-09-23 17:38:15,2026-09-24,1,"Ruta 2-A: Clásico Diseñada",600,600,0,1000,0
2026-09-23T15:38:15.007Z,2026-09-23 10:38:15,2026-09-23 17:38:15,2026-09-25,2,"Ruta 1-A: Montaña Machupicchu",50,0,50,90,910
2026-09-23T15:38:15.007Z,2026-09-23 10:38:15,2026-09-23 17:38:15,2026-09-25,2,"Ruta 2-A: Clásico Diseñada",600,59,541,90,910
2026-09-23T15:49:14.416Z,2026-09-23 10:49:14,2026-09-23 17:49:14,2026-09-24,1,"Ruta 1-A: Montaña Machupicchu",50,50,0,1000,0
2026-09-23T15:49:14.416Z,2026-09-23 10:49:14,2026-09-23 17:49:14,2026-09-24,1,"Ruta 2-A: Clásico Diseñada",600,600,0,1000,0
2026-09-23T15:49:14.416Z,2026-09-23 10:49:14,2026-09-23 17:49:14,2026-09-25,2,"Ruta 1-A: Montaña Machupicchu",50,0,50,100,900
2026-09-23T15:49:14.416Z,2026-09-23 10:49:14,2026-09-23 17:49:14,2026-09-25,2,"Ruta 2-A: Clásico Diseñada",600,60,540,100,900
2026-09-23T16:07:51.451Z,2026-09-23 11:07:51,2026-09-23 18:07:51,2026-09-24,1,"Ruta 1-A: Montaña Machupicchu",50,50,0,1000,0
2026-09-23T16:07:51.451Z,2026-09-23 11:07:51,2026-09-23 18:07:51,2026-09-24,1,"Ruta 2-A: Clásico Diseñada",600,600,0,1000,0
2026-09-23T16:07:51.451Z,2026-09-23 11:07:51,2026-09-23 18:07:51,2026-09-25,2,"Ruta 1-A: Montaña Machupicchu",50,0,50,105,895
2026-09-23T16:07:51.451Z,2026-09-23 11:07:51,2026-09-23 18:07:51,2026-09-25,2,"Ruta 2-A: Clásico Diseñada",600,62,538,105,895
2026-09-23T16:29:39.388Z,2026-09-23 11:29:39,2026-09-23 18:29:39,2026-09-24,1,"Ruta 1-A: Montaña Machupicchu",50,50,0,1000,0
2026-09-23T16:29:39.388Z,2026-09-23 11:29:39,2026-09-23 18:29:39,2026-09-24,1,"Ruta 2-A: Clásico Diseñada",600,600,0,1000,0
2026-09-23T16:29:39.388Z,2026-09-23 11:29:39,2026-09-23 18:29:39,2026-09-25,2,"Ruta 1-A: Montaña Machupicchu",50,0,50,109,891
2026-09-23T16:29:39.388Z,2026-09-23 11:29:39,2026-09-23 18:29:39,2026-09-25,2,"Ruta 2-A: Clásico Diseñada",600,66,534,109,891
2026-09-23T16:45:04.278Z,2026-09-23 11:45:04,2026-09-23 18:45:04,2026-09-24,1,"Ruta 1-A: Montaña Machupicchu",50,50,0,1000,0
2026-09-23T16:45:04.278Z,2026-09-23 11:45:04,2026-09-23 18:45:04,2026-09-24,1,"Ruta 2-A: Clásico Diseñada",600,600,0,1000,0
2026-09-23T16:45:04.278Z,2026-09-23 11:45:04,2026-09-23 18:45:04,2026-09-25,2,"Ruta 1-A: Montaña Machupicchu",50,0,50,109,891
2026-09-23T16:45:04.278Z,2026-09-23 11:45:04,2026-09-23 18:45:04,2026-09-25,2,"Ruta 2-A: Clásico Diseñada",600,66,534,109,891
2026-09-23T16:52:01.497Z,2026-09-23 11:52:01,2026-09-23 18:52:01,2026-09-24,1,"Ruta 1-A: Montaña Machupicchu",50,50,0,1000,0
2026-09-23T16:52:01.497Z,2026-09-23 11:52:01,2026-09-23 18:52:01,2026-09-24,1,"Ruta 2-A: Clásico Diseñada",600,600,0,1000,0
2026-09-23T16:52:01.497Z,2026-09-23 11:52:01,2026-09-23 18:52:01,2026-09-25,2,"Ruta 1-A: Montaña Machupicchu",50,0,50,111,889
2026-09-23T16:52:01.497Z,2026-09-23 11:52:01,2026-09-23 18:52:01,2026-09-25,2,"Ruta 2-A: Clásico Diseñada",600,68,532,111,889
2026-09-23T17:06:35.649Z,2026-09-23 12:06:35,2026-09-23 19:06:35,2026-09-24,1,"Ruta 1-A: Montaña Machupicchu",50,50,0,1000,0
2026-09-23T17:06:35.649Z,2026-09-23 12:06:35,2026-09-23 19:06:35,2026-09-24,1,"Ruta 2-A: Clásico Diseñada",600,600,0,1000,0
2026-09-23T17:06:35.649Z,2026-09-23 12:06:35,2026-09-23 19:06:35,2026-09-25,2,"Ruta 1-A: Montaña Machupicchu",50,0,50,114,886
2026-09-23T17:06:35.649Z,2026-09-23 12:06:35,2026-09-23 19:06:35,2026-09-25,2,"Ruta 2-A: Clásico Diseñada",600,69,531,114,886
2026-09-23T17:25:09.275Z,2026-09-23 12:25:09,2026-09-23 19:25:09,2026-09-24,1,"Ruta 1-A: Montaña Machupicchu",50,50,0,1000,0
2026-09-23T17:25:09.275Z,2026-09-23 12:25:09,2026-09-23 19:25:09,2026-09-24,1,"Ruta 2-A: Clásico Diseñada",600,600,0,1000,0
2026-09-23T17:25:09.275Z,2026-09-23 12:25:09,2026-09-23 19:25:09,2026-09-25,2,"Ruta 1-A: Montaña Machupicchu",50,0,50,129,871
2026-09-23T17:25:09.275Z,2026-09-23 12:25:09,2026-09-23 19:25:09,2026-09-25,2,"Ruta 2-A: Clásico Diseñada",600,69,531,129,871
2026-09-23T17:34:58.402Z,2026-09-23 12:34:58,2026-09-23 19:34:58,2026-09-24,1,"Ruta 1-A: Montaña Machupicchu",50,50,0,1000,0
2026-09-23T17:34:58.402Z,2026-09-23 12:34:58,2026-09-23 19:34:58,2026-09-24,1,"Ruta 2-A: Clásico Diseñada",600,600,0,1000,0
2026-09-23T17:34:58.402Z,2026-09-23 12:34:58,2026-09-23 19:34:58,2026-09-25,2,"Ruta 1-A: Montaña Machupicchu",50,0,50,152,848
2026-09-23T17:34:58.402Z,2026-09-23 12:34:58,2026-09-23 19:34:58,2026-09-25,2,"Ruta 2-A: Clásico Diseñada",600,74,526,152,848
2026-09-23T17:48:43.083Z,2026-09-23 12:48:43,2026-09-23 19:48:43,2026-09-24,1,"Ruta 1-A: Montaña Machupicchu",50,50,0,1000,0
2026-09-23T17:48:43.083Z,2026-09-23 12:48:43,2026-09-23 19:48:43,2026-09-24,1,"Ruta 2-A: Clásico Diseñada",600,600,0,1000,0
2026-09-23T17:48:43.083Z,2026-09-23 12:48:43,2026-09-23 19:48:43,2026-09-25,2,"Ruta 1-A: Montaña Machupicchu",50,0,50,174,826
2026-09-23T17:48:43.083Z,2026-09-23 12:48:43,2026-09-23 19:48:43,2026-09-25,2,"Ruta 2-A: Clásico Diseñada",600,94,506,174,826
2026-09-23T18:07:26.627Z,2026-09-23 13:07:26,2026-09-23 20:07:26,2026-09-24,1,"Ruta 1-A: Montaña Machupicchu",50,50,0,1000,0
2026-09-23T18:07:26.627Z,2026-09-23 13:07:26,2026-09-23 20:07:26,2026-09-24,1,"Ruta 2-A: Clásico Diseñada",600,600,0,1000,0
2026-09-23T18:07:26.627Z,2026-09-23 13:07:26,2026-09-23 20:07:26,2026-09-25,2,"Ruta 1-A: Montaña Machupicchu",50,0,50,199,801
2026-09-23T18:07:26.627Z,2026-09-23 13:07:26,2026-09-23 20:07:26,2026-09-25,2,"Ruta 2-A: Clásico Diseñada",600,117,483,199,801
2026-09-23T18:29:46.660Z,2026-09-23 13:29:46,2026-09-23 20:29:46,2026-09-24,1,"Ruta 1-A: Montaña Machupicchu",50,50,0,1000,0
2026-09-23T18:29:46.660Z,2026-09-23 13:29:46,2026-09-23 20:29:46,2026-09-24,1,"Ruta 2-A: Clásico Diseñada",600,600,0,1000,0
2026-09-23T18:29:46.660Z,2026-09-23 13:29:46,2026-09-23 20:29:46,2026-09-25,2,"Ruta 1-A: Montaña Machupicchu",50,0,50,213,787
2026-09-23T18:29:46.660Z,2026-09-23 13:29:46,2026-09-23 20:29:46,2026-09-25,2,"Ruta 2-A: Clásico Diseñada",600,128,472,213,787
2026-09-23T18:45:19.171Z,2026-09-23 13:45:19,2026-09-23 20:45:19,2026-09-24,1,"Ruta 1-A: Montaña Machupicchu",50,50,0,1000,0
2026-09-23T18:45:19.171Z,2026-09-23 13:45:19,2026-09-23 20:45:19,2026-09-24,1,"Ruta 2-A: Clásico Diseñada",600,600,0,1000,0
2026-09-23T18:45:19.171Z,2026-09-23 13:45:19,2026-09-23 20:45:19,2026-09-25,2,"Ruta 1-A: Montaña Machupicchu",50,0,50,235,765
2026-09-23T18:45:19.171Z,2026-09-23 13:45:19,2026-09-23 20:45:19,2026-09-25,2,"Ruta 2-A: Clásico Diseñada",600,131,469,235,765
2026-09-23T18:52:42.420Z,2026-09-23 13:52:42,2026-09-23 20:52:42,2026-09-24,1,"Ruta 1-A: Montaña Machupicchu",50,50,0,1000,0
2026-09-23T18:52:42.420Z,2026-09-23 13:52:42,2026-09-23 20:52:42,2026-09-24,1,"Ruta 2-A: Clásico Diseñada",600,600,0,1000,0
2026-09-23T18:52:42.420Z,2026-09-23 13:52:42,2026-09-23 20:52:42,2026-09-25,2,"Ruta 1-A: Montaña Machupicchu",50,0,50,239,761
2026-09-23T18:52:42.420Z,2026-09-23 13:52:42,2026-09-23 20:52:42,2026-09-25,2,"Ruta 2-A: Clásico Diseñada",600,167,433,239,761
2026-09-23T18:59:20.218Z,2026-09-23 13:59:20,2026-09-23 20:59:20,2026-09-24,1,"Ruta 1-A: Montaña Machupicchu",50,50,0,1000,0
2026-09-23T18:59:20.218Z,2026-09-23 13:59:20,2026-09-23 20:59:20,2026-09-24,1,"Ruta 2-A: Clásico Diseñada",600,600,0,1000,0
2026-09-23T18:59:20.218Z,2026-09-23 13:59:20,2026-09-23 20:59:20,2026-09-25,2,"Ruta 1-A: Montaña Machupicchu",50,0,50,241,759
2026-09-23T18:59:20.218Z,2026-09-23 13:59:20,2026-09-23 20:59:20,2026-09-25,2,"Ruta 2-A: Clásico Diseñada",600,167,433,241,759
2026-09-23T19:06:10.111Z,2026-09-23 14:06:10,2026-09-23 21:06:10,2026-09-24,1,"Ruta 1-A: Montaña Machupicchu",50,50,0,1000,0
2026-09-23T19:06:10.111Z,2026-09-23 14:06:10,2026-09-23 21:06:10,2026-09-24,1,"Ruta 2-A: Clásico Diseñada",600,600,0,1000,0
2026-09-23T19:06:10.111Z,2026-09-23 14:06:10,2026-09-23 21:06:10,2026-09-25,2,"Ruta 1-A: Montaña Machupicchu",50,0,50,241,759
2026-09-23T19:06:10.111Z,2026-09-23 14:06:10,2026-09-23 21:06:10,2026-09-25,2,"Ruta 2-A: Clásico Diseñada",600,169,431,241,759
2026-09-23T19:14:38.718Z,2026-09-23 14:14:38,2026-09-23 21:14:38,2026-09-24,1,"Ruta 1-A: Montaña Machupicchu",50,50,0,1000,0
2026-09-23T19:14:38.718Z,2026-09-23 14:14:38,2026-09-23 21:14:38,2026-09-24,1,"Ruta 2-A: Clásico Diseñada",600,600,0,1000,0
2026-09-23T19:14:38.718Z,2026-09-23 14:14:38,2026-09-23 21:14:38,2026-09-25,2,"Ruta 1-A: Montaña Machupicchu",50,0,50,245,755
2026-09-23T19:14:38.718Z,2026-09-23 14:14:38,2026-09-23 21:14:38,2026-09-25,2,"Ruta 2-A: Clásico Diseñada",600,172,428,245,755
2026-09-23T19:23:37.796Z,2026-09-23 14:23:37,2026-09-23 21:23:37,2026-09-24,1,"Ruta 1-A: Montaña Machupicchu",50,50,0,1000,0
2026-09-23T19:23:37.796Z,2026-09-23 14:23:37,2026-09-23 21:23:37,2026-09-24,1,"Ruta 2-A: Clásico Diseñada",600,600,0,1000,0
2026-09-23T19:23:37.796Z,2026-09-23 14:23:37,2026-09-23 21:23:37,2026-09-25,2,"Ruta 1-A: Montaña Machupicchu",50,0,50,249,751
2026-09-23T19:23:37.796Z,2026-09-23 14:23:37,2026-09-23 21:23:37,2026-09-25,2,"Ruta 2-A: Clásico Diseñada",600,175,425,249,751
2026-09-23T19:26:05.435Z,2026-09-23 14:26:05,2026-09-23 21:26:05,2026-09-24,1,"Ruta 1-A: Montaña Machupicchu",50,50,0,1000,0
2026-09-23T19:26:05.435Z,2026-09-23 14:26:05,2026-09-23 21:26:05,2026-09-24,1,"Ruta 2-A: Clásico Diseñada",600,600,0,1000,0
2026-09-23T19:26:05.435Z,2026-09-23 14:26:05,2026-09-23 21:26:05,2026-09-25,2,"Ruta 1-A: Montaña Machupicchu",50,0,50,249,751
2026-09-23T19:26:05.435Z,2026-09-23 14:26:05,2026-09-23 21:26:05,2026-09-25,2,"Ruta 2-A: Clásico Diseñada",600,177,423,249,751
2026-09-23T19:33:09.914Z,2026-09-23 14:33:09,2026-09-23 21:33:09,2026-09-24,1,"Ruta 1-A: Montaña Machupicchu",50,50,0,1000,0
2026-09-23T19:33:09.914Z,2026-09-23 14:33:09,2026-09-23 21:33:09,2026-09-24,1,"Ruta 2-A: Clásico Diseñada",600,600,0,1000,0
2026-09-23T19:33:09.914Z,2026-09-23 14:33:09,2026-09-23 21:33:09,2026-09-25,2,"Ruta 1-A: Montaña Machupicchu",50,0,50,251,749
2026-09-23T19:33:09.914Z,2026-09-23 14:33:09,2026-09-23 21:33:09,2026-09-25,2,"Ruta 2-A: Clásico Diseñada",600,179,421,251,749
2026-09-23T19:42:48.063Z,2026-09-23 14:42:48,2026-09-23 21:42:48,2026-09-24,1,"Ruta 1-A: Montaña Machupicchu",50,50,0,1000,0
2026-09-23T19:42:48.063Z,2026-09-23 14:42:48,2026-09-23 21:42:48,2026-09-24,1,"Ruta 2-A: Clásico Diseñada",600,600,0,1000,0
2026-09-23T19:42:48.063Z,2026-09-23 14:42:48,2026-09-23 21:42:48,2026-09-25,2,"Ruta 1-A: Montaña Machupicchu",50,0,50,274,726
2026-09-23T19:42:48.063Z,2026-09-23 14:42:48,2026-09-23 21:42:48,2026-09-25,2,"Ruta 2-A: Clásico Diseñada",600,192,408,274,726
2026-09-23T19:48:22.349Z,2026-09-23 14:48:22,2026-09-23 21:48:22,2026-09-24,1,"Ruta 1-A: Montaña Machupicchu",50,50,0,1000,0
2026-09-23T19:48:22.349Z,2026-09-23 14:48:22,2026-09-23 21:48:22,2026-09-24,1,"Ruta 2-A: Clásico Diseñada",600,600,0,1000,0
2026-09-23T19:48:22.349Z,2026-09-23 14:48:22,2026-09-23 21:48:22,2026-09-25,2,"Ruta 1-A: Montaña Machupicchu",50,0,50,290,710
2026-09-23T19:48:22.349Z,2026-09-23 14:48:22,2026-09-23 21:48:22,2026-09-25,2,"Ruta 2-A: Clásico Diseñada",600,206,394,290,710
2026-09-23T19:56:08.538Z,2026-09-23 14:56:08,2026-09-23 21:56:08,2026-09-24,1,"Ruta 1-A: Montaña Machupicchu",50,50,0,1000,0
2026-09-23T19:56:08.538Z,2026-09-23 14:56:08,2026-09-23 21:56:08,2026-09-24,1,"Ruta 2-A: Clásico Diseñada",600,600,0,1000,0
2026-09-23T19:56:08.538Z,2026-09-23 14:56:08,2026-09-23 21:56:08,2026-09-25,2,"Ruta 1-A: Montaña Machupicchu",50,1,49,298,702
2026-09-23T19:56:08.538Z,2026-09-23 14:56:08,2026-09-23 21:56:08,2026-09-25,2,"Ruta 2-A: Clásico Diseñada",600,219,381,298,702
2026-09-23T20:01:59.205Z,2026-09-23 15:01:59,2026-09-23 22:01:59,2026-09-24,1,"Ruta 1-A: Montaña Machupicchu",50,50,0,1000,0
2026-09-23T20:01:59.205Z,2026-09-23 15:01:59,2026-09-23 22:01:59,2026-09-24,1,"Ruta 2-A: Clásico Diseñada",600,600,0,1000,0
2026-09-23T20:01:59.205Z,2026-09-23 15:01:59,2026-09-23 22:01:59,2026-09-25,2,"Ruta 1-A: Montaña Machupicchu",50,1,49,300,700
2026-09-23T20:01:59.205Z,2026-09-23 15:01:59,2026-09-23 22:01:59,2026-09-25,2,"Ruta 2-A: Clásico Diseñada",600,223,377,300,700
2026-09-23T20:07:10.725Z,2026-09-23 15:07:10,2026-09-23 22:07:10,2026-09-24,1,"Ruta 1-A: Montaña Machupicchu",50,50,0,1000,0
2026-09-23T20:07:10.725Z,2026-09-23 15:07:10,2026-09-23 22:07:10,2026-09-24,1,"Ruta 2-A: Clásico Diseñada",600,600,0,1000,0
2026-09-23T20:07:10.725Z,2026-09-23 15:07:10,2026-09-23 22:07:10,2026-09-25,2,"Ruta 1-A: Montaña Machupicchu",50,1,49,301,699
2026-09-23T20:07:10.725Z,2026-09-23 15:07:10,2026-09-23 22:07:10,2026-09-25,2,"Ruta 2-A: Clásico Diseñada",600,223,377,301,699
2026-09-23T20:22:24.924Z,2026-09-23 15:22:24,2026-09-23 22:22:24,2026-09-24,1,"Ruta 1-A: Montaña Machupicchu",50,50,0,1000,0
2026-09-23T20:22:24.924Z,2026-09-23 15:22:24,2026-09-23 22:22:24,2026-09-24,1,"Ruta 2-A: Clásico Diseñada",600,600,0,1000,0
2026-09-23T20:22:24.924Z,2026-09-23 15:22:24,2026-09-23 22:22:24,2026-09-25,2,"Ruta 1-A: Montaña Machupicchu",50,1,49,317,683
2026-09-23T20:22:24.924Z,2026-09-23 15:22:24,2026-09-23 22:22:24,2026-09-25,2,"Ruta 2-A: Clásico Diseñada",600,226,374,317,683
2026-09-23T20:26:58.605Z,2026-09-23 15:26:58,2026-09-23 22:26:58,2026-09-24,1,"Ruta 1-A: Montaña Machupicchu",50,50,0,1000,0
2026-09-23T20:26:58.605Z,2026-09-23 15:26:58,2026-09-23 22:26:58,2026-09-24,1,"Ruta 2-A: Clásico Diseñada",600,600,0,1000,0
2026-09-23T20:26:58.605Z,2026-09-23 15:26:58,2026-09-23 22:26:58,2026-09-25,2,"Ruta 1-A: Montaña Machupicchu",50,1,49,322,678
2026-09-23T20:26:58.605Z,2026-09-23 15:26:58,2026-09-23 22:26:58,2026-09-25,2,"Ruta 2-A: Clásico Diseñada",600,226,374,322,678
2026-09-23T20:32:50.447Z,2026-09-23 15:32:50,2026-09-23 22:32:50,2026-09-24,1,"Ruta 1-A: Montaña Machupicchu",50,50,0,1000,0
2026-09-23T20:32:50.447Z,2026-09-23 15:32:50,2026-09-23 22:32:50,2026-09-24,1,"Ruta 2-A: Clásico Diseñada",600,600,0,1000,0
2026-09-23T20:32:50.447Z,2026-09-23 15:32:50,2026-09-23 22:32:50,2026-09-25,2,"Ruta 1-A: Montaña Machupicchu",50,1,49,331,669
2026-09-23T20:32:50.447Z,2026-09-23 15:32:50,2026-09-23 22:32:50,2026-09-25,2,"Ruta 2-A: Clásico Diseñada",600,231,369,331,669
2026-09-23T20:36:34.967Z,2026-09-23 15:36:34,2026-09-23 22:36:34,2026-09-24,1,"Ruta 1-A: Montaña Machupicchu",50,50,0,1000,0
2026-09-23T20:36:34.967Z,2026-09-23 15:36:34,2026-09-23 22:36:34,2026-09-24,1,"Ruta 2-A: Clásico Diseñada",600,600,0,1000,0
2026-09-23T20:36:34.967Z,2026-09-23 15:36:34,2026-09-23 22:36:34,2026-09-25,2,"Ruta 1-A: Montaña Machupicchu",50,1,49,336,664
2026-09-23T20:36:34.967Z,2026-09-23 15:36:34,2026-09-23 22:36:34,2026-09-25,2,"Ruta 2-A: Clásico Diseñada",600,242,358,336,664
2026-09-23T20:48:09.207Z,2026-09-23 15:48:09,2026-09-23 22:48:09,2026-09-24,1,"Ruta 1-A: Montaña Machupicchu",50,50,0,1000,0
2026-09-23T20:48:09.207Z,2026-09-23 15:48:09,2026-09-23 22:48:09,2026-09-24,1,"Ruta 2-A: Clásico Diseñada",600,600,0,1000,0
2026-09-23T20:48:09.207Z,2026-09-23 15:48:09,2026-09-23 22:48:09,2026-09-25,2,"Ruta 1-A: Montaña Machupicchu",50,1,49,349,651
2026-09-23T20:48:09.207Z,2026-09-23 15:48:09,2026-09-23 22:48:09,2026-09-25,2,"Ruta 2-A: Clásico Diseñada",600,258,342,349,651
2026-09-23T20:55:31.607Z,2026-09-23 15:55:31,2026-09-23 22:55:31,2026-09-24,1,"Ruta 1-A: Montaña Machupicchu",50,50,0,1000,0
2026-09-23T20:55:31.607Z,2026-09-23 15:55:31,2026-09-23 22:55:31,2026-09-24,1,"Ruta 2-A: Clásico Diseñada",600,600,0,1000,0
2026-09-23T20:55:31.607Z,2026-09-23 15:55:31,2026-09-23 22:55:31,2026-09-25,2,"Ruta 1-A: Montaña Machupicchu",50,1,49,349,651
2026-09-23T20:55:31.607Z,2026-09-23 15:55:31,2026-09-23 22:55:31,2026-09-25,2,"Ruta 2-A: Clásico Diseñada",600,265,335,349,651
2026-09-23T21:02:00.994Z,2026-09-23 16:02:00,2026-09-23 23:02:00,2026-09-24,1,"Ruta 1-A: Montaña Machupicchu",50,50,0,1000,0
2026-09-23T21:02:00.994Z,2026-09-23 16:02:00,2026-09-23 23:02:00,2026-09-24,1,"Ruta 2-A: Clásico Diseñada",600,600,0,1000,0
2026-09-23T21:02:00.994Z,2026-09-23 16:02:00,2026-09-23 23:02:00,2026-09-25,2,"Ruta 1-A: Montaña Machupicchu",50,1,49,352,648
2026-09-23T21:02:00.994Z,2026-09-23 16:02:00,2026-09-23 23:02:00,2026-09-25,2,"Ruta 2-A: Clásico Diseñada",600,265,335,352,648
2026-09-23T21:06:35.235Z,2026-09-23 16:06:35,2026-09-23 23:06:35,2026-09-24,1,"Ruta 1-A: Montaña Machupicchu",50,50,0,1000,0
2026-09-23T21:06:35.235Z,2026-09-23 16:06:35,2026-09-23 23:06:35,2026-09-24,1,"Ruta 2-A: Clásico Diseñada",600,600,0,1000,0
2026-09-23T21:06:35.235Z,2026-09-23 16:06:35,2026-09-23 23:06:35,2026-09-25,2,"Ruta 1-A: Montaña Machupicchu",50,1,49,353,647
2026-09-23T21:06:35.235Z,2026-09-23 16:06:35,2026-09-23 23:06:35,2026-09-25,2,"Ruta 2-A: Clásico Diseñada",600,265,335,353,647
2026-09-23T21:24:38.614Z,2026-09-23 16:24:38,2026-09-23 23:24:38,2026-09-24,1,"Ruta 1-A: Montaña Machupicchu",50,50,0,1000,0
2026-09-23T21:24:38.614Z,2026-09-23 16:24:38,2026-09-23 23:24:38,2026-09-24,1,"Ruta 2-A: Clásico Diseñada",600,600,0,1000,0
2026-09-23T21:24:38.614Z,2026-09-23 16:24:38,2026-09-23 23:24:38,2026-09-25,2,"Ruta 1-A: Montaña Machupicchu",50,1,49,357,643
2026-09-23T21:24:38.614Z,2026-09-23 16:24:38,2026-09-23 23:24:38,2026-09-25,2,"Ruta 2-A: Clásico Diseñada",600,265,335,357,643
2026-09-23T21:34:29.544Z,2026-09-23 16:34:29,2026-09-23 23:34:29,2026-09-24,1,"Ruta 1-A: Montaña Machupicchu",50,50,0,1000,0
2026-09-23T21:34:29.544Z,2026-09-23 16:34:29,2026-09-23 23:34:29,2026-09-24,1,"Ruta 2-A: Clásico Diseñada",600,600,0,1000,0
2026-09-23T21:34:29.544Z,2026-09-23 16:34:29,2026-09-23 23:34:29,2026-09-25,2,"Ruta 1-A: Montaña Machupicchu",50,1,49,363,637
2026-09-23T21:34:29.544Z,2026-09-23 16:34:29,2026-09-23 23:34:29,2026-09-25,2,"Ruta 2-A: Clásico Diseñada",600,274,326,363,637
2026-09-23T21:48:25.378Z,2026-09-23 16:48:25,2026-09-23 23:48:25,2026-09-24,1,"Ruta 1-A: Montaña Machupicchu",50,50,0,1000,0
2026-09-23T21:48:25.378Z,2026-09-23 16:48:25,2026-09-23 23:48:25,2026-09-24,1,"Ruta 2-A: Clásico Diseñada",600,600,0,1000,0
2026-09-23T21:48:25.378Z,2026-09-23 16:48:25,2026-09-23 23:48:25,2026-09-25,2,"Ruta 1-A: Montaña Machupicchu",50,1,49,366,634
2026-09-23T21:48:25.378Z,2026-09-23 16:48:25,2026-09-23 23:48:25,2026-09-25,2,"Ruta 2-A: Clásico Diseñada",600,277,323,366,634
2026-09-23T22:06:30.804Z,2026-09-23 17:06:30,2026-09-24 00:06:30,2026-09-24,1,"Ruta 1-A: Montaña Machupicchu",50,50,0,1000,0
2026-09-23T22:06:30.804Z,2026-09-23 17:06:30,2026-09-24 00:06:30,2026-09-24,1,"Ruta 2-A: Clásico Diseñada",600,600,0,1000,0
2026-09-23T22:06:30.804Z,2026-09-23 17:06:30,2026-09-24 00:06:30,2026-09-25,2,"Ruta 1-A: Montaña Machupicchu",50,1,49,368,632
2026-09-23T22:06:30.804Z,2026-09-23 17:06:30,2026-09-24 00:06:30,2026-09-25,2,"Ruta 2-A: Clásico Diseñada",600,278,322,368,632
2026-09-23T22:24:01.810Z,2026-09-23 17:24:01,2026-09-24 00:24:01,2026-09-24,1,"Ruta 1-A: Montaña Machupicchu",50,50,0,1000,0
2026-09-23T22:24:01.810Z,2026-09-23 17:24:01,2026-09-24 00:24:01,2026-09-24,1,"Ruta 2-A: Clásico Diseñada",600,600,0,1000,0
2026-09-23T22:24:01.810Z,2026-09-23 17:24:01,2026-09-24 00:24:01,2026-09-25,2,"Ruta 1-A: Montaña Machupicchu",50,1,49,383,617
2026-09-23T22:24:01.810Z,2026-09-23 17:24:01,2026-09-24 00:24:01,2026-09-25,2,"Ruta 2-A: Clásico Diseñada",600,288,312,383,617
2026-09-23T22:34:04.780Z,2026-09-23 17:34:04,2026-09-24 00:34:04,2026-09-24,1,"Ruta 1-A: Montaña Machupicchu",50,50,0,1000,0
2026-09-23T22:34:04.780Z,2026-09-23 17:34:04,2026-09-24 00:34:04,2026-09-24,1,"Ruta 2-A: Clásico Diseñada",600,600,0,1000,0
2026-09-23T22:34:04.780Z,2026-09-23 17:34:04,2026-09-24 00:34:04,2026-09-25,2,"Ruta 1-A: Montaña Machupicchu",50,1,49,390,610
2026-09-23T22:34:04.780Z,2026-09-23 17:34:04,2026-09-24 00:34:04,2026-09-25,2,"Ruta 2-A: Clásico Diseñada",600,298,302,390,610
2026-09-23T22:48:32.194Z,2026-09-23 17:48:32,2026-09-24 00:48:32,2026-09-24,1,"Ruta 1-A: Montaña Machupicchu",50,50,0,1000,0
2026-09-23T22:48:32.194Z,2026-09-23 17:48:32,2026-09-24 00:48:32,2026-09-24,1,"Ruta 2-A: Clásico Diseñada",600,600,0,1000,0
2026-09-23T22:48:32.194Z,2026-09-23 17:48:32,2026-09-24 00:48:32,2026-09-25,2,"Ruta 1-A: Montaña Machupicchu",50,1,49,393,607
2026-09-23T22:48:32.194Z,2026-09-23 17:48:32,2026-09-24 00:48:32,2026-09-25,2,"Ruta 2-A: Clásico Diseñada",600,300,300,393,607
2026-09-23T23:05:40.979Z,2026-09-23 18:05:40,2026-09-24 01:05:40,2026-09-24,1,"Ruta 1-A: Montaña Machupicchu",50,50,0,1000,0
2026-09-23T23:05:40.979Z,2026-09-23 18:05:40,2026-09-24 01:05:40,2026-09-24,1,"Ruta 2-A: Clásico Diseñada",600,600,0,1000,0
2026-09-23T23:05:40.979Z,2026-09-23 18:05:40,2026-09-24 01:05:40,2026-09-25,2,"Ruta 1-A: Montaña Machupicchu",50,3,47,394,606
2026-09-23T23:05:40.979Z,2026-09-23 18:05:40,2026-09-24 01:05:40,2026-09-25,2,"Ruta 2-A: Clásico Diseñada",600,300,300,394,606
2026-09-23T23:21:22.861Z,2026-09-23 18:21:22,2026-09-24 01:21:22,2026-09-24,1,"Ruta 1-A: Montaña Machupicchu",50,50,0,1000,0
2026-09-23T23:21:22.861Z,2026-09-23 18:21:22,2026-09-24 01:21:22,2026-09-24,1,"Ruta 2-A: Clásico Diseñada",600,600,0,1000,0
2026-09-23T23:21:22.861Z,2026-09-23 18:21:22,2026-09-24 01:21:22,2026-09-25,2,"Ruta 1-A: Montaña Machupicchu",50,3,47,399,601
2026-09-23T23:21:22.861Z,2026-09-23 18:21:22,2026-09-24 01:21:22,2026-09-25,2,"Ruta 2-A: Clásico Diseñada",600,303,297,399,601
2026-09-23T23:34:04.802Z,2026-09-23 18:34:04,2026-09-24 01:34:04,2026-09-24,1,"Ruta 1-A: Montaña Machupicchu",50,50,0,1000,0
2026-09-23T23:34:04.802Z,2026-09-23 18:34:04,2026-09-24 01:34:04,2026-09-24,1,"Ruta 2-A: Clásico Diseñada",600,600,0,1000,0
2026-09-23T23:34:04.802Z,2026-09-23 18:34:04,2026-09-24 01:34:04,2026-09-25,2,"Ruta 1-A: Montaña Machupicchu",50,3,47,399,601
2026-09-23T23:34:04.802Z,2026-09-23 18:34:04,2026-09-24 01:34:04,2026-09-25,2,"Ruta 2-A: Clásico Diseñada",600,305,295,399,601
2026-09-23T23:48:13.330Z,2026-09-23 18:48:13,2026-09-24 01:48:13,2026-09-24,1,"Ruta 1-A: Montaña Machupicchu",50,50,0,1000,0
2026-09-23T23:48:13.330Z,2026-09-23 18:48:13,2026-09-24 01:48:13,2026-09-24,1,"Ruta 2-A: Clásico Diseñada",600,600,0,1000,0
2026-09-23T23:48:13.330Z,2026-09-23 18:48:13,2026-09-24 01:48:13,2026-09-25,2,"Ruta 1-A: Montaña Machupicchu",50,3,47,406,594
2026-09-23T23:48:13.330Z,2026-09-23 18:48:13,2026-09-24 01:48:13,2026-09-25,2,"Ruta 2-A: Clásico Diseñada",600,305,295,406,594
2026-09-24T00:14:35.133Z,2026-09-23 19:14:35,2026-09-24 02:14:35,2026-09-25,2,"Ruta 1-A: Montaña Machupicchu",50,3,47,449,551
2026-09-24T00:14:35.133Z,2026-09-23 19:14:35,2026-09-24 02:14:35,2026-09-25,2,"Ruta 2-A: Clásico Diseñada",600,328,272,449,551
2026-09-24T01:01:32.341Z,2026-09-23 20:01:32,2026-09-24 03:01:32,2026-09-25,2,"Ruta 1-A: Montaña Machupicchu",50,3,47,458,542
2026-09-24T01:01:32.341Z,2026-09-23 20:01:32,2026-09-24 03:01:32,2026-09-25,2,"Ruta 2-A: Clásico Diseñada",600,350,250,458,542
2026-09-24T01:31:59.691Z,2026-09-23 20:31:59,2026-09-24 03:31:59,2026-09-25,2,"Ruta 1-A: Montaña Machupicchu",50,3,47,467,533
2026-09-24T01:31:59.691Z,2026-09-23 20:31:59,2026-09-24 03:31:59,2026-09-25,2,"Ruta 2-A: Clásico Diseñada",600,356,244,467,533
2026-09-24T01:58:15.183Z,2026-09-23 20:58:15,2026-09-24 03:58:15,2026-09-25,2,"Ruta 1-A: Montaña Machupicchu",50,3,47,480,520
2026-09-24T01:58:15.183Z,2026-09-23 20:58:15,2026-09-24 03:58:15,2026-09-25,2,"Ruta 2-A: Clásico Diseñada",600,357,243,480,520
2026-09-24T02:19:19.926Z,2026-09-23 21:19:19,2026-09-24 04:19:19,2026-09-25,2,"Ruta 1-A: Montaña Machupicchu",50,3,47,480,520
2026-09-24T02:19:19.926Z,2026-09-23 21:19:19,2026-09-24 04:19:19,2026-09-25,2,"Ruta 2-A: Clásico Diseñada",600,357,243,480,520
2026-09-24T02:42:47.770Z,2026-09-23 21:42:47,2026-09-24 04:42:47,2026-09-25,2,"Ruta 1-A: Montaña Machupicchu",50,3,47,482,518
2026-09-24T02:42:47.770Z,2026-09-23 21:42:47,2026-09-24 04:42:47,2026-09-25,2,"Ruta 2-A: Clásico Diseñada",600,358,242,482,518
2026-09-24T02:54:27.400Z,2026-09-23 21:54:27,2026-09-24 04:54:27,2026-09-25,2,"Ruta 1-A: Montaña Machupicchu",50,3,47,492,508
2026-09-24T02:54:27.400Z,2026-09-23 21:54:27,2026-09-24 04:54:27,2026-09-25,2,"Ruta 2-A: Clásico Diseñada",600,358,242,492,508
2026-09-24T03:07:43.444Z,2026-09-23 22:07:43,2026-09-24 05:07:43,2026-09-25,2,"Ruta 1-A: Montaña Machupicchu",50,3,47,554,446
2026-09-24T03:07:43.444Z,2026-09-23 22:07:43,2026-09-24 05:07:43,2026-09-25,2,"Ruta 2-A: Clásico Diseñada",600,375,225,554,446
2026-09-24T03:30:12.165Z,2026-09-23 22:30:12,2026-09-24 05:30:12,2026-09-25,2,"Ruta 1-A: Montaña Machupicchu",50,3,47,589,411
2026-09-24T03:30:12.165Z,2026-09-23 22:30:12,2026-09-24 05:30:12,2026-09-25,2,"Ruta 2-A: Clásico Diseñada",600,447,153,589,411
2026-09-24T03:46:43.316Z,2026-09-23 22:46:43,2026-09-24 05:46:43,2026-09-25,2,"Ruta 1-A: Montaña Machupicchu",50,3,47,589,411
2026-09-24T03:46:43.316Z,2026-09-23 22:46:43,2026-09-24 05:46:43,2026-09-25,2,"Ruta 2-A: Clásico Diseñada",600,447,153,589,411
2026-09-24T04:07:26.514Z,2026-09-23 23:07:26,2026-09-24 06:07:26,2026-09-25,2,"Ruta 1-A: Montaña Machupicchu",50,3,47,589,411
2026-09-24T04:07:26.514Z,2026-09-23 23:07:26,2026-09-24 06:07:26,2026-09-25,2,"Ruta 2-A: Clásico Diseñada",600,447,153,589,411
2026-09-24T04:30:07.699Z,2026-09-23 23:30:07,2026-09-24 06:30:07,2026-09-25,2,"Ruta 1-A: Montaña Machupicchu",50,3,47,589,411
2026-09-24T04:30:07.699Z,2026-09-23 23:30:07,2026-09-24 06:30:07,2026-09-25,2,"Ruta 2-A: Clásico Diseñada",600,447,153,589,411
2026-09-24T04:46:02.136Z,2026-09-23 23:46:02,2026-09-24 06:46:02,2026-09-25,2,"Ruta 1-A: Montaña Machupicchu",50,3,47,589,411
2026-09-24T04:46:02.136Z,2026-09-23 23:46:02,2026-09-24 06:46:02,2026-09-25,2,"Ruta 2-A: Clásico Diseñada",600,447,153,589,411
2026-09-24T04:54:03.431Z,2026-09-23 23:54:03,2026-09-24 06:54:03,2026-09-25,2,"Ruta 1-A: Montaña Machupicchu",50,3,47,589,411
2026-09-24T04:54:03.431Z,2026-09-23 23:54:03,2026-09-24 06:54:03,2026-09-25,2,"Ruta 2-A: Clásico Diseñada",600,447,153,589,411
2026-09-24T05:07:07.853Z,2026-09-24 00:07:07,2026-09-24 07:07:07,2026-09-25,1,"Ruta 1-A: Montaña Machupicchu",50,3,47,589,411
2026-09-24T05:07:07.853Z,2026-09-24 00:07:07,2026-09-24 07:07:07,2026-09-25,1,"Ruta 2-A: Clásico Diseñada",600,447,153,589,411
2026-09-24T05:26:49.146Z,2026-09-24 00:26:49,2026-09-24 07:26:49,2026-09-25,1,"Ruta 1-A: Montaña Machupicchu",50,3,47,589,411
2026-09-24T05:26:49.146Z,2026-09-24 00:26:49,2026-09-24 07:26:49,2026-09-25,1,"Ruta 2-A: Clásico Diseñada",600,447,153,589,411
2026-09-24T05:37:45.491Z,2026-09-24 00:37:45,2026-09-24 07:37:45,2026-09-25,1,"Ruta 1-A: Montaña Machupicchu",50,3,47,589,411
2026-09-24T05:37:45.491Z,2026-09-24 00:37:45,2026-09-24 07:37:45,2026-09-25,1,"Ruta 2-A: Clásico Diseñada",600,447,153,589,411
2026-09-24T05:49:48.169Z,2026-09-24 00:49:48,2026-09-24 07:49:48,2026-09-25,1,"Ruta 1-A: Montaña Machupicchu",50,3,47,589,411
2026-09-24T05:49:48.169Z,2026-09-24 00:49:48,2026-09-24 07:49:48,2026-09-25,1,"Ruta 2-A: Clásico Diseñada",600,447,153,589,411
2026-09-24T06:10:33.685Z,2026-09-24 01:10:33,2026-09-24 08:10:33,2026-09-25,1,"Ruta 1-A: Montaña Machupicchu",50,3,47,589,411
2026-09-24T06:10:33.685Z,2026-09-24 01:10:33,2026-09-24 08:10:33,2026-09-25,1,"Ruta 2-A: Clásico Diseñada",600,447,153,589,411
2026-09-24T06:41:14.974Z,2026-09-24 01:41:14,2026-09-24 08:41:14,2026-09-25,1,"Ruta 1-A: Montaña Machupicchu",50,3,47,589,411
2026-09-24T06:41:14.974Z,2026-09-24 01:41:14,2026-09-24 08:41:14,2026-09-25,1,"Ruta 2-A: Clásico Diseñada",600,447,153,589,411
2026-09-24T07:01:33.343Z,2026-09-24 02:01:33,2026-09-24 09:01:33,2026-09-25,1,"Ruta 1-A: Montaña Machupicchu",50,3,47,589,411
2026-09-24T07:01:33.343Z,2026-09-24 02:01:33,2026-09-24 09:01:33,2026-09-25,1,"Ruta 2-A: Clásico Diseñada",600,447,153,589,411
2026-09-24T07:26:25.007Z,2026-09-24 02:26:25,2026-09-24 09:26:25,2026-09-25,1,"Ruta 1-A: Montaña Machupicchu",50,3,47,589,411
2026-09-24T07:26:25.007Z,2026-09-24 02:26:25,2026-09-24 09:26:25,2026-09-25,1,"Ruta 2-A: Clásico Diseñada",600,447,153,589,411
2026-09-24T07:39:30.979Z,2026-09-24 02:39:30,2026-09-24 09:39:30,2026-09-25,1,"Ruta 1-A: Montaña Machupicchu",50,3,47,589,411
2026-09-24T07:39:30.979Z,2026-09-24 02:39:30,2026-09-24 09:39:30,2026-09-25,1,"Ruta 2-A: Clásico Diseñada",600,447,153,589,411
2026-09-24T07:50:38.997Z,2026-09-24 02:50:38,2026-09-24 09:50:38,2026-09-25,1,"Ruta 1-A: Montaña Machupicchu",50,3,47,589,411
2026-09-24T07:50:38.997Z,2026-09-24 02:50:38,2026-09-24 09:50:38,2026-09-25,1,"Ruta 2-A: Clásico Diseñada",600,447,153,589,411
2026-09-24T08:35:06.844Z,2026-09-24 03:35:06,2026-09-24 10:35:06,2026-09-25,1,"Ruta 1-A: Montaña Machupicchu",50,3,47,589,411
2026-09-24T08:35:06.844Z,2026-09-24 03:35:06,2026-09-24 10:35:06,2026-09-25,1,"Ruta 2-A: Clásico Diseñada",600,447,153,589,411
2026-09-24T08:53:58.161Z,2026-09-24 03:53:58,2026-09-24 10:53:58,2026-09-25,1,"Ruta 1-A: Montaña Machupicchu",50,3,47,589,411
2026-09-24T08:53:58.161Z,2026-09-24 03:53:58,2026-09-24 10:53:58,2026-09-25,1,"Ruta 2-A: Clásico Diseñada",600,447,153,589,411
2026-09-24T09:07:04.418Z,2026-09-24 04:07:04,2026-09-24 11:07:04,2026-09-25,1,"Ruta 1-A: Montaña Machupicchu",50,3,47,589,411
2026-09-24T09:07:04.418Z,2026-09-24 04:07:04,2026-09-24 11:07:04,2026-09-25,1,"Ruta 2-A: Clásico Diseñada",600,447,153,589,411
2026-09-24T09:29:03.877Z,2026-09-24 04:29:03,2026-09-24 11:29:03,2026-09-25,1,"Ruta 1-A: Montaña Machupicchu",50,3,47,589,411
2026-09-24T09:29:03.877Z,2026-09-24 04:29:03,2026-09-24 11:29:03,2026-09-25,1,"Ruta 2-A: Clásico Diseñada",600,447,153,589,411
2026-09-24T09:42:52.026Z,2026-09-24 04:42:52,2026-09-24 11:42:52,2026-09-25,1,"Ruta 1-A: Montaña Machupicchu",50,3,47,589,411
2026-09-24T09:42:52.026Z,2026-09-24 04:42:52,2026-09-24 11:42:52,2026-09-25,1,"Ruta 2-A: Clásico Diseñada",600,447,153,589,411
2026-09-24T09:50:32.565Z,2026-09-24 04:50:32,2026-09-24 11:50:32,2026-09-25,1,"Ruta 1-A: Montaña Machupicchu",50,3,47,589,411
2026-09-24T09:50:32.565Z,2026-09-24 04:50:32,2026-09-24 11:50:32,2026-09-25,1,"Ruta 2-A: Clásico Diseñada",600,447,153,589,411
2026-09-24T10:07:34.136Z,2026-09-24 05:07:34,2026-09-24 12:07:34,2026-09-25,1,"Ruta 1-A: Montaña Machupicchu",50,3,47,589,411
2026-09-24T10:07:34.136Z,2026-09-24 05:07:34,2026-09-24 12:07:34,2026-09-25,1,"Ruta 2-A: Clásico Diseñada",600,447,153,589,411
2026-09-24T10:27:36.547Z,2026-09-24 05:27:36,2026-09-24 12:27:36,2026-09-25,1,"Ruta 1-A: Montaña Machupicchu",50,3,47,589,411
2026-09-24T10:27:36.547Z,2026-09-24 05:27:36,2026-09-24 12:27:36,2026-09-25,1,"Ruta 2-A: Clásico Diseñada",600,447,153,589,411
2026-09-24T10:38:38.492Z,2026-09-24 05:38:38,2026-09-24 12:38:38,2026-09-25,1,"Ruta 1-A: Montaña Machupicchu",50,3,47,589,411
2026-09-24T10:38:38.492Z,2026-09-24 05:38:38,2026-09-24 12:38:38,2026-09-25,1,"Ruta 2-A: Clásico Diseñada",600,447,153,589,411
2026-09-24T10:49:17.873Z,2026-09-24 05:49:17,2026-09-24 12:49:17,2026-09-25,1,"Ruta 1-A: Montaña Machupicchu",50,3,47,589,411
2026-09-24T10:49:17.873Z,2026-09-24 05:49:17,2026-09-24 12:49:17,2026-09-25,1,"Ruta 2-A: Clásico Diseñada",600,447,153,589,411
2026-09-24T11:06:35.746Z,2026-09-24 06:06:35,2026-09-24 13:06:35,2026-09-25,1,"Ruta 1-A: Montaña Machupicchu",50,3,47,614,386
2026-09-24T11:06:35.746Z,2026-09-24 06:06:35,2026-09-24 13:06:35,2026-09-25,1,"Ruta 2-A: Clásico Diseñada",600,453,147,614,386
2026-09-24T11:25:22.381Z,2026-09-24 06:25:22,2026-09-24 13:25:22,2026-09-25,1,"Ruta 1-A: Montaña Machupicchu",50,3,47,670,330
2026-09-24T11:25:22.381Z,2026-09-24 06:25:22,2026-09-24 13:25:22,2026-09-25,1,"Ruta 2-A: Clásico Diseñada",600,490,110,670,330
2026-09-24T11:36:09.706Z,2026-09-24 06:36:09,2026-09-24 13:36:09,2026-09-25,1,"Ruta 1-A: Montaña Machupicchu",50,3,47,673,327
2026-09-24T11:36:09.706Z,2026-09-24 06:36:09,2026-09-24 13:36:09,2026-09-25,1,"Ruta 2-A: Clásico Diseñada",600,503,97,673,327
2026-09-24T11:48:14.150Z,2026-09-24 06:48:14,2026-09-24 13:48:14,2026-09-25,1,"Ruta 1-A: Montaña Machupicchu",50,3,47,710,290
2026-09-24T11:48:14.150Z,2026-09-24 06:48:14,2026-09-24 13:48:14,2026-09-25,1,"Ruta 2-A: Clásico Diseñada",600,519,81,710,290
2026-09-24T12:09:32.038Z,2026-09-24 07:09:32,2026-09-24 14:09:32,2026-09-25,1,"Ruta 1-A: Montaña Machupicchu",50,3,47,780,220
2026-09-24T12:09:32.038Z,2026-09-24 07:09:32,2026-09-24 14:09:32,2026-09-25,1,"Ruta 2-A: Clásico Diseñada",600,560,40,780,220
2026-09-24T12:37:41.994Z,2026-09-24 07:37:41,2026-09-24 14:37:41,2026-09-25,1,"Ruta 1-A: Montaña Machupicchu",50,3,47,818,182
2026-09-24T12:37:41.994Z,2026-09-24 07:37:41,2026-09-24 14:37:41,2026-09-25,1,"Ruta 2-A: Clásico Diseñada",600,600,0,818,182
2026-09-24T12:56:45.576Z,2026-09-24 07:56:45,2026-09-24 14:56:45,2026-09-25,1,"Ruta 1-A: Montaña Machupicchu",50,3,47,845,155
2026-09-24T12:56:45.576Z,2026-09-24 07:56:45,2026-09-24 14:56:45,2026-09-25,1,"Ruta 2-A: Clásico Diseñada",600,600,0,845,155
2026-09-24T13:27:04.784Z,2026-09-24 08:27:04,2026-09-24 15:27:04,2026-09-25,1,"Ruta 1-A: Montaña Machupicchu",50,3,47,887,113
2026-09-24T13:27:04.784Z,2026-09-24 08:27:04,2026-09-24 15:27:04,2026-09-25,1,"Ruta 2-A: Clásico Diseñada",600,600,0,887,113
2026-09-24T13:38:57.347Z,2026-09-24 08:38:57,2026-09-24 15:38:57,2026-09-25,1,"Ruta 1-A: Montaña Machupicchu",50,4,46,919,81
2026-09-24T13:38:57.347Z,2026-09-24 08:38:57,2026-09-24 15:38:57,2026-09-25,1,"Ruta 2-A: Clásico Diseñada",600,600,0,919,81
2026-09-24T13:50:05.645Z,2026-09-24 08:50:05,2026-09-24 15:50:05,2026-09-25,1,"Ruta 1-A: Montaña Machupicchu",50,6,44,922,78
2026-09-24T13:50:05.645Z,2026-09-24 08:50:05,2026-09-24 15:50:05,2026-09-25,1,"Ruta 2-A: Clásico Diseñada",600,600,0,922,78
2026-09-24T14:07:36.279Z,2026-09-24 09:07:36,2026-09-24 16:07:36,2026-09-25,1,"Ruta 1-A: Montaña Machupicchu",50,9,41,935,65
2026-09-24T14:07:36.279Z,2026-09-24 09:07:36,2026-09-24 16:07:36,2026-09-25,1,"Ruta 2-A: Clásico Diseñada",600,600,0,935,65
2026-09-24T14:28:50.323Z,2026-09-24 09:28:50,2026-09-24 16:28:50,2026-09-25,1,"Ruta 1-A: Montaña Machupicchu",50,12,38,949,51
2026-09-24T14:28:50.323Z,2026-09-24 09:28:50,2026-09-24 16:28:50,2026-09-25,1,"Ruta 2-A: Clásico Diseñada",600,600,0,949,51
2026-09-24T14:42:31.952Z,2026-09-24 09:42:31,2026-09-24 16:42:31,2026-09-25,1,"Ruta 1-A: Montaña Machupicchu",50,16,34,957,43
2026-09-24T14:42:31.952Z,2026-09-24 09:42:31,2026-09-24 16:42:31,2026-09-25,1,"Ruta 2-A: Clásico Diseñada",600,600,0,957,43
2026-09-24T14:52:13.023Z,2026-09-24 09:52:13,2026-09-24 16:52:13,2026-09-25,1,"Ruta 1-A: Montaña Machupicchu",50,16,34,957,43
2026-09-24T14:52:13.023Z,2026-09-24 09:52:13,2026-09-24 16:52:13,2026-09-25,1,"Ruta 2-A: Clásico Diseñada",600,600,0,957,43
2026-09-24T15:27:08.073Z,2026-09-24 10:27:08,2026-09-24 17:27:08,2026-09-25,1,"Ruta 1-A: Montaña Machupicchu",50,17,33,960,40
2026-09-24T15:27:08.073Z,2026-09-24 10:27:08,2026-09-24 17:27:08,2026-09-25,1,"Ruta 2-A: Clásico Diseñada",600,600,0,960,40
2026-09-24T15:38:23.503Z,2026-09-24 10:38:23,2026-09-24 17:38:23,2026-09-25,1,"Ruta 1-A: Montaña Machupicchu",50,18,32,962,38
2026-09-24T15:38:23.503Z,2026-09-24 10:38:23,2026-09-24 17:38:23,2026-09-25,1,"Ruta 2-A: Clásico Diseñada",600,600,0,962,38
2026-09-24T15:50:13.669Z,2026-09-24 10:50:13,2026-09-24 17:50:13,2026-09-25,1,"Ruta 1-A: Montaña Machupicchu",50,18,32,964,36
2026-09-24T15:50:13.669Z,2026-09-24 10:50:13,2026-09-24 17:50:13,2026-09-25,1,"Ruta 2-A: Clásico Diseñada",600,600,0,964,36
2026-09-24T16:07:27.233Z,2026-09-24 11:07:27,2026-09-24 18:07:27,2026-09-25,1,"Ruta 1-A: Montaña Machupicchu",50,21,29,968,32
2026-09-24T16:07:27.233Z,2026-09-24 11:07:27,2026-09-24 18:07:27,2026-09-25,1,"Ruta 2-A: Clásico Diseñada",600,600,0,968,32
2026-09-24T16:29:46.010Z,2026-09-24 11:29:46,2026-09-24 18:29:46,2026-09-25,1,"Ruta 1-A: Montaña Machupicchu",50,26,24,975,25
2026-09-24T16:29:46.010Z,2026-09-24 11:29:46,2026-09-24 18:29:46,2026-09-25,1,"Ruta 2-A: Clásico Diseñada",600,600,0,975,25
2026-09-24T16:43:34.818Z,2026-09-24 11:43:34,2026-09-24 18:43:34,2026-09-25,1,"Ruta 1-A: Montaña Machupicchu",50,26,24,978,22
2026-09-24T16:43:34.818Z,2026-09-24 11:43:34,2026-09-24 18:43:34,2026-09-25,1,"Ruta 2-A: Clásico Diseñada",600,600,0,978,22
2026-09-24T16:51:36.920Z,2026-09-24 11:51:36,2026-09-24 18:51:36,2026-09-25,1,"Ruta 1-A: Montaña Machupicchu",50,28,22,978,22
2026-09-24T16:51:36.920Z,2026-09-24 11:51:36,2026-09-24 18:51:36,2026-09-25,1,"Ruta 2-A: Clásico Diseñada",600,600,0,978,22
2026-09-24T17:06:36.635Z,2026-09-24 12:06:36,2026-09-24 19:06:36,2026-09-25,1,"Ruta 1-A: Montaña Machupicchu",50,34,16,989,11
2026-09-24T17:06:36.635Z,2026-09-24 12:06:36,2026-09-24 19:06:36,2026-09-25,1,"Ruta 2-A: Clásico Diseñada",600,600,0,989,11
2026-09-24T17:24:33.563Z,2026-09-24 12:24:33,2026-09-24 19:24:33,2026-09-25,1,"Ruta 1-A: Montaña Machupicchu",50,35,15,995,5
2026-09-24T17:24:33.563Z,2026-09-24 12:24:33,2026-09-24 19:24:33,2026-09-25,1,"Ruta 2-A: Clásico Diseñada",600,600,0,995,5
2026-09-24T17:34:44.623Z,2026-09-24 12:34:44,2026-09-24 19:34:44,2026-09-25,1,"Ruta 1-A: Montaña Machupicchu",50,36,14,1000,0
2026-09-24T17:34:44.623Z,2026-09-24 12:34:44,2026-09-24 19:34:44,2026-09-25,1,"Ruta 2-A: Clásico Diseñada",600,600,0,1000,0
2026-09-24T17:48:23.947Z,2026-09-24 12:48:23,2026-09-24 19:48:23,2026-09-25,1,"Ruta 1-A: Montaña Machupicchu",50,44,6,1000,0
2026-09-24T17:48:23.947Z,2026-09-24 12:48:23,2026-09-24 19:48:23,2026-09-25,1,"Ruta 2-A: Clásico Diseñada",600,600,0,1000,0
2026-09-24T18:06:57.974Z,2026-09-24 13:06:57,2026-09-24 20:06:57,2026-09-25,1,"Ruta 1-A: Montaña Machupicchu",50,49,1,1000,0
2026-09-24T18:06:57.974Z,2026-09-24 13:06:57,2026-09-24 20:06:57,2026-09-25,1,"Ruta 2-A: Clásico Diseñada",600,600,0,1000,0
2026-09-24T18:29:45.300Z,2026-09-24 13:29:45,2026-09-24 20:29:45,2026-09-25,1,"Ruta 1-A: Montaña Machupicchu",50,50,0,1000,0
2026-09-24T18:29:45.300Z,2026-09-24 13:29:45,2026-09-24 20:29:45,2026-09-25,1,"Ruta 2-A: Clásico Diseñada",600,600,0,1000,0
2026-09-24T18:31:26.633Z,2026-09-24 13:31:26,2026-09-24 20:31:26,2026-09-25,1,"Ruta 1-A: Montaña Machupicchu",50,50,0,1000,0
2026-09-24T18:31:26.633Z,2026-09-24 13:31:26,2026-09-24 20:31:26,2026-09-25,1,"Ruta 2-A: Clásico Diseñada",600,600,0,1000,0
2026-09-24T18:45:27.752Z,2026-09-24 13:45:27,2026-09-24 20:45:27,2026-09-25,1,"Ruta 1-A: Montaña Machupicchu",50,50,0,1000,0
2026-09-24T18:45:27.752Z,2026-09-24 13:45:27,2026-09-24 20:45:27,2026-09-25,1,"Ruta 2-A: Clásico Diseñada",600,600,0,1000,0
2026-09-24T18:53:33.194Z,2026-09-24 13:53:33,2026-09-24 20:53:33,2026-09-25,1,"Ruta 1-A: Montaña Machupicchu",50,50,0,1000,0
2026-09-24T18:53:33.194Z,2026-09-24 13:53:33,2026-09-24 20:53:33,2026-09-25,1,"Ruta 2-A: Clásico Diseñada",600,600,0,1000,0
2026-09-24T19:00:07.131Z,2026-09-24 14:00:07,2026-09-24 21:00:07,2026-09-25,1,"Ruta 1-A: Montaña Machupicchu",50,50,0,1000,0
2026-09-24T19:00:07.131Z,2026-09-24 14:00:07,2026-09-24 21:00:07,2026-09-25,1,"Ruta 2-A: Clásico Diseñada",600,600,0,1000,0
2026-09-24T19:00:07.131Z,2026-09-24 14:00:07,2026-09-24 21:00:07,2026-09-26,2,"Ruta 1-A: Montaña Machupicchu",50,0,50,3,997
2026-09-24T19:00:07.131Z,2026-09-24 14:00:07,2026-09-24 21:00:07,2026-09-26,2,"Ruta 2-A: Clásico Diseñada",600,0,600,3,997
2026-09-24T19:06:13.751Z,2026-09-24 14:06:13,2026-09-24 21:06:13,2026-09-25,1,"Ruta 1-A: Montaña Machupicchu",50,50,0,1000,0
2026-09-24T19:06:13.751Z,2026-09-24 14:06:13,2026-09-24 21:06:13,2026-09-25,1,"Ruta 2-A: Clásico Diseñada",600,600,0,1000,0
2026-09-24T19:06:13.751Z,2026-09-24 14:06:13,2026-09-24 21:06:13,2026-09-26,2,"Ruta 1-A: Montaña Machupicchu",50,0,50,9,991
2026-09-24T19:06:13.751Z,2026-09-24 14:06:13,2026-09-24 21:06:13,2026-09-26,2,"Ruta 2-A: Clásico Diseñada",600,2,598,9,991
2026-09-24T19:18:17.678Z,2026-09-24 14:18:17,2026-09-24 21:18:17,2026-09-25,1,"Ruta 1-A: Montaña Machupicchu",50,50,0,1000,0
2026-09-24T19:18:17.678Z,2026-09-24 14:18:17,2026-09-24 21:18:17,2026-09-25,1,"Ruta 2-A: Clásico Diseñada",600,600,0,1000,0
2026-09-24T19:18:17.678Z,2026-09-24 14:18:17,2026-09-24 21:18:17,2026-09-26,2,"Ruta 1-A: Montaña Machupicchu",50,0,50,53,947
2026-09-24T19:18:17.678Z,2026-09-24 14:18:17,2026-09-24 21:18:17,2026-09-26,2,"Ruta 2-A: Clásico Diseñada",600,21,579,53,947
2026-09-24T19:22:58.593Z,2026-09-24 14:22:58,2026-09-24 21:22:58,2026-09-25,1,"Ruta 1-A: Montaña Machupicchu",50,50,0,1000,0
2026-09-24T19:22:58.593Z,2026-09-24 14:22:58,2026-09-24 21:22:58,2026-09-25,1,"Ruta 2-A: Clásico Diseñada",600,600,0,1000,0
2026-09-24T19:22:58.593Z,2026-09-24 14:22:58,2026-09-24 21:22:58,2026-09-26,2,"Ruta 1-A: Montaña Machupicchu",50,0,50,69,931
2026-09-24T19:22:58.593Z,2026-09-24 14:22:58,2026-09-24 21:22:58,2026-09-26,2,"Ruta 2-A: Clásico Diseñada",600,21,579,69,931
2026-09-24T19:27:59.671Z,2026-09-24 14:27:59,2026-09-24 21:27:59,2026-09-25,1,"Ruta 1-A: Montaña Machupicchu",50,50,0,1000,0
2026-09-24T19:27:59.671Z,2026-09-24 14:27:59,2026-09-24 21:27:59,2026-09-25,1,"Ruta 2-A: Clásico Diseñada",600,600,0,1000,0
2026-09-24T19:27:59.671Z,2026-09-24 14:27:59,2026-09-24 21:27:59,2026-09-26,2,"Ruta 1-A: Montaña Machupicchu",50,0,50,90,910
2026-09-24T19:27:59.671Z,2026-09-24 14:27:59,2026-09-24 21:27:59,2026-09-26,2,"Ruta 2-A: Clásico Diseñada",600,26,574,90,910
2026-09-24T19:33:53.316Z,2026-09-24 14:33:53,2026-09-24 21:33:53,2026-09-25,1,"Ruta 1-A: Montaña Machupicchu",50,50,0,1000,0
2026-09-24T19:33:53.316Z,2026-09-24 14:33:53,2026-09-24 21:33:53,2026-09-25,1,"Ruta 2-A: Clásico Diseñada",600,600,0,1000,0
2026-09-24T19:33:53.316Z,2026-09-24 14:33:53,2026-09-24 21:33:53,2026-09-26,2,"Ruta 1-A: Montaña Machupicchu",50,0,50,121,879
2026-09-24T19:33:53.316Z,2026-09-24 14:33:53,2026-09-24 21:33:53,2026-09-26,2,"Ruta 2-A: Clásico Diseñada",600,38,562,121,879
2026-09-24T19:35:44.544Z,2026-09-24 14:35:44,2026-09-24 21:35:44,2026-09-25,1,"Ruta 1-A: Montaña Machupicchu",50,50,0,1000,0
2026-09-24T19:35:44.544Z,2026-09-24 14:35:44,2026-09-24 21:35:44,2026-09-25,1,"Ruta 2-A: Clásico Diseñada",600,600,0,1000,0
2026-09-24T19:35:44.544Z,2026-09-24 14:35:44,2026-09-24 21:35:44,2026-09-26,2,"Ruta 1-A: Montaña Machupicchu",50,0,50,133,867
2026-09-24T19:35:44.544Z,2026-09-24 14:35:44,2026-09-24 21:35:44,2026-09-26,2,"Ruta 2-A: Clásico Diseñada",600,42,558,133,867
2026-09-24T19:42:54.621Z,2026-09-24 14:42:54,2026-09-24 21:42:54,2026-09-25,1,"Ruta 1-A: Montaña Machupicchu",50,50,0,1000,0
2026-09-24T19:42:54.621Z,2026-09-24 14:42:54,2026-09-24 21:42:54,2026-09-25,1,"Ruta 2-A: Clásico Diseñada",600,600,0,1000,0
2026-09-24T19:42:54.621Z,2026-09-24 14:42:54,2026-09-24 21:42:54,2026-09-26,2,"Ruta 1-A: Montaña Machupicchu",50,0,50,148,852
2026-09-24T19:42:54.621Z,2026-09-24 14:42:54,2026-09-24 21:42:54,2026-09-26,2,"Ruta 2-A: Clásico Diseñada",600,94,506,148,852
2026-09-24T19:49:12.344Z,2026-09-24 14:49:12,2026-09-24 21:49:12,2026-09-25,1,"Ruta 1-A: Montaña Machupicchu",50,50,0,1000,0
2026-09-24T19:49:12.344Z,2026-09-24 14:49:12,2026-09-24 21:49:12,2026-09-25,1,"Ruta 2-A: Clásico Diseñada",600,600,0,1000,0
2026-09-24T19:49:12.344Z,2026-09-24 14:49:12,2026-09-24 21:49:12,2026-09-26,2,"Ruta 1-A: Montaña Machupicchu",50,1,49,174,826
2026-09-24T19:49:12.344Z,2026-09-24 14:49:12,2026-09-24 21:49:12,2026-09-26,2,"Ruta 2-A: Clásico Diseñada",600,105,495,174,826
2026-09-24T19:56:09.154Z,2026-09-24 14:56:09,2026-09-24 21:56:09,2026-09-25,1,"Ruta 1-A: Montaña Machupicchu",50,50,0,1000,0
2026-09-24T19:56:09.154Z,2026-09-24 14:56:09,2026-09-24 21:56:09,2026-09-25,1,"Ruta 2-A: Clásico Diseñada",600,600,0,1000,0
2026-09-24T19:56:09.154Z,2026-09-24 14:56:09,2026-09-24 21:56:09,2026-09-26,2,"Ruta 1-A: Montaña Machupicchu",50,1,49,177,823
2026-09-24T19:56:09.154Z,2026-09-24 14:56:09,2026-09-24 21:56:09,2026-09-26,2,"Ruta 2-A: Clásico Diseñada",600,115,485,177,823
2026-09-24T20:03:06.307Z,2026-09-24 15:03:06,2026-09-24 22:03:06,2026-09-25,1,"Ruta 1-A: Montaña Machupicchu",50,50,0,1000,0
2026-09-24T20:03:06.307Z,2026-09-24 15:03:06,2026-09-24 22:03:06,2026-09-25,1,"Ruta 2-A: Clásico Diseñada",600,600,0,1000,0
2026-09-24T20:03:06.307Z,2026-09-24 15:03:06,2026-09-24 22:03:06,2026-09-26,2,"Ruta 1-A: Montaña Machupicchu",50,1,49,181,819
2026-09-24T20:03:06.307Z,2026-09-24 15:03:06,2026-09-24 22:03:06,2026-09-26,2,"Ruta 2-A: Clásico Diseñada",600,135,465,181,819
2026-09-24T20:07:22.806Z,2026-09-24 15:07:22,2026-09-24 22:07:22,2026-09-25,1,"Ruta 1-A: Montaña Machupicchu",50,50,0,1000,0
2026-09-24T20:07:22.806Z,2026-09-24 15:07:22,2026-09-24 22:07:22,2026-09-25,1,"Ruta 2-A: Clásico Diseñada",600,600,0,1000,0
2026-09-24T20:07:22.806Z,2026-09-24 15:07:22,2026-09-24 22:07:22,2026-09-26,2,"Ruta 1-A: Montaña Machupicchu",50,1,49,185,815
2026-09-24T20:07:22.806Z,2026-09-24 15:07:22,2026-09-24 22:07:22,2026-09-26,2,"Ruta 2-A: Clásico Diseñada",600,146,454,185,815
2026-09-24T20:24:19.195Z,2026-09-24 15:24:19,2026-09-24 22:24:19,2026-09-25,1,"Ruta 1-A: Montaña Machupicchu",50,50,0,1000,0
2026-09-24T20:24:19.195Z,2026-09-24 15:24:19,2026-09-24 22:24:19,2026-09-25,1,"Ruta 2-A: Clásico Diseñada",600,600,0,1000,0
2026-09-24T20:24:19.195Z,2026-09-24 15:24:19,2026-09-24 22:24:19,2026-09-26,2,"Ruta 1-A: Montaña Machupicchu",50,1,49,199,801
2026-09-24T20:24:19.195Z,2026-09-24 15:24:19,2026-09-24 22:24:19,2026-09-26,2,"Ruta 2-A: Clásico Diseñada",600,174,426,199,801
2026-09-24T20:27:57.992Z,2026-09-24 15:27:57,2026-09-24 22:27:57,2026-09-25,1,"Ruta 1-A: Montaña Machupicchu",50,50,0,1000,0
2026-09-24T20:27:57.992Z,2026-09-24 15:27:57,2026-09-24 22:27:57,2026-09-25,1,"Ruta 2-A: Clásico Diseñada",600,600,0,1000,0
2026-09-24T20:27:57.992Z,2026-09-24 15:27:57,2026-09-24 22:27:57,2026-09-26,2,"Ruta 1-A: Montaña Machupicchu",50,1,49,201,799
2026-09-24T20:27:57.992Z,2026-09-24 15:27:57,2026-09-24 22:27:57,2026-09-26,2,"Ruta 2-A: Clásico Diseñada",600,179,421,201,799
2026-09-24T20:35:11.575Z,2026-09-24 15:35:11,2026-09-24 22:35:11,2026-09-25,1,"Ruta 1-A: Montaña Machupicchu",50,50,0,1000,0
2026-09-24T20:35:11.575Z,2026-09-24 15:35:11,2026-09-24 22:35:11,2026-09-25,1,"Ruta 2-A: Clásico Diseñada",600,600,0,1000,0
2026-09-24T20:35:11.575Z,2026-09-24 15:35:11,2026-09-24 22:35:11,2026-09-26,2,"Ruta 1-A: Montaña Machupicchu",50,1,49,211,789
2026-09-24T20:35:11.575Z,2026-09-24 15:35:11,2026-09-24 22:35:11,2026-09-26,2,"Ruta 2-A: Clásico Diseñada",600,179,421,211,789
2026-09-24T20:40:09.245Z,2026-09-24 15:40:09,2026-09-24 22:40:09,2026-09-25,1,"Ruta 1-A: Montaña Machupicchu",50,50,0,1000,0
2026-09-24T20:40:09.245Z,2026-09-24 15:40:09,2026-09-24 22:40:09,2026-09-25,1,"Ruta 2-A: Clásico Diseñada",600,600,0,1000,0
2026-09-24T20:40:09.245Z,2026-09-24 15:40:09,2026-09-24 22:40:09,2026-09-26,2,"Ruta 1-A: Montaña Machupicchu",50,1,49,215,785
2026-09-24T20:40:09.245Z,2026-09-24 15:40:09,2026-09-24 22:40:09,2026-09-26,2,"Ruta 2-A: Clásico Diseñada",600,179,421,215,785
2026-09-24T20:45:24.669Z,2026-09-24 15:45:24,2026-09-24 22:45:24,2026-09-25,1,"Ruta 1-A: Montaña Machupicchu",50,50,0,1000,0
2026-09-24T20:45:24.669Z,2026-09-24 15:45:24,2026-09-24 22:45:24,2026-09-25,1,"Ruta 2-A: Clásico Diseñada",600,600,0,1000,0
2026-09-24T20:45:24.669Z,2026-09-24 15:45:24,2026-09-24 22:45:24,2026-09-26,2,"Ruta 1-A: Montaña Machupicchu",50,1,49,229,771
2026-09-24T20:45:24.669Z,2026-09-24 15:45:24,2026-09-24 22:45:24,2026-09-26,2,"Ruta 2-A: Clásico Diseñada",600,183,417,229,771
2026-09-24T20:49:32.629Z,2026-09-24 15:49:32,2026-09-24 22:49:32,2026-09-25,1,"Ruta 1-A: Montaña Machupicchu",50,50,0,1000,0
2026-09-24T20:49:32.629Z,2026-09-24 15:49:32,2026-09-24 22:49:32,2026-09-25,1,"Ruta 2-A: Clásico Diseñada",600,600,0,1000,0
2026-09-24T20:49:32.629Z,2026-09-24 15:49:32,2026-09-24 22:49:32,2026-09-26,2,"Ruta 1-A: Montaña Machupicchu",50,1,49,233,767
2026-09-24T20:49:32.629Z,2026-09-24 15:49:32,2026-09-24 22:49:32,2026-09-26,2,"Ruta 2-A: Clásico Diseñada",600,185,415,233,767
2026-09-24T20:52:55.741Z,2026-09-24 15:52:55,2026-09-24 22:52:55,2026-09-25,1,"Ruta 1-A: Montaña Machupicchu",50,50,0,1000,0
2026-09-24T20:52:55.741Z,2026-09-24 15:52:55,2026-09-24 22:52:55,2026-09-25,1,"Ruta 2-A: Clásico Diseñada",600,600,0,1000,0
2026-09-24T20:52:55.741Z,2026-09-24 15:52:55,2026-09-24 22:52:55,2026-09-26,2,"Ruta 1-A: Montaña Machupicchu",50,1,49,234,766
2026-09-24T20:52:55.741Z,2026-09-24 15:52:55,2026-09-24 22:52:55,2026-09-26,2,"Ruta 2-A: Clásico Diseñada",600,193,407,234,766
2026-09-24T20:59:10.133Z,2026-09-24 15:59:10,2026-09-24 22:59:10,2026-09-25,1,"Ruta 1-A: Montaña Machupicchu",50,50,0,1000,0
2026-09-24T20:59:10.133Z,2026-09-24 15:59:10,2026-09-24 22:59:10,2026-09-25,1,"Ruta 2-A: Clásico Diseñada",600,600,0,1000,0
2026-09-24T20:59:10.133Z,2026-09-24 15:59:10,2026-09-24 22:59:10,2026-09-26,2,"Ruta 1-A: Montaña Machupicchu",50,1,49,237,763
2026-09-24T20:59:10.133Z,2026-09-24 15:59:10,2026-09-24 22:59:10,2026-09-26,2,"Ruta 2-A: Clásico Diseñada",600,196,404,237,763
2026-09-24T21:06:53.126Z,2026-09-24 16:06:53,2026-09-24 23:06:53,2026-09-25,1,"Ruta 1-A: Montaña Machupicchu",50,50,0,1000,0
2026-09-24T21:06:53.126Z,2026-09-24 16:06:53,2026-09-24 23:06:53,2026-09-25,1,"Ruta 2-A: Clásico Diseñada",600,600,0,1000,0
2026-09-24T21:06:53.126Z,2026-09-24 16:06:53,2026-09-24 23:06:53,2026-09-26,2,"Ruta 1-A: Montaña Machupicchu",50,1,49,243,757
2026-09-24T21:06:53.126Z,2026-09-24 16:06:53,2026-09-24 23:06:53,2026-09-26,2,"Ruta 2-A: Clásico Diseñada",600,197,403,243,757
2026-09-24T21:24:26.416Z,2026-09-24 16:24:26,2026-09-24 23:24:26,2026-09-25,1,"Ruta 1-A: Montaña Machupicchu",50,50,0,1000,0
2026-09-24T21:24:26.416Z,2026-09-24 16:24:26,2026-09-24 23:24:26,2026-09-25,1,"Ruta 2-A: Clásico Diseñada",600,600,0,1000,0
2026-09-24T21:24:26.416Z,2026-09-24 16:24:26,2026-09-24 23:24:26,2026-09-26,2,"Ruta 1-A: Montaña Machupicchu",50,1,49,247,753
2026-09-24T21:24:26.416Z,2026-09-24 16:24:26,2026-09-24 23:24:26,2026-09-26,2,"Ruta 2-A: Clásico Diseñada",600,199,401,247,753
2026-09-24T21:34:06.022Z,2026-09-24 16:34:06,2026-09-24 23:34:06,2026-09-25,1,"Ruta 1-A: Montaña Machupicchu",50,50,0,1000,0
2026-09-24T21:34:06.022Z,2026-09-24 16:34:06,2026-09-24 23:34:06,2026-09-25,1,"Ruta 2-A: Clásico Diseñada",600,600,0,1000,0
2026-09-24T21:34:06.022Z,2026-09-24 16:34:06,2026-09-24 23:34:06,2026-09-26,2,"Ruta 1-A: Montaña Machupicchu",50,1,49,255,745
2026-09-24T21:34:06.022Z,2026-09-24 16:34:06,2026-09-24 23:34:06,2026-09-26,2,"Ruta 2-A: Clásico Diseñada",600,201,399,255,745
2026-09-24T21:48:43.779Z,2026-09-24 16:48:43,2026-09-24 23:48:43,2026-09-25,1,"Ruta 1-A: Montaña Machupicchu",50,50,0,1000,0
2026-09-24T21:48:43.779Z,2026-09-24 16:48:43,2026-09-24 23:48:43,2026-09-25,1,"Ruta 2-A: Clásico Diseñada",600,600,0,1000,0
2026-09-24T21:48:43.779Z,2026-09-24 16:48:43,2026-09-24 23:48:43,2026-09-26,2,"Ruta 1-A: Montaña Machupicchu",50,1,49,264,736
2026-09-24T21:48:43.779Z,2026-09-24 16:48:43,2026-09-24 23:48:43,2026-09-26,2,"Ruta 2-A: Clásico Diseñada",600,209,391,264,736
2026-09-24T22:06:21.831Z,2026-09-24 17:06:21,2026-09-25 00:06:21,2026-09-25,1,"Ruta 1-A: Montaña Machupicchu",50,50,0,1000,0
2026-09-24T22:06:21.831Z,2026-09-24 17:06:21,2026-09-25 00:06:21,2026-09-25,1,"Ruta 2-A: Clásico Diseñada",600,600,0,1000,0
2026-09-24T22:06:21.831Z,2026-09-24 17:06:21,2026-09-25 00:06:21,2026-09-26,2,"Ruta 1-A: Montaña Machupicchu",50,1,49,277,723
2026-09-24T22:06:21.831Z,2026-09-24 17:06:21,2026-09-25 00:06:21,2026-09-26,2,"Ruta 2-A: Clásico Diseñada",600,218,382,277,723
2026-09-24T22:25:15.742Z,2026-09-24 17:25:15,2026-09-25 00:25:15,2026-09-25,1,"Ruta 1-A: Montaña Machupicchu",50,50,0,1000,0
2026-09-24T22:25:15.742Z,2026-09-24 17:25:15,2026-09-25 00:25:15,2026-09-25,1,"Ruta 2-A: Clásico Diseñada",600,600,0,1000,0
2026-09-24T22:25:15.742Z,2026-09-24 17:25:15,2026-09-25 00:25:15,2026-09-26,2,"Ruta 1-A: Montaña Machupicchu",50,1,49,289,711
2026-09-24T22:25:15.742Z,2026-09-24 17:25:15,2026-09-25 00:25:15,2026-09-26,2,"Ruta 2-A: Clásico Diseñada",600,221,379,289,711
2026-09-24T22:34:53.332Z,2026-09-24 17:34:53,2026-09-25 00:34:53,2026-09-25,1,"Ruta 1-A: Montaña Machupicchu",50,50,0,1000,0
2026-09-24T22:34:53.332Z,2026-09-24 17:34:53,2026-09-25 00:34:53,2026-09-25,1,"Ruta 2-A: Clásico Diseñada",600,600,0,1000,0
2026-09-24T22:34:53.332Z,2026-09-24 17:34:53,2026-09-25 00:34:53,2026-09-26,2,"Ruta 1-A: Montaña Machupicchu",50,1,49,291,709
2026-09-24T22:34:53.332Z,2026-09-24 17:34:53,2026-09-25 00:34:53,2026-09-26,2,"Ruta 2-A: Clásico Diseñada",600,227,373,291,709
2026-09-24T23:06:14.287Z,2026-09-24 18:06:14,2026-09-25 01:06:14,2026-09-25,1,"Ruta 1-A: Montaña Machupicchu",50,50,0,1000,0
2026-09-24T23:06:14.287Z,2026-09-24 18:06:14,2026-09-25 01:06:14,2026-09-25,1,"Ruta 2-A: Clásico Diseñada",600,600,0,1000,0
2026-09-24T23:06:14.287Z,2026-09-24 18:06:14,2026-09-25 01:06:14,2026-09-26,2,"Ruta 1-A: Montaña Machupicchu",50,1,49,305,695
2026-09-24T23:06:14.287Z,2026-09-24 18:06:14,2026-09-25 01:06:14,2026-09-26,2,"Ruta 2-A: Clásico Diseñada",600,236,364,305,695
2026-09-24T23:23:26.781Z,2026-09-24 18:23:26,2026-09-25 01:23:26,2026-09-25,1,"Ruta 1-A: Montaña Machupicchu",50,50,0,1000,0
2026-09-24T23:23:26.781Z,2026-09-24 18:23:26,2026-09-25 01:23:26,2026-09-25,1,"Ruta 2-A: Clásico Diseñada",600,600,0,1000,0
2026-09-24T23:23:26.781Z,2026-09-24 18:23:26,2026-09-25 01:23:26,2026-09-26,2,"Ruta 1-A: Montaña Machupicchu",50,1,49,334,666
2026-09-24T23:23:26.781Z,2026-09-24 18:23:26,2026-09-25 01:23:26,2026-09-26,2,"Ruta 2-A: Clásico Diseñada",600,265,335,334,666
2026-09-24T23:33:56.728Z,2026-09-24 18:33:56,2026-09-25 01:33:56,2026-09-25,1,"Ruta 1-A: Montaña Machupicchu",50,50,0,1000,0
2026-09-24T23:33:56.728Z,2026-09-24 18:33:56,2026-09-25 01:33:56,2026-09-25,1,"Ruta 2-A: Clásico Diseñada",600,600,0,1000,0
2026-09-24T23:33:56.728Z,2026-09-24 18:33:56,2026-09-25 01:33:56,2026-09-26,2,"Ruta 1-A: Montaña Machupicchu",50,1,49,340,660
2026-09-24T23:33:56.728Z,2026-09-24 18:33:56,2026-09-25 01:33:56,2026-09-26,2,"Ruta 2-A: Clásico Diseñada",600,267,333,340,660
2026-09-24T23:48:13.636Z,2026-09-24 18:48:13,2026-09-25 01:48:13,2026-09-25,1,"Ruta 1-A: Montaña Machupicchu",50,50,0,1000,0
2026-09-24T23:48:13.636Z,2026-09-24 18:48:13,2026-09-25 01:48:13,2026-09-25,1,"Ruta 2-A: Clásico Diseñada",600,600,0,1000,0
2026-09-24T23:48:13.636Z,2026-09-24 18:48:13,2026-09-25 01:48:13,2026-09-26,2,"Ruta 1-A: Montaña Machupicchu",50,1,49,366,634
2026-09-24T23:48:13.636Z,2026-09-24 18:48:13,2026-09-25 01:48:13,2026-09-26,2,"Ruta 2-A: Clásico Diseñada",600,272,328,366,634
2026-09-25T00:15:46.996Z,2026-09-24 19:15:46,2026-09-25 02:15:46,2026-09-26,2,"Ruta 1-A: Montaña Machupicchu",50,1,49,411,589
2026-09-25T00:15:46.996Z,2026-09-24 19:15:46,2026-09-25 02:15:46,2026-09-26,2,"Ruta 2-A: Clásico Diseñada",600,310,290,411,589
2026-09-25T01:03:14.520Z,2026-09-24 20:03:14,2026-09-25 03:03:14,2026-09-26,2,"Ruta 1-A: Montaña Machupicchu",50,1,49,427,573
2026-09-25T01:03:14.520Z,2026-09-24 20:03:14,2026-09-25 03:03:14,2026-09-26,2,"Ruta 2-A: Clásico Diseñada",600,333,267,427,573
2026-09-25T01:55:36.758Z,2026-09-24 20:55:36,2026-09-25 03:55:36,2026-09-26,2,"Ruta 1-A: Montaña Machupicchu",50,1,49,447,553
2026-09-25T01:55:36.758Z,2026-09-24 20:55:36,2026-09-25 03:55:36,2026-09-26,2,"Ruta 2-A: Clásico Diseñada",600,353,247,447,553
2026-09-25T02:08:31.113Z,2026-09-24 21:08:31,2026-09-25 04:08:31,2026-09-26,2,"Ruta 1-A: Montaña Machupicchu",50,1,49,447,553
2026-09-25T02:08:31.113Z,2026-09-24 21:08:31,2026-09-25 04:08:31,2026-09-26,2,"Ruta 2-A: Clásico Diseñada",600,353,247,447,553
2026-09-25T02:33:41.461Z,2026-09-24 21:33:41,2026-09-25 04:33:41,2026-09-26,2,"Ruta 1-A: Montaña Machupicchu",50,1,49,472,528
2026-09-25T02:33:41.461Z,2026-09-24 21:33:41,2026-09-25 04:33:41,2026-09-26,2,"Ruta 2-A: Clásico Diseñada",600,367,233,472,528
2026-09-25T02:52:26.376Z,2026-09-24 21:52:26,2026-09-25 04:52:26,2026-09-26,2,"Ruta 1-A: Montaña Machupicchu",50,1,49,514,486
2026-09-25T02:52:26.376Z,2026-09-24 21:52:26,2026-09-25 04:52:26,2026-09-26,2,"Ruta 2-A: Clásico Diseñada",600,400,200,514,486
2026-09-25T03:07:48.855Z,2026-09-24 22:07:48,2026-09-25 05:07:48,2026-09-26,2,"Ruta 1-A: Montaña Machupicchu",50,1,49,527,473
2026-09-25T03:07:48.855Z,2026-09-24 22:07:48,2026-09-25 05:07:48,2026-09-26,2,"Ruta 2-A: Clásico Diseñada",600,413,187,527,473
2026-09-25T03:29:20.995Z,2026-09-24 22:29:20,2026-09-25 05:29:20,2026-09-26,2,"Ruta 1-A: Montaña Machupicchu",50,1,49,527,473
2026-09-25T03:29:20.995Z,2026-09-24 22:29:20,2026-09-25 05:29:20,2026-09-26,2,"Ruta 2-A: Clásico Diseñada",600,413,187,527,473
2026-09-25T03:45:19.441Z,2026-09-24 22:45:19,2026-09-25 05:45:19,2026-09-26,2,"Ruta 1-A: Montaña Machupicchu",50,1,49,527,473
2026-09-25T03:45:19.441Z,2026-09-24 22:45:19,2026-09-25 05:45:19,2026-09-26,2,"Ruta 2-A: Clásico Diseñada",600,413,187,527,473
2026-09-25T03:53:56.708Z,2026-09-24 22:53:56,2026-09-25 05:53:56,2026-09-26,2,"Ruta 1-A: Montaña Machupicchu",50,1,49,527,473
2026-09-25T03:53:56.708Z,2026-09-24 22:53:56,2026-09-25 05:53:56,2026-09-26,2,"Ruta 2-A: Clásico Diseñada",600,413,187,527,473
2026-09-25T04:07:54.057Z,2026-09-24 23:07:54,2026-09-25 06:07:54,2026-09-26,2,"Ruta 1-A: Montaña Machupicchu",50,1,49,527,473
2026-09-25T04:07:54.057Z,2026-09-24 23:07:54,2026-09-25 06:07:54,2026-09-26,2,"Ruta 2-A: Clásico Diseñada",600,413,187,527,473
2026-09-25T04:30:37.333Z,2026-09-24 23:30:37,2026-09-25 06:30:37,2026-09-26,2,"Ruta 1-A: Montaña Machupicchu",50,1,49,527,473
2026-09-25T04:30:37.333Z,2026-09-24 23:30:37,2026-09-25 06:30:37,2026-09-26,2,"Ruta 2-A: Clásico Diseñada",600,413,187,527,473
2026-09-25T04:47:24.616Z,2026-09-24 23:47:24,2026-09-25 06:47:24,2026-09-26,2,"Ruta 1-A: Montaña Machupicchu",50,1,49,527,473
2026-09-25T04:47:24.616Z,2026-09-24 23:47:24,2026-09-25 06:47:24,2026-09-26,2,"Ruta 2-A: Clásico Diseñada",600,413,187,527,473
2026-09-25T05:07:00.897Z,2026-09-25 00:07:00,2026-09-25 07:07:00,2026-09-26,1,"Ruta 1-A: Montaña Machupicchu",50,1,49,527,473
2026-09-25T05:07:00.897Z,2026-09-25 00:07:00,2026-09-25 07:07:00,2026-09-26,1,"Ruta 2-A: Clásico Diseñada",600,413,187,527,473
2026-09-25T05:26:59.292Z,2026-09-25 00:26:59,2026-09-25 07:26:59,2026-09-26,1,"Ruta 1-A: Montaña Machupicchu",50,1,49,527,473
2026-09-25T05:26:59.292Z,2026-09-25 00:26:59,2026-09-25 07:26:59,2026-09-26,1,"Ruta 2-A: Clásico Diseñada",600,413,187,527,473
2026-09-25T05:38:55.945Z,2026-09-25 00:38:55,2026-09-25 07:38:55,2026-09-26,1,"Ruta 1-A: Montaña Machupicchu",50,1,49,527,473
2026-09-25T05:38:55.945Z,2026-09-25 00:38:55,2026-09-25 07:38:55,2026-09-26,1,"Ruta 2-A: Clásico Diseñada",600,413,187,527,473
2026-09-25T05:50:25.931Z,2026-09-25 00:50:25,2026-09-25 07:50:25,2026-09-26,1,"Ruta 1-A: Montaña Machupicchu",50,1,49,527,473
2026-09-25T05:50:25.931Z,2026-09-25 00:50:25,2026-09-25 07:50:25,2026-09-26,1,"Ruta 2-A: Clásico Diseñada",600,413,187,527,473
2026-09-25T06:10:44.018Z,2026-09-25 01:10:44,2026-09-25 08:10:44,2026-09-26,1,"Ruta 1-A: Montaña Machupicchu",50,1,49,527,473
2026-09-25T06:10:44.018Z,2026-09-25 01:10:44,2026-09-25 08:10:44,2026-09-26,1,"Ruta 2-A: Clásico Diseñada",600,413,187,527,473
2026-09-25T06:41:58.694Z,2026-09-25 01:41:58,2026-09-25 08:41:58,2026-09-26,1,"Ruta 1-A: Montaña Machupicchu",50,1,49,527,473
2026-09-25T06:41:58.694Z,2026-09-25 01:41:58,2026-09-25 08:41:58,2026-09-26,1,"Ruta 2-A: Clásico Diseñada",600,413,187,527,473
2026-09-25T07:02:32.643Z,2026-09-25 02:02:32,2026-09-25 09:02:32,2026-09-26,1,"Ruta 1-A: Montaña Machupicchu",50,1,49,527,473
2026-09-25T07:02:32.643Z,2026-09-25 02:02:32,2026-09-25 09:02:32,2026-09-26,1,"Ruta 2-A: Clásico Diseñada",600,413,187,527,473
2026-09-25T07:31:50.043Z,2026-09-25 02:31:50,2026-09-25 09:31:50,2026-09-26,1,"Ruta 1-A: Montaña Machupicchu",50,1,49,527,473
2026-09-25T07:31:50.043Z,2026-09-25 02:31:50,2026-09-25 09:31:50,2026-09-26,1,"Ruta 2-A: Clásico Diseñada",600,413,187,527,473
2026-09-25T07:46:34.618Z,2026-09-25 02:46:34,2026-09-25 09:46:34,2026-09-26,1,"Ruta 1-A: Montaña Machupicchu",50,1,49,527,473
2026-09-25T07:46:34.618Z,2026-09-25 02:46:34,2026-09-25 09:46:34,2026-09-26,1,"Ruta 2-A: Clásico Diseñada",600,413,187,527,473
2026-09-25T07:54:16.752Z,2026-09-25 02:54:16,2026-09-25 09:54:16,2026-09-26,1,"Ruta 1-A: Montaña Machupicchu",50,1,49,527,473
2026-09-25T07:54:16.752Z,2026-09-25 02:54:16,2026-09-25 09:54:16,2026-09-26,1,"Ruta 2-A: Clásico Diseñada",600,413,187,527,473
2026-09-25T08:08:53.728Z,2026-09-25 03:08:53,2026-09-25 10:08:53,2026-09-26,1,"Ruta 1-A: Montaña Machupicchu",50,1,49,527,473
2026-09-25T08:08:53.728Z,2026-09-25 03:08:53,2026-09-25 10:08:53,2026-09-26,1,"Ruta 2-A: Clásico Diseñada",600,413,187,527,473
2026-09-25T08:34:51.590Z,2026-09-25 03:34:51,2026-09-25 10:34:51,2026-09-26,1,"Ruta 1-A: Montaña Machupicchu",50,1,49,527,473
2026-09-25T08:34:51.590Z,2026-09-25 03:34:51,2026-09-25 10:34:51,2026-09-26,1,"Ruta 2-A: Clásico Diseñada",600,413,187,527,473
2026-09-25T08:53:34.623Z,2026-09-25 03:53:34,2026-09-25 10:53:34,2026-09-26,1,"Ruta 1-A: Montaña Machupicchu",50,1,49,527,473
2026-09-25T08:53:34.623Z,2026-09-25 03:53:34,2026-09-25 10:53:34,2026-09-26,1,"Ruta 2-A: Clásico Diseñada",600,413,187,527,473
2026-09-25T09:07:23.393Z,2026-09-25 04:07:23,2026-09-25 11:07:23,2026-09-26,1,"Ruta 1-A: Montaña Machupicchu",50,1,49,527,473
2026-09-25T09:07:23.393Z,2026-09-25 04:07:23,2026-09-25 11:07:23,2026-09-26,1,"Ruta 2-A: Clásico Diseñada",600,413,187,527,473
2026-09-25T09:29:25.510Z,2026-09-25 04:29:25,2026-09-25 11:29:25,2026-09-26,1,"Ruta 1-A: Montaña Machupicchu",50,1,49,527,473
2026-09-25T09:29:25.510Z,2026-09-25 04:29:25,2026-09-25 11:29:25,2026-09-26,1,"Ruta 2-A: Clásico Diseñada",600,413,187,527,473
2026-09-25T09:43:28.453Z,2026-09-25 04:43:28,2026-09-25 11:43:28,2026-09-26,1,"Ruta 1-A: Montaña Machupicchu",50,1,49,527,473
2026-09-25T09:43:28.453Z,2026-09-25 04:43:28,2026-09-25 11:43:28,2026-09-26,1,"Ruta 2-A: Clásico Diseñada",600,413,187,527,473
2026-09-25T10:07:10.681Z,2026-09-25 05:07:10,2026-09-25 12:07:10,2026-09-26,1,"Ruta 1-A: Montaña Machupicchu",50,1,49,527,473
2026-09-25T10:07:10.681Z,2026-09-25 05:07:10,2026-09-25 12:07:10,2026-09-26,1,"Ruta 2-A: Clásico Diseñada",600,413,187,527,473
2026-09-25T10:27:46.146Z,2026-09-25 05:27:46,2026-09-25 12:27:46,2026-09-26,1,"Ruta 1-A: Montaña Machupicchu",50,1,49,527,473
2026-09-25T10:27:46.146Z,2026-09-25 05:27:46,2026-09-25 12:27:46,2026-09-26,1,"Ruta 2-A: Clásico Diseñada",600,413,187,527,473
2026-09-25T10:39:08.944Z,2026-09-25 05:39:08,2026-09-25 12:39:08,2026-09-26,1,"Ruta 1-A: Montaña Machupicchu",50,1,49,527,473
2026-09-25T10:39:08.944Z,2026-09-25 05:39:08,2026-09-25 12:39:08,2026-09-26,1,"Ruta 2-A: Clásico Diseñada",600,413,187,527,473
2026-09-25T10:49:12.978Z,2026-09-25 05:49:12,2026-09-25 12:49:12,2026-09-26,1,"Ruta 1-A: Montaña Machupicchu",50,1,49,527,473
2026-09-25T10:49:12.978Z,2026-09-25 05:49:12,2026-09-25 12:49:12,2026-09-26,1,"Ruta 2-A: Clásico Diseñada",600,413,187,527,473
2026-09-25T11:06:32.604Z,2026-09-25 06:06:32,2026-09-25 13:06:32,2026-09-26,1,"Ruta 1-A: Montaña Machupicchu",50,1,49,535,465
2026-09-25T11:06:32.604Z,2026-09-25 06:06:32,2026-09-25 13:06:32,2026-09-26,1,"Ruta 2-A: Clásico Diseñada",600,413,187,535,465
2026-09-25T11:24:57.539Z,2026-09-25 06:24:57,2026-09-25 13:24:57,2026-09-26,1,"Ruta 1-A: Montaña Machupicchu",50,1,49,613,387
2026-09-25T11:24:57.539Z,2026-09-25 06:24:57,2026-09-25 13:24:57,2026-09-26,1,"Ruta 2-A: Clásico Diseñada",600,431,169,613,387
2026-09-25T11:36:41.732Z,2026-09-25 06:36:41,2026-09-25 13:36:41,2026-09-26,1,"Ruta 1-A: Montaña Machupicchu",50,1,49,638,362
2026-09-25T11:36:41.732Z,2026-09-25 06:36:41,2026-09-25 13:36:41,2026-09-26,1,"Ruta 2-A: Clásico Diseñada",600,469,131,638,362
2026-09-25T11:48:39.680Z,2026-09-25 06:48:39,2026-09-25 13:48:39,2026-09-26,1,"Ruta 1-A: Montaña Machupicchu",50,4,46,640,360
2026-09-25T11:48:39.680Z,2026-09-25 06:48:39,2026-09-25 13:48:39,2026-09-26,1,"Ruta 2-A: Clásico Diseñada",600,493,107,640,360
2026-09-25T12:09:38.419Z,2026-09-25 07:09:38,2026-09-25 14:09:38,2026-09-26,1,"Ruta 1-A: Montaña Machupicchu",50,4,46,736,264
2026-09-25T12:09:38.419Z,2026-09-25 07:09:38,2026-09-25 14:09:38,2026-09-26,1,"Ruta 2-A: Clásico Diseñada",600,534,66,736,264
2026-09-25T12:37:14.587Z,2026-09-25 07:37:14,2026-09-25 14:37:14,2026-09-26,1,"Ruta 1-A: Montaña Machupicchu",50,4,46,761,239
2026-09-25T12:37:14.587Z,2026-09-25 07:37:14,2026-09-25 14:37:14,2026-09-26,1,"Ruta 2-A: Clásico Diseñada",600,577,23,761,239
2026-09-25T12:56:54.117Z,2026-09-25 07:56:54,2026-09-25 14:56:54,2026-09-26,1,"Ruta 1-A: Montaña Machupicchu",50,4,46,777,223
2026-09-25T12:56:54.117Z,2026-09-25 07:56:54,2026-09-25 14:56:54,2026-09-26,1,"Ruta 2-A: Clásico Diseñada",600,600,0,777,223
2026-09-25T13:08:04.878Z,2026-09-25 08:08:04,2026-09-25 15:08:04,2026-09-26,1,"Ruta 1-A: Montaña Machupicchu",50,4,46,785,215
2026-09-25T13:08:04.878Z,2026-09-25 08:08:04,2026-09-25 15:08:04,2026-09-26,1,"Ruta 2-A: Clásico Diseñada",600,600,0,785,215
2026-09-25T13:26:48.781Z,2026-09-25 08:26:48,2026-09-25 15:26:48,2026-09-26,1,"Ruta 1-A: Montaña Machupicchu",50,4,46,829,171
2026-09-25T13:26:48.781Z,2026-09-25 08:26:48,2026-09-25 15:26:48,2026-09-26,1,"Ruta 2-A: Clásico Diseñada",600,600,0,829,171
2026-09-25T13:37:23.224Z,2026-09-25 08:37:23,2026-09-25 15:37:23,2026-09-26,1,"Ruta 1-A: Montaña Machupicchu",50,4,46,873,127
2026-09-25T13:37:23.224Z,2026-09-25 08:37:23,2026-09-25 15:37:23,2026-09-26,1,"Ruta 2-A: Clásico Diseñada",600,600,0,873,127
2026-09-25T13:49:13.798Z,2026-09-25 08:49:13,2026-09-25 15:49:13,2026-09-26,1,"Ruta 1-A: Montaña Machupicchu",50,4,46,901,99
2026-09-25T13:49:13.798Z,2026-09-25 08:49:13,2026-09-25 15:49:13,2026-09-26,1,"Ruta 2-A: Clásico Diseñada",600,600,0,901,99
2026-09-25T14:07:49.189Z,2026-09-25 09:07:49,2026-09-25 16:07:49,2026-09-26,1,"Ruta 1-A: Montaña Machupicchu",50,5,45,935,65
2026-09-25T14:07:49.189Z,2026-09-25 09:07:49,2026-09-25 16:07:49,2026-09-26,1,"Ruta 2-A: Clásico Diseñada",600,600,0,935,65
2026-09-25T14:29:05.890Z,2026-09-25 09:29:05,2026-09-25 16:29:05,2026-09-26,1,"Ruta 1-A: Montaña Machupicchu",50,5,45,1000,0
2026-09-25T14:29:05.890Z,2026-09-25 09:29:05,2026-09-25 16:29:05,2026-09-26,1,"Ruta 2-A: Clásico Diseñada",600,600,0,1000,0
2026-09-25T14:42:37.719Z,2026-09-25 09:42:37,2026-09-25 16:42:37,2026-09-26,1,"Ruta 1-A: Montaña Machupicchu",50,5,45,1000,0
2026-09-25T14:42:37.719Z,2026-09-25 09:42:37,2026-09-25 16:42:37,2026-09-26,1,"Ruta 2-A: Clásico Diseñada",600,600,0,1000,0
2026-09-25T14:51:04.984Z,2026-09-25 09:51:04,2026-09-25 16:51:04,2026-09-26,1,"Ruta 1-A: Montaña Machupicchu",50,5,45,1000,0
2026-09-25T14:51:04.984Z,2026-09-25 09:51:04,2026-09-25 16:51:04,2026-09-26,1,"Ruta 2-A: Clásico Diseñada",600,600,0,1000,0
2026-09-25T15:07:05.191Z,2026-09-25 10:07:05,2026-09-25 17:07:05,2026-09-26,1,"Ruta 1-A: Montaña Machupicchu",50,11,39,1000,0
2026-09-25T15:07:05.191Z,2026-09-25 10:07:05,2026-09-25 17:07:05,2026-09-26,1,"Ruta 2-A: Clásico Diseñada",600,600,0,1000,0
2026-09-25T15:27:19.727Z,2026-09-25 10:27:19,2026-09-25 17:27:19,2026-09-26,1,"Ruta 1-A: Montaña Machupicchu",50,15,35,1000,0
2026-09-25T15:27:19.727Z,2026-09-25 10:27:19,2026-09-25 17:27:19,2026-09-26,1,"Ruta 2-A: Clásico Diseñada",600,600,0,1000,0
2026-09-25T15:37:51.048Z,2026-09-25 10:37:51,2026-09-25 17:37:51,2026-09-26,1,"Ruta 1-A: Montaña Machupicchu",50,15,35,1000,0
2026-09-25T15:37:51.048Z,2026-09-25 10:37:51,2026-09-25 17:37:51,2026-09-26,1,"Ruta 2-A: Clásico Diseñada",600,600,0,1000,0
2026-09-25T15:48:11.544Z,2026-09-25 10:48:11,2026-09-25 17:48:11,2026-09-26,1,"Ruta 1-A: Montaña Machupicchu",50,16,34,1000,0
2026-09-25T15:48:11.544Z,2026-09-25 10:48:11,2026-09-25 17:48:11,2026-09-26,1,"Ruta 2-A: Clásico Diseñada",600,600,0,1000,0
2026-09-25T16:07:47.686Z,2026-09-25 11:07:47,2026-09-25 18:07:47,2026-09-26,1,"Ruta 1-A: Montaña Machupicchu",50,16,34,1000,0
2026-09-25T16:07:47.686Z,2026-09-25 11:07:47,2026-09-25 18:07:47,2026-09-26,1,"Ruta 2-A: Clásico Diseñada",600,600,0,1000,0
2026-09-25T16:29:47.132Z,2026-09-25 11:29:47,2026-09-25 18:29:47,2026-09-26,1,"Ruta 1-A: Montaña Machupicchu",50,25,25,1000,0
2026-09-25T16:29:47.132Z,2026-09-25 11:29:47,2026-09-25 18:29:47,2026-09-26,1,"Ruta 2-A: Clásico Diseñada",600,600,0,1000,0
2026-09-25T16:45:30.658Z,2026-09-25 11:45:30,2026-09-25 18:45:30,2026-09-26,1,"Ruta 1-A: Montaña Machupicchu",50,25,25,1000,0
2026-09-25T16:45:30.658Z,2026-09-25 11:45:30,2026-09-25 18:45:30,2026-09-26,1,"Ruta 2-A: Clásico Diseñada",600,600,0,1000,0
2026-09-25T16:53:14.665Z,2026-09-25 11:53:14,2026-09-25 18:53:14,2026-09-26,1,"Ruta 1-A: Montaña Machupicchu",50,25,25,1000,0
2026-09-25T16:53:14.665Z,2026-09-25 11:53:14,2026-09-25 18:53:14,2026-09-26,1,"Ruta 2-A: Clásico Diseñada",600,600,0,1000,0
2026-09-25T17:05:51.694Z,2026-09-25 12:05:51,2026-09-25 19:05:51,2026-09-26,1,"Ruta 1-A: Montaña Machupicchu",50,26,24,1000,0
2026-09-25T17:05:51.694Z,2026-09-25 12:05:51,2026-09-25 19:05:51,2026-09-26,1,"Ruta 2-A: Clásico Diseñada",600,600,0,1000,0
2026-09-25T17:24:15.970Z,2026-09-25 12:24:15,2026-09-25 19:24:15,2026-09-26,1,"Ruta 1-A: Montaña Machupicchu",50,35,15,1000,0
2026-09-25T17:24:15.970Z,2026-09-25 12:24:15,2026-09-25 19:24:15,2026-09-26,1,"Ruta 2-A: Clásico Diseñada",600,600,0,1000,0
2026-09-25T17:36:03.268Z,2026-09-25 12:36:03,2026-09-25 19:36:03,2026-09-26,1,"Ruta 1-A: Montaña Machupicchu",50,39,11,1000,0
2026-09-25T17:36:03.268Z,2026-09-25 12:36:03,2026-09-25 19:36:03,2026-09-26,1,"Ruta 2-A: Clásico Diseñada",600,600,0,1000,0
2026-09-25T17:48:46.217Z,2026-09-25 12:48:46,2026-09-25 19:48:46,2026-09-26,1,"Ruta 1-A: Montaña Machupicchu",50,44,6,1000,0
2026-09-25T17:48:46.217Z,2026-09-25 12:48:46,2026-09-25 19:48:46,2026-09-26,1,"Ruta 2-A: Clásico Diseñada",600,600,0,1000,0
2026-09-25T18:06:41.576Z,2026-09-25 13:06:41,2026-09-25 20:06:41,2026-09-26,1,"Ruta 1-A: Montaña Machupicchu",50,47,3,1000,0
2026-09-25T18:06:41.576Z,2026-09-25 13:06:41,2026-09-25 20:06:41,2026-09-26,1,"Ruta 2-A: Clásico Diseñada",600,600,0,1000,0
2026-09-25T18:27:59.928Z,2026-09-25 13:27:59,2026-09-25 20:27:59,2026-09-26,1,"Ruta 1-A: Montaña Machupicchu",50,48,2,1000,0
2026-09-25T18:27:59.928Z,2026-09-25 13:27:59,2026-09-25 20:27:59,2026-09-26,1,"Ruta 2-A: Clásico Diseñada",600,600,0,1000,0
2026-09-25T18:30:01.401Z,2026-09-25 13:30:01,2026-09-25 20:30:01,2026-09-26,1,"Ruta 1-A: Montaña Machupicchu",50,48,2,1000,0
2026-09-25T18:30:01.401Z,2026-09-25 13:30:01,2026-09-25 20:30:01,2026-09-26,1,"Ruta 2-A: Clásico Diseñada",600,600,0,1000,0
2026-09-25T18:40:44.443Z,2026-09-25 13:40:44,2026-09-25 20:40:44,2026-09-26,1,"Ruta 1-A: Montaña Machupicchu",50,49,1,1000,0
2026-09-25T18:40:44.443Z,2026-09-25 13:40:44,2026-09-25 20:40:44,2026-09-26,1,"Ruta 2-A: Clásico Diseñada",600,600,0,1000,0
2026-09-25T18:50:24.726Z,2026-09-25 13:50:24,2026-09-25 20:50:24,2026-09-26,1,"Ruta 1-A: Montaña Machupicchu",50,50,0,1000,0
2026-09-25T18:50:24.726Z,2026-09-25 13:50:24,2026-09-25 20:50:24,2026-09-26,1,"Ruta 2-A: Clásico Diseñada",600,600,0,1000,0
2026-09-25T18:50:24.726Z,2026-09-25 13:50:24,2026-09-25 20:50:24,2026-09-27,2,"Ruta 1-A: Montaña Machupicchu",50,0,50,0,1000
2026-09-25T18:50:24.726Z,2026-09-25 13:50:24,2026-09-25 20:50:24,2026-09-27,2,"Ruta 2-A: Clásico Diseñada",600,0,600,0,1000
2026-09-25T18:53:30.321Z,2026-09-25 13:53:30,2026-09-25 20:53:30,2026-09-26,1,"Ruta 1-A: Montaña Machupicchu",50,50,0,1000,0
2026-09-25T18:53:30.321Z,2026-09-25 13:53:30,2026-09-25 20:53:30,2026-09-26,1,"Ruta 2-A: Clásico Diseñada",600,600,0,1000,0
2026-09-25T18:53:30.321Z,2026-09-25 13:53:30,2026-09-25 20:53:30,2026-09-27,2,"Ruta 1-A: Montaña Machupicchu",50,0,50,16,984
2026-09-25T18:53:30.321Z,2026-09-25 13:53:30,2026-09-25 20:53:30,2026-09-27,2,"Ruta 2-A: Clásico Diseñada",600,0,600,16,984
2026-09-25T18:57:29.720Z,2026-09-25 13:57:29,2026-09-25 20:57:29,2026-09-26,1,"Ruta 1-A: Montaña Machupicchu",50,50,0,1000,0
2026-09-25T18:57:29.720Z,2026-09-25 13:57:29,2026-09-25 20:57:29,2026-09-26,1,"Ruta 2-A: Clásico Diseñada",600,600,0,1000,0
2026-09-25T18:57:29.720Z,2026-09-25 13:57:29,2026-09-25 20:57:29,2026-09-27,2,"Ruta 1-A: Montaña Machupicchu",50,0,50,36,964
2026-09-25T18:57:29.720Z,2026-09-25 13:57:29,2026-09-25 20:57:29,2026-09-27,2,"Ruta 2-A: Clásico Diseñada",600,0,600,36,964
2026-09-25T19:08:19.540Z,2026-09-25 14:08:19,2026-09-25 21:08:19,2026-09-26,1,"Ruta 1-A: Montaña Machupicchu",50,50,0,1000,0
2026-09-25T19:08:19.540Z,2026-09-25 14:08:19,2026-09-25 21:08:19,2026-09-26,1,"Ruta 2-A: Clásico Diseñada",600,600,0,1000,0
2026-09-25T19:08:19.540Z,2026-09-25 14:08:19,2026-09-25 21:08:19,2026-09-27,2,"Ruta 1-A: Montaña Machupicchu",50,0,50,110,890
2026-09-25T19:08:19.540Z,2026-09-25 14:08:19,2026-09-25 21:08:19,2026-09-27,2,"Ruta 2-A: Clásico Diseñada",600,20,580,110,890
2026-09-25T19:20:34.546Z,2026-09-25 14:20:34,2026-09-25 21:20:34,2026-09-26,1,"Ruta 1-A: Montaña Machupicchu",50,50,0,1000,0
2026-09-25T19:20:34.546Z,2026-09-25 14:20:34,2026-09-25 21:20:34,2026-09-26,1,"Ruta 2-A: Clásico Diseñada",600,600,0,1000,0
2026-09-25T19:20:34.546Z,2026-09-25 14:20:34,2026-09-25 21:20:34,2026-09-27,2,"Ruta 1-A: Montaña Machupicchu",50,0,50,113,887
2026-09-25T19:20:34.546Z,2026-09-25 14:20:34,2026-09-25 21:20:34,2026-09-27,2,"Ruta 2-A: Clásico Diseñada",600,47,553,113,887
2026-09-25T19:29:39.141Z,2026-09-25 14:29:39,2026-09-25 21:29:39,2026-09-26,1,"Ruta 1-A: Montaña Machupicchu",50,50,0,1000,0
2026-09-25T19:29:39.141Z,2026-09-25 14:29:39,2026-09-25 21:29:39,2026-09-26,1,"Ruta 2-A: Clásico Diseñada",600,600,0,1000,0
2026-09-25T19:29:39.141Z,2026-09-25 14:29:39,2026-09-25 21:29:39,2026-09-27,2,"Ruta 1-A: Montaña Machupicchu",50,0,50,117,883
2026-09-25T19:29:39.141Z,2026-09-25 14:29:39,2026-09-25 21:29:39,2026-09-27,2,"Ruta 2-A: Clásico Diseñada",600,65,535,117,883
2026-09-25T19:33:51.140Z,2026-09-25 14:33:51,2026-09-25 21:33:51,2026-09-26,1,"Ruta 1-A: Montaña Machupicchu",50,50,0,1000,0
2026-09-25T19:33:51.140Z,2026-09-25 14:33:51,2026-09-25 21:33:51,2026-09-26,1,"Ruta 2-A: Clásico Diseñada",600,600,0,1000,0
2026-09-25T19:33:51.140Z,2026-09-25 14:33:51,2026-09-25 21:33:51,2026-09-27,2,"Ruta 1-A: Montaña Machupicchu",50,0,50,120,880
2026-09-25T19:33:51.140Z,2026-09-25 14:33:51,2026-09-25 21:33:51,2026-09-27,2,"Ruta 2-A: Clásico Diseñada",600,75,525,120,880
2026-09-25T19:39:29.060Z,2026-09-25 14:39:29,2026-09-25 21:39:29,2026-09-26,1,"Ruta 1-A: Montaña Machupicchu",50,50,0,1000,0
2026-09-25T19:39:29.060Z,2026-09-25 14:39:29,2026-09-25 21:39:29,2026-09-26,1,"Ruta 2-A: Clásico Diseñada",600,600,0,1000,0
2026-09-25T19:39:29.060Z,2026-09-25 14:39:29,2026-09-25 21:39:29,2026-09-27,2,"Ruta 1-A: Montaña Machupicchu",50,0,50,120,880
2026-09-25T19:39:29.060Z,2026-09-25 14:39:29,2026-09-25 21:39:29,2026-09-27,2,"Ruta 2-A: Clásico Diseñada",600,78,522,120,880
2026-09-25T19:45:32.794Z,2026-09-25 14:45:32,2026-09-25 21:45:32,2026-09-26,1,"Ruta 1-A: Montaña Machupicchu",50,50,0,1000,0
2026-09-25T19:45:32.794Z,2026-09-25 14:45:32,2026-09-25 21:45:32,2026-09-26,1,"Ruta 2-A: Clásico Diseñada",600,600,0,1000,0
2026-09-25T19:45:32.794Z,2026-09-25 14:45:32,2026-09-25 21:45:32,2026-09-27,2,"Ruta 1-A: Montaña Machupicchu",50,0,50,120,880
2026-09-25T19:45:32.794Z,2026-09-25 14:45:32,2026-09-25 21:45:32,2026-09-27,2,"Ruta 2-A: Clásico Diseñada",600,78,522,120,880
2026-09-25T19:48:47.869Z,2026-09-25 14:48:47,2026-09-25 21:48:47,2026-09-26,1,"Ruta 1-A: Montaña Machupicchu",50,50,0,1000,0
2026-09-25T19:48:47.869Z,2026-09-25 14:48:47,2026-09-25 21:48:47,2026-09-26,1,"Ruta 2-A: Clásico Diseñada",600,600,0,1000,0
2026-09-25T19:48:47.869Z,2026-09-25 14:48:47,2026-09-25 21:48:47,2026-09-27,2,"Ruta 1-A: Montaña Machupicchu",50,0,50,124,876
2026-09-25T19:48:47.869Z,2026-09-25 14:48:47,2026-09-25 21:48:47,2026-09-27,2,"Ruta 2-A: Clásico Diseñada",600,78,522,124,876
2026-09-25T19:53:03.530Z,2026-09-25 14:53:03,2026-09-25 21:53:03,2026-09-26,1,"Ruta 1-A: Montaña Machupicchu",50,50,0,1000,0
2026-09-25T19:53:03.530Z,2026-09-25 14:53:03,2026-09-25 21:53:03,2026-09-26,1,"Ruta 2-A: Clásico Diseñada",600,600,0,1000,0
2026-09-25T19:53:03.530Z,2026-09-25 14:53:03,2026-09-25 21:53:03,2026-09-27,2,"Ruta 1-A: Montaña Machupicchu",50,0,50,141,859
2026-09-25T19:53:03.530Z,2026-09-25 14:53:03,2026-09-25 21:53:03,2026-09-27,2,"Ruta 2-A: Clásico Diseñada",600,90,510,141,859
2026-09-25T19:59:57.724Z,2026-09-25 14:59:57,2026-09-25 21:59:57,2026-09-26,1,"Ruta 1-A: Montaña Machupicchu",50,50,0,1000,0
2026-09-25T19:59:57.724Z,2026-09-25 14:59:57,2026-09-25 21:59:57,2026-09-26,1,"Ruta 2-A: Clásico Diseñada",600,600,0,1000,0
2026-09-25T19:59:57.724Z,2026-09-25 14:59:57,2026-09-25 21:59:57,2026-09-27,2,"Ruta 1-A: Montaña Machupicchu",50,0,50,153,847
2026-09-25T19:59:57.724Z,2026-09-25 14:59:57,2026-09-25 21:59:57,2026-09-27,2,"Ruta 2-A: Clásico Diseñada",600,107,493,153,847
2026-09-25T20:06:07.692Z,2026-09-25 15:06:07,2026-09-25 22:06:07,2026-09-26,1,"Ruta 1-A: Montaña Machupicchu",50,50,0,1000,0
2026-09-25T20:06:07.692Z,2026-09-25 15:06:07,2026-09-25 22:06:07,2026-09-26,1,"Ruta 2-A: Clásico Diseñada",600,600,0,1000,0
2026-09-25T20:06:07.692Z,2026-09-25 15:06:07,2026-09-25 22:06:07,2026-09-27,2,"Ruta 1-A: Montaña Machupicchu",50,0,50,169,831
2026-09-25T20:06:07.692Z,2026-09-25 15:06:07,2026-09-25 22:06:07,2026-09-27,2,"Ruta 2-A: Clásico Diseñada",600,111,489,169,831
2026-09-25T20:16:21.099Z,2026-09-25 15:16:21,2026-09-25 22:16:21,2026-09-26,1,"Ruta 1-A: Montaña Machupicchu",50,50,0,1000,0
2026-09-25T20:16:21.099Z,2026-09-25 15:16:21,2026-09-25 22:16:21,2026-09-26,1,"Ruta 2-A: Clásico Diseñada",600,600,0,1000,0
2026-09-25T20:16:21.099Z,2026-09-25 15:16:21,2026-09-25 22:16:21,2026-09-27,2,"Ruta 1-A: Montaña Machupicchu",50,0,50,196,804
2026-09-25T20:16:21.099Z,2026-09-25 15:16:21,2026-09-25 22:16:21,2026-09-27,2,"Ruta 2-A: Clásico Diseñada",600,127,473,196,804
2026-09-25T20:24:40.072Z,2026-09-25 15:24:40,2026-09-25 22:24:40,2026-09-26,1,"Ruta 1-A: Montaña Machupicchu",50,50,0,1000,0
2026-09-25T20:24:40.072Z,2026-09-25 15:24:40,2026-09-25 22:24:40,2026-09-26,1,"Ruta 2-A: Clásico Diseñada",600,600,0,1000,0
2026-09-25T20:24:40.072Z,2026-09-25 15:24:40,2026-09-25 22:24:40,2026-09-27,2,"Ruta 1-A: Montaña Machupicchu",50,0,50,206,794
2026-09-25T20:24:40.072Z,2026-09-25 15:24:40,2026-09-25 22:24:40,2026-09-27,2,"Ruta 2-A: Clásico Diseñada",600,144,456,206,794
2026-09-25T20:36:07.201Z,2026-09-25 15:36:07,2026-09-25 22:36:07,2026-09-26,1,"Ruta 1-A: Montaña Machupicchu",50,50,0,1000,0
2026-09-25T20:36:07.201Z,2026-09-25 15:36:07,2026-09-25 22:36:07,2026-09-26,1,"Ruta 2-A: Clásico Diseñada",600,600,0,1000,0
2026-09-25T20:36:07.201Z,2026-09-25 15:36:07,2026-09-25 22:36:07,2026-09-27,2,"Ruta 1-A: Montaña Machupicchu",50,0,50,234,766
2026-09-25T20:36:07.201Z,2026-09-25 15:36:07,2026-09-25 22:36:07,2026-09-27,2,"Ruta 2-A: Clásico Diseñada",600,161,439,234,766
2026-09-25T20:47:23.237Z,2026-09-25 15:47:23,2026-09-25 22:47:23,2026-09-26,1,"Ruta 1-A: Montaña Machupicchu",50,50,0,1000,0
2026-09-25T20:47:23.237Z,2026-09-25 15:47:23,2026-09-25 22:47:23,2026-09-26,1,"Ruta 2-A: Clásico Diseñada",600,600,0,1000,0
2026-09-25T20:47:23.237Z,2026-09-25 15:47:23,2026-09-25 22:47:23,2026-09-27,2,"Ruta 1-A: Montaña Machupicchu",50,0,50,243,757
2026-09-25T20:47:23.237Z,2026-09-25 15:47:23,2026-09-25 22:47:23,2026-09-27,2,"Ruta 2-A: Clásico Diseñada",600,176,424,243,757
2026-09-25T20:53:41.885Z,2026-09-25 15:53:41,2026-09-25 22:53:41,2026-09-26,1,"Ruta 1-A: Montaña Machupicchu",50,50,0,1000,0
2026-09-25T20:53:41.885Z,2026-09-25 15:53:41,2026-09-25 22:53:41,2026-09-26,1,"Ruta 2-A: Clásico Diseñada",600,600,0,1000,0
2026-09-25T20:53:41.885Z,2026-09-25 15:53:41,2026-09-25 22:53:41,2026-09-27,2,"Ruta 1-A: Montaña Machupicchu",50,0,50,248,752
2026-09-25T20:53:41.885Z,2026-09-25 15:53:41,2026-09-25 22:53:41,2026-09-27,2,"Ruta 2-A: Clásico Diseñada",600,180,420,248,752
2026-09-25T21:00:31.518Z,2026-09-25 16:00:31,2026-09-25 23:00:31,2026-09-26,1,"Ruta 1-A: Montaña Machupicchu",50,50,0,1000,0
2026-09-25T21:00:31.518Z,2026-09-25 16:00:31,2026-09-25 23:00:31,2026-09-26,1,"Ruta 2-A: Clásico Diseñada",600,600,0,1000,0
2026-09-25T21:00:31.518Z,2026-09-25 16:00:31,2026-09-25 23:00:31,2026-09-27,2,"Ruta 1-A: Montaña Machupicchu",50,2,48,253,747
2026-09-25T21:00:31.518Z,2026-09-25 16:00:31,2026-09-25 23:00:31,2026-09-27,2,"Ruta 2-A: Clásico Diseñada",600,187,413,253,747
2026-09-25T21:06:19.199Z,2026-09-25 16:06:19,2026-09-25 23:06:19,2026-09-26,1,"Ruta 1-A: Montaña Machupicchu",50,50,0,1000,0
2026-09-25T21:06:19.199Z,2026-09-25 16:06:19,2026-09-25 23:06:19,2026-09-26,1,"Ruta 2-A: Clásico Diseñada",600,600,0,1000,0
2026-09-25T21:06:19.199Z,2026-09-25 16:06:19,2026-09-25 23:06:19,2026-09-27,2,"Ruta 1-A: Montaña Machupicchu",50,2,48,262,738
2026-09-25T21:06:19.199Z,2026-09-25 16:06:19,2026-09-25 23:06:19,2026-09-27,2,"Ruta 2-A: Clásico Diseñada",600,187,413,262,738
2026-09-25T21:35:16.779Z,2026-09-25 16:35:16,2026-09-25 23:35:16,2026-09-26,1,"Ruta 1-A: Montaña Machupicchu",50,50,0,1000,0
2026-09-25T21:35:16.779Z,2026-09-25 16:35:16,2026-09-25 23:35:16,2026-09-26,1,"Ruta 2-A: Clásico Diseñada",600,600,0,1000,0
2026-09-25T21:35:16.779Z,2026-09-25 16:35:16,2026-09-25 23:35:16,2026-09-27,2,"Ruta 1-A: Montaña Machupicchu",50,2,48,275,725
2026-09-25T21:35:16.779Z,2026-09-25 16:35:16,2026-09-25 23:35:16,2026-09-27,2,"Ruta 2-A: Clásico Diseñada",600,198,402,275,725
2026-09-25T21:48:30.589Z,2026-09-25 16:48:30,2026-09-25 23:48:30,2026-09-26,1,"Ruta 1-A: Montaña Machupicchu",50,50,0,1000,0
2026-09-25T21:48:30.589Z,2026-09-25 16:48:30,2026-09-25 23:48:30,2026-09-26,1,"Ruta 2-A: Clásico Diseñada",600,600,0,1000,0
2026-09-25T21:48:30.589Z,2026-09-25 16:48:30,2026-09-25 23:48:30,2026-09-27,2,"Ruta 1-A: Montaña Machupicchu",50,5,45,276,724
2026-09-25T21:48:30.589Z,2026-09-25 16:48:30,2026-09-25 23:48:30,2026-09-27,2,"Ruta 2-A: Clásico Diseñada",600,199,401,276,724
2026-09-25T22:06:38.024Z,2026-09-25 17:06:38,2026-09-26 00:06:38,2026-09-26,1,"Ruta 1-A: Montaña Machupicchu",50,50,0,1000,0
2026-09-25T22:06:38.024Z,2026-09-25 17:06:38,2026-09-26 00:06:38,2026-09-26,1,"Ruta 2-A: Clásico Diseñada",600,600,0,1000,0
2026-09-25T22:06:38.024Z,2026-09-25 17:06:38,2026-09-26 00:06:38,2026-09-27,2,"Ruta 1-A: Montaña Machupicchu",50,5,45,279,721
2026-09-25T22:06:38.024Z,2026-09-25 17:06:38,2026-09-26 00:06:38,2026-09-27,2,"Ruta 2-A: Clásico Diseñada",600,202,398,279,721
2026-09-25T22:25:04.953Z,2026-09-25 17:25:04,2026-09-26 00:25:04,2026-09-26,1,"Ruta 1-A: Montaña Machupicchu",50,50,0,1000,0
2026-09-25T22:25:04.953Z,2026-09-25 17:25:04,2026-09-26 00:25:04,2026-09-26,1,"Ruta 2-A: Clásico Diseñada",600,600,0,1000,0
2026-09-25T22:25:04.953Z,2026-09-25 17:25:04,2026-09-26 00:25:04,2026-09-27,2,"Ruta 1-A: Montaña Machupicchu",50,5,45,282,718
2026-09-25T22:25:04.953Z,2026-09-25 17:25:04,2026-09-26 00:25:04,2026-09-27,2,"Ruta 2-A: Clásico Diseñada",600,205,395,282,718
2026-09-25T22:35:40.924Z,2026-09-25 17:35:40,2026-09-26 00:35:40,2026-09-26,1,"Ruta 1-A: Montaña Machupicchu",50,50,0,1000,0
2026-09-25T22:35:40.924Z,2026-09-25 17:35:40,2026-09-26 00:35:40,2026-09-26,1,"Ruta 2-A: Clásico Diseñada",600,600,0,1000,0
2026-09-25T22:35:40.924Z,2026-09-25 17:35:40,2026-09-26 00:35:40,2026-09-27,2,"Ruta 1-A: Montaña Machupicchu",50,5,45,285,715
2026-09-25T22:35:40.924Z,2026-09-25 17:35:40,2026-09-26 00:35:40,2026-09-27,2,"Ruta 2-A: Clásico Diseñada",600,205,395,285,715
2026-09-25T22:48:16.066Z,2026-09-25 17:48:16,2026-09-26 00:48:16,2026-09-26,1,"Ruta 1-A: Montaña Machupicchu",50,50,0,1000,0
2026-09-25T22:48:16.066Z,2026-09-25 17:48:16,2026-09-26 00:48:16,2026-09-26,1,"Ruta 2-A: Clásico Diseñada",600,600,0,1000,0
2026-09-25T22:48:16.066Z,2026-09-25 17:48:16,2026-09-26 00:48:16,2026-09-27,2,"Ruta 1-A: Montaña Machupicchu",50,5,45,289,711
2026-09-25T22:48:16.066Z,2026-09-25 17:48:16,2026-09-26 00:48:16,2026-09-27,2,"Ruta 2-A: Clásico Diseñada",600,212,388,289,711
2026-09-25T23:06:08.420Z,2026-09-25 18:06:08,2026-09-26 01:06:08,2026-09-26,1,"Ruta 1-A: Montaña Machupicchu",50,50,0,1000,0
2026-09-25T23:06:08.420Z,2026-09-25 18:06:08,2026-09-26 01:06:08,2026-09-26,1,"Ruta 2-A: Clásico Diseñada",600,600,0,1000,0
2026-09-25T23:06:08.420Z,2026-09-25 18:06:08,2026-09-26 01:06:08,2026-09-27,2,"Ruta 1-A: Montaña Machupicchu",50,5,45,294,706
2026-09-25T23:06:08.420Z,2026-09-25 18:06:08,2026-09-26 01:06:08,2026-09-27,2,"Ruta 2-A: Clásico Diseñada",600,217,383,294,706
2026-09-25T23:23:25.933Z,2026-09-25 18:23:25,2026-09-26 01:23:25,2026-09-26,1,"Ruta 1-A: Montaña Machupicchu",50,50,0,1000,0
2026-09-25T23:23:25.933Z,2026-09-25 18:23:25,2026-09-26 01:23:25,2026-09-26,1,"Ruta 2-A: Clásico Diseñada",600,600,0,1000,0
2026-09-25T23:23:25.933Z,2026-09-25 18:23:25,2026-09-26 01:23:25,2026-09-27,2,"Ruta 1-A: Montaña Machupicchu",50,5,45,296,704
2026-09-25T23:23:25.933Z,2026-09-25 18:23:25,2026-09-26 01:23:25,2026-09-27,2,"Ruta 2-A: Clásico Diseñada",600,219,381,296,704
2026-09-25T23:33:35.968Z,2026-09-25 18:33:35,2026-09-26 01:33:35,2026-09-26,1,"Ruta 1-A: Montaña Machupicchu",50,50,0,1000,0
2026-09-25T23:33:35.968Z,2026-09-25 18:33:35,2026-09-26 01:33:35,2026-09-26,1,"Ruta 2-A: Clásico Diseñada",600,600,0,1000,0
2026-09-25T23:33:35.968Z,2026-09-25 18:33:35,2026-09-26 01:33:35,2026-09-27,2,"Ruta 1-A: Montaña Machupicchu",50,5,45,306,694
2026-09-25T23:33:35.968Z,2026-09-25 18:33:35,2026-09-26 01:33:35,2026-09-27,2,"Ruta 2-A: Clásico Diseñada",600,227,373,306,694
2026-09-25T23:48:21.354Z,2026-09-25 18:48:21,2026-09-26 01:48:21,2026-09-26,1,"Ruta 1-A: Montaña Machupicchu",50,50,0,1000,0
2026-09-25T23:48:21.354Z,2026-09-25 18:48:21,2026-09-26 01:48:21,2026-09-26,1,"Ruta 2-A: Clásico Diseñada",600,600,0,1000,0
2026-09-25T23:48:21.354Z,2026-09-25 18:48:21,2026-09-26 01:48:21,2026-09-27,2,"Ruta 1-A: Montaña Machupicchu",50,5,45,312,688
2026-09-25T23:48:21.354Z,2026-09-25 18:48:21,2026-09-26 01:48:21,2026-09-27,2,"Ruta 2-A: Clásico Diseñada",600,234,366,312,688
2026-09-26T00:14:58.335Z,2026-09-25 19:14:58,2026-09-26 02:14:58,2026-09-27,2,"Ruta 1-A: Montaña Machupicchu",50,5,45,322,678
2026-09-26T00:14:58.335Z,2026-09-25 19:14:58,2026-09-26 02:14:58,2026-09-27,2,"Ruta 2-A: Clásico Diseñada",600,239,361,322,678
2026-09-26T01:01:54.066Z,2026-09-25 20:01:54,2026-09-26 03:01:54,2026-09-27,2,"Ruta 1-A: Montaña Machupicchu",50,5,45,363,637
2026-09-26T01:01:54.066Z,2026-09-25 20:01:54,2026-09-26 03:01:54,2026-09-27,2,"Ruta 2-A: Clásico Diseñada",600,262,338,363,637
2026-09-26T01:29:52.144Z,2026-09-25 20:29:52,2026-09-26 03:29:52,2026-09-27,2,"Ruta 1-A: Montaña Machupicchu",50,5,45,364,636
2026-09-26T01:29:52.144Z,2026-09-25 20:29:52,2026-09-26 03:29:52,2026-09-27,2,"Ruta 2-A: Clásico Diseñada",600,267,333,364,636
2026-09-26T02:08:36.719Z,2026-09-25 21:08:36,2026-09-26 04:08:36,2026-09-27,2,"Ruta 1-A: Montaña Machupicchu",50,5,45,373,627
2026-09-26T02:08:36.719Z,2026-09-25 21:08:36,2026-09-26 04:08:36,2026-09-27,2,"Ruta 2-A: Clásico Diseñada",600,276,324,373,627
2026-09-26T02:33:15.203Z,2026-09-25 21:33:15,2026-09-26 04:33:15,2026-09-27,2,"Ruta 1-A: Montaña Machupicchu",50,5,45,463,537
2026-09-26T02:33:15.203Z,2026-09-25 21:33:15,2026-09-26 04:33:15,2026-09-27,2,"Ruta 2-A: Clásico Diseñada",600,333,267,463,537
2026-09-26T02:52:19.498Z,2026-09-25 21:52:19,2026-09-26 04:52:19,2026-09-27,2,"Ruta 1-A: Montaña Machupicchu",50,5,45,486,514
2026-09-26T02:52:19.498Z,2026-09-25 21:52:19,2026-09-26 04:52:19,2026-09-27,2,"Ruta 2-A: Clásico Diseñada",600,377,223,486,514
2026-09-26T03:07:20.384Z,2026-09-25 22:07:20,2026-09-26 05:07:20,2026-09-27,2,"Ruta 1-A: Montaña Machupicchu",50,5,45,487,513
2026-09-26T03:07:20.384Z,2026-09-25 22:07:20,2026-09-26 05:07:20,2026-09-27,2,"Ruta 2-A: Clásico Diseñada",600,377,223,487,513
2026-09-26T03:29:17.915Z,2026-09-25 22:29:17,2026-09-26 05:29:17,2026-09-27,2,"Ruta 1-A: Montaña Machupicchu",50,5,45,487,513
2026-09-26T03:29:17.915Z,2026-09-25 22:29:17,2026-09-26 05:29:17,2026-09-27,2,"Ruta 2-A: Clásico Diseñada",600,377,223,487,513
2026-09-26T03:52:19.329Z,2026-09-25 22:52:19,2026-09-26 05:52:19,2026-09-27,2,"Ruta 1-A: Montaña Machupicchu",50,5,45,487,513
2026-09-26T03:52:19.329Z,2026-09-25 22:52:19,2026-09-26 05:52:19,2026-09-27,2,"Ruta 2-A: Clásico Diseñada",600,377,223,487,513
2026-09-26T04:07:34.163Z,2026-09-25 23:07:34,2026-09-26 06:07:34,2026-09-27,2,"Ruta 1-A: Montaña Machupicchu",50,5,45,487,513
2026-09-26T04:07:34.163Z,2026-09-25 23:07:34,2026-09-26 06:07:34,2026-09-27,2,"Ruta 2-A: Clásico Diseñada",600,377,223,487,513
2026-09-26T04:28:52.914Z,2026-09-25 23:28:52,2026-09-26 06:28:52,2026-09-27,2,"Ruta 1-A: Montaña Machupicchu",50,5,45,487,513
2026-09-26T04:28:52.914Z,2026-09-25 23:28:52,2026-09-26 06:28:52,2026-09-27,2,"Ruta 2-A: Clásico Diseñada",600,377,223,487,513
2026-09-26T04:43:03.975Z,2026-09-25 23:43:03,2026-09-26 06:43:03,2026-09-27,2,"Ruta 1-A: Montaña Machupicchu",50,5,45,487,513
2026-09-26T04:43:03.975Z,2026-09-25 23:43:03,2026-09-26 06:43:03,2026-09-27,2,"Ruta 2-A: Clásico Diseñada",600,377,223,487,513
2026-09-26T05:06:12.827Z,2026-09-26 00:06:12,2026-09-26 07:06:12,2026-09-27,1,"Ruta 1-A: Montaña Machupicchu",50,5,45,487,513
2026-09-26T05:06:12.827Z,2026-09-26 00:06:12,2026-09-26 07:06:12,2026-09-27,1,"Ruta 2-A: Clásico Diseñada",600,377,223,487,513
2026-09-26T05:25:17.399Z,2026-09-26 00:25:17,2026-09-26 07:25:17,2026-09-27,1,"Ruta 1-A: Montaña Machupicchu",50,5,45,487,513
2026-09-26T05:25:17.399Z,2026-09-26 00:25:17,2026-09-26 07:25:17,2026-09-27,1,"Ruta 2-A: Clásico Diseñada",600,377,223,487,513
2026-09-26T05:36:16.460Z,2026-09-26 00:36:16,2026-09-26 07:36:16,2026-09-27,1,"Ruta 1-A: Montaña Machupicchu",50,5,45,487,513
2026-09-26T05:36:16.460Z,2026-09-26 00:36:16,2026-09-26 07:36:16,2026-09-27,1,"Ruta 2-A: Clásico Diseñada",600,377,223,487,513
2026-09-26T05:48:16.672Z,2026-09-26 00:48:16,2026-09-26 07:48:16,2026-09-27,1,"Ruta 1-A: Montaña Machupicchu",50,5,45,487,513
2026-09-26T05:48:16.672Z,2026-09-26 00:48:16,2026-09-26 07:48:16,2026-09-27,1,"Ruta 2-A: Clásico Diseñada",600,377,223,487,513
2026-09-26T06:09:58.024Z,2026-09-26 01:09:58,2026-09-26 08:09:58,2026-09-27,1,"Ruta 1-A: Montaña Machupicchu",50,5,45,487,513
2026-09-26T06:09:58.024Z,2026-09-26 01:09:58,2026-09-26 08:09:58,2026-09-27,1,"Ruta 2-A: Clásico Diseñada",600,377,223,487,513
2026-09-26T06:37:54.534Z,2026-09-26 01:37:54,2026-09-26 08:37:54,2026-09-27,1,"Ruta 1-A: Montaña Machupicchu",50,5,45,487,513
2026-09-26T06:37:54.534Z,2026-09-26 01:37:54,2026-09-26 08:37:54,2026-09-27,1,"Ruta 2-A: Clásico Diseñada",600,377,223,487,513
2026-09-26T07:12:27.996Z,2026-09-26 02:12:27,2026-09-26 09:12:27,2026-09-27,1,"Ruta 1-A: Montaña Machupicchu",50,5,45,487,513
2026-09-26T07:12:27.996Z,2026-09-26 02:12:27,2026-09-26 09:12:27,2026-09-27,1,"Ruta 2-A: Clásico Diseñada",600,377,223,487,513
2026-09-26T07:48:12.570Z,2026-09-26 02:48:12,2026-09-26 09:48:12,2026-09-27,1,"Ruta 1-A: Montaña Machupicchu",50,5,45,487,513
2026-09-26T07:48:12.570Z,2026-09-26 02:48:12,2026-09-26 09:48:12,2026-09-27,1,"Ruta 2-A: Clásico Diseñada",600,377,223,487,513
2026-09-26T08:31:30.344Z,2026-09-26 03:31:30,2026-09-26 10:31:30,2026-09-27,1,"Ruta 1-A: Montaña Machupicchu",50,5,45,487,513
2026-09-26T08:31:30.344Z,2026-09-26 03:31:30,2026-09-26 10:31:30,2026-09-27,1,"Ruta 2-A: Clásico Diseñada",600,377,223,487,513
2026-09-26T08:46:08.317Z,2026-09-26 03:46:08,2026-09-26 10:46:08,2026-09-27,1,"Ruta 1-A: Montaña Machupicchu",50,5,45,487,513
2026-09-26T08:46:08.317Z,2026-09-26 03:46:08,2026-09-26 10:46:08,2026-09-27,1,"Ruta 2-A: Clásico Diseñada",600,377,223,487,513
2026-09-26T08:53:37.401Z,2026-09-26 03:53:37,2026-09-26 10:53:37,2026-09-27,1,"Ruta 1-A: Montaña Machupicchu",50,5,45,487,513
2026-09-26T08:53:37.401Z,2026-09-26 03:53:37,2026-09-26 10:53:37,2026-09-27,1,"Ruta 2-A: Clásico Diseñada",600,377,223,487,513
2026-09-26T09:06:39.698Z,2026-09-26 04:06:39,2026-09-26 11:06:39,2026-09-27,1,"Ruta 1-A: Montaña Machupicchu",50,5,45,487,513
2026-09-26T09:06:39.698Z,2026-09-26 04:06:39,2026-09-26 11:06:39,2026-09-27,1,"Ruta 2-A: Clásico Diseñada",600,377,223,487,513
2026-09-26T09:25:40.905Z,2026-09-26 04:25:40,2026-09-26 11:25:40,2026-09-27,1,"Ruta 1-A: Montaña Machupicchu",50,5,45,487,513
2026-09-26T09:25:40.905Z,2026-09-26 04:25:40,2026-09-26 11:25:40,2026-09-27,1,"Ruta 2-A: Clásico Diseñada",600,377,223,487,513
2026-09-26T09:36:00.345Z,2026-09-26 04:36:00,2026-09-26 11:36:00,2026-09-27,1,"Ruta 1-A: Montaña Machupicchu",50,5,45,487,513
2026-09-26T09:36:00.345Z,2026-09-26 04:36:00,2026-09-26 11:36:00,2026-09-27,1,"Ruta 2-A: Clásico Diseñada",600,377,223,487,513
2026-09-26T09:48:14.776Z,2026-09-26 04:48:14,2026-09-26 11:48:14,2026-09-27,1,"Ruta 1-A: Montaña Machupicchu",50,5,45,487,513
2026-09-26T09:48:14.776Z,2026-09-26 04:48:14,2026-09-26 11:48:14,2026-09-27,1,"Ruta 2-A: Clásico Diseñada",600,377,223,487,513
2026-09-26T10:06:10.334Z,2026-09-26 05:06:10,2026-09-26 12:06:10,2026-09-27,1,"Ruta 1-A: Montaña Machupicchu",50,5,45,487,513
2026-09-26T10:06:10.334Z,2026-09-26 05:06:10,2026-09-26 12:06:10,2026-09-27,1,"Ruta 2-A: Clásico Diseñada",600,377,223,487,513
2026-09-26T10:24:04.240Z,2026-09-26 05:24:04,2026-09-26 12:24:04,2026-09-27,1,"Ruta 1-A: Montaña Machupicchu",50,5,45,487,513
2026-09-26T10:24:04.240Z,2026-09-26 05:24:04,2026-09-26 12:24:04,2026-09-27,1,"Ruta 2-A: Clásico Diseñada",600,377,223,487,513
2026-09-26T10:34:34.934Z,2026-09-26 05:34:34,2026-09-26 12:34:34,2026-09-27,1,"Ruta 1-A: Montaña Machupicchu",50,5,45,487,513
2026-09-26T10:34:34.934Z,2026-09-26 05:34:34,2026-09-26 12:34:34,2026-09-27,1,"Ruta 2-A: Clásico Diseñada",600,377,223,487,513
2026-09-26T10:48:19.029Z,2026-09-26 05:48:19,2026-09-26 12:48:19,2026-09-27,1,"Ruta 1-A: Montaña Machupicchu",50,5,45,487,513
2026-09-26T10:48:19.029Z,2026-09-26 05:48:19,2026-09-26 12:48:19,2026-09-27,1,"Ruta 2-A: Clásico Diseñada",600,377,223,487,513
2026-09-26T11:05:44.595Z,2026-09-26 06:05:44,2026-09-26 13:05:44,2026-09-27,1,"Ruta 1-A: Montaña Machupicchu",50,5,45,502,498
2026-09-26T11:05:44.595Z,2026-09-26 06:05:44,2026-09-26 13:05:44,2026-09-27,1,"Ruta 2-A: Clásico Diseñada",600,379,221,502,498
2026-09-26T11:22:07.822Z,2026-09-26 06:22:07,2026-09-26 13:22:07,2026-09-27,1,"Ruta 1-A: Montaña Machupicchu",50,5,45,559,441
2026-09-26T11:22:07.822Z,2026-09-26 06:22:07,2026-09-26 13:22:07,2026-09-27,1,"Ruta 2-A: Clásico Diseñada",600,408,192,559,441
2026-09-26T11:48:17.417Z,2026-09-26 06:48:17,2026-09-26 13:48:17,2026-09-27,1,"Ruta 1-A: Montaña Machupicchu",50,5,45,559,441
2026-09-26T11:48:17.417Z,2026-09-26 06:48:17,2026-09-26 13:48:17,2026-09-27,1,"Ruta 2-A: Clásico Diseñada",600,428,172,559,441
2026-09-26T12:08:15.036Z,2026-09-26 07:08:15,2026-09-26 14:08:15,2026-09-27,1,"Ruta 1-A: Montaña Machupicchu",50,5,45,643,357
2026-09-26T12:08:15.036Z,2026-09-26 07:08:15,2026-09-26 14:08:15,2026-09-27,1,"Ruta 2-A: Clásico Diseñada",600,452,148,643,357
2026-09-26T12:52:20.714Z,2026-09-26 07:52:20,2026-09-26 14:52:20,2026-09-27,1,"Ruta 1-A: Montaña Machupicchu",50,5,45,648,352
2026-09-26T12:52:20.714Z,2026-09-26 07:52:20,2026-09-26 14:52:20,2026-09-27,1,"Ruta 2-A: Clásico Diseñada",600,485,115,648,352
2026-09-26T13:05:45.189Z,2026-09-26 08:05:45,2026-09-26 15:05:45,2026-09-27,1,"Ruta 1-A: Montaña Machupicchu",50,5,45,649,351
2026-09-26T13:05:45.189Z,2026-09-26 08:05:45,2026-09-26 15:05:45,2026-09-27,1,"Ruta 2-A: Clásico Diseñada",600,486,114,649,351
2026-09-26T13:23:26.696Z,2026-09-26 08:23:26,2026-09-26 15:23:26,2026-09-27,1,"Ruta 1-A: Montaña Machupicchu",50,5,45,681,319
2026-09-26T13:23:26.696Z,2026-09-26 08:23:26,2026-09-26 15:23:26,2026-09-27,1,"Ruta 2-A: Clásico Diseñada",600,500,100,681,319
2026-09-26T13:34:24.831Z,2026-09-26 08:34:24,2026-09-26 15:34:24,2026-09-27,1,"Ruta 1-A: Montaña Machupicchu",50,5,45,703,297
2026-09-26T13:34:24.831Z,2026-09-26 08:34:24,2026-09-26 15:34:24,2026-09-27,1,"Ruta 2-A: Clásico Diseñada",600,511,89,703,297
2026-09-26T13:48:25.288Z,2026-09-26 08:48:25,2026-09-26 15:48:25,2026-09-27,1,"Ruta 1-A: Montaña Machupicchu",50,5,45,763,237
2026-09-26T13:48:25.288Z,2026-09-26 08:48:25,2026-09-26 15:48:25,2026-09-27,1,"Ruta 2-A: Clásico Diseñada",600,539,61,763,237
2026-09-26T14:06:15.185Z,2026-09-26 09:06:15,2026-09-26 16:06:15,2026-09-27,1,"Ruta 1-A: Montaña Machupicchu",50,5,45,775,225
2026-09-26T14:06:15.185Z,2026-09-26 09:06:15,2026-09-26 16:06:15,2026-09-27,1,"Ruta 2-A: Clásico Diseñada",600,562,38,775,225
2026-09-26T14:24:40.545Z,2026-09-26 09:24:40,2026-09-26 16:24:40,2026-09-27,1,"Ruta 1-A: Montaña Machupicchu",50,5,45,785,215
2026-09-26T14:24:40.545Z,2026-09-26 09:24:40,2026-09-26 16:24:40,2026-09-27,1,"Ruta 2-A: Clásico Diseñada",600,581,19,785,215
2026-09-26T14:35:33.622Z,2026-09-26 09:35:33,2026-09-26 16:35:33,2026-09-27,1,"Ruta 1-A: Montaña Machupicchu",50,5,45,789,211
2026-09-26T14:35:33.622Z,2026-09-26 09:35:33,2026-09-26 16:35:33,2026-09-27,1,"Ruta 2-A: Clásico Diseñada",600,581,19,789,211
2026-09-26T14:48:32.161Z,2026-09-26 09:48:32,2026-09-26 16:48:32,2026-09-27,1,"Ruta 1-A: Montaña Machupicchu",50,5,45,797,203
2026-09-26T14:48:32.161Z,2026-09-26 09:48:32,2026-09-26 16:48:32,2026-09-27,1,"Ruta 2-A: Clásico Diseñada",600,583,17,797,203
2026-09-26T15:24:19.603Z,2026-09-26 10:24:19,2026-09-26 17:24:19,2026-09-27,1,"Ruta 1-A: Montaña Machupicchu",50,5,45,820,180
2026-09-26T15:24:19.603Z,2026-09-26 10:24:19,2026-09-26 17:24:19,2026-09-27,1,"Ruta 2-A: Clásico Diseñada",600,587,13,820,180
2026-09-26T15:35:34.127Z,2026-09-26 10:35:34,2026-09-26 17:35:34,2026-09-27,1,"Ruta 1-A: Montaña Machupicchu",50,5,45,820,180
2026-09-26T15:35:34.127Z,2026-09-26 10:35:34,2026-09-26 17:35:34,2026-09-27,1,"Ruta 2-A: Clásico Diseñada",600,587,13,820,180
2026-09-26T15:48:38.893Z,2026-09-26 10:48:38,2026-09-26 17:48:38,2026-09-27,1,"Ruta 1-A: Montaña Machupicchu",50,5,45,838,162
2026-09-26T15:48:38.893Z,2026-09-26 10:48:38,2026-09-26 17:48:38,2026-09-27,1,"Ruta 2-A: Clásico Diseñada",600,587,13,838,162
2026-09-26T16:07:29.079Z,2026-09-26 11:07:29,2026-09-26 18:07:29,2026-09-27,1,"Ruta 1-A: Montaña Machupicchu",50,5,45,839,161
2026-09-26T16:07:29.079Z,2026-09-26 11:07:29,2026-09-26 18:07:29,2026-09-27,1,"Ruta 2-A: Clásico Diseñada",600,590,10,839,161
2026-09-26T16:26:56.812Z,2026-09-26 11:26:56,2026-09-26 18:26:56,2026-09-27,1,"Ruta 1-A: Montaña Machupicchu",50,5,45,853,147
2026-09-26T16:26:56.812Z,2026-09-26 11:26:56,2026-09-26 18:26:56,2026-09-27,1,"Ruta 2-A: Clásico Diseñada",600,596,4,853,147
2026-09-26T16:37:45.861Z,2026-09-26 11:37:45,2026-09-26 18:37:45,2026-09-27,1,"Ruta 1-A: Montaña Machupicchu",50,5,45,856,144
2026-09-26T16:37:45.861Z,2026-09-26 11:37:45,2026-09-26 18:37:45,2026-09-27,1,"Ruta 2-A: Clásico Diseñada",600,600,0,856,144
2026-09-26T16:49:02.353Z,2026-09-26 11:49:02,2026-09-26 18:49:02,2026-09-27,1,"Ruta 1-A: Montaña Machupicchu",50,5,45,856,144
2026-09-26T16:49:02.353Z,2026-09-26 11:49:02,2026-09-26 18:49:02,2026-09-27,1,"Ruta 2-A: Clásico Diseñada",600,600,0,856,144
2026-09-26T17:05:47.174Z,2026-09-26 12:05:47,2026-09-26 19:05:47,2026-09-27,1,"Ruta 1-A: Montaña Machupicchu",50,5,45,858,142
2026-09-26T17:05:47.174Z,2026-09-26 12:05:47,2026-09-26 19:05:47,2026-09-27,1,"Ruta 2-A: Clásico Diseñada",600,600,0,858,142
2026-09-26T17:22:11.895Z,2026-09-26 12:22:11,2026-09-26 19:22:11,2026-09-27,1,"Ruta 1-A: Montaña Machupicchu",50,5,45,909,91
2026-09-26T17:22:11.895Z,2026-09-26 12:22:11,2026-09-26 19:22:11,2026-09-27,1,"Ruta 2-A: Clásico Diseñada",600,600,0,909,91
2026-09-26T17:34:28.977Z,2026-09-26 12:34:28,2026-09-26 19:34:28,2026-09-27,1,"Ruta 1-A: Montaña Machupicchu",50,7,43,929,71
2026-09-26T17:34:28.977Z,2026-09-26 12:34:28,2026-09-26 19:34:28,2026-09-27,1,"Ruta 2-A: Clásico Diseñada",600,600,0,929,71
2026-09-26T17:48:22.611Z,2026-09-26 12:48:22,2026-09-26 19:48:22,2026-09-27,1,"Ruta 1-A: Montaña Machupicchu",50,12,38,941,59
2026-09-26T17:48:22.611Z,2026-09-26 12:48:22,2026-09-26 19:48:22,2026-09-27,1,"Ruta 2-A: Clásico Diseñada",600,600,0,941,59
2026-09-26T18:06:04.521Z,2026-09-26 13:06:04,2026-09-26 20:06:04,2026-09-27,1,"Ruta 1-A: Montaña Machupicchu",50,16,34,949,51
2026-09-26T18:06:04.521Z,2026-09-26 13:06:04,2026-09-26 20:06:04,2026-09-27,1,"Ruta 2-A: Clásico Diseñada",600,600,0,949,51
2026-09-26T18:27:07.448Z,2026-09-26 13:27:07,2026-09-26 20:27:07,2026-09-27,1,"Ruta 1-A: Montaña Machupicchu",50,16,34,949,51
2026-09-26T18:27:07.448Z,2026-09-26 13:27:07,2026-09-26 20:27:07,2026-09-27,1,"Ruta 2-A: Clásico Diseñada",600,600,0,949,51
2026-09-26T18:29:14.349Z,2026-09-26 13:29:14,2026-09-26 20:29:14,2026-09-27,1,"Ruta 1-A: Montaña Machupicchu",50,16,34,949,51
2026-09-26T18:29:14.349Z,2026-09-26 13:29:14,2026-09-26 20:29:14,2026-09-27,1,"Ruta 2-A: Clásico Diseñada",600,600,0,949,51
2026-09-26T18:44:17.498Z,2026-09-26 13:44:17,2026-09-26 20:44:17,2026-09-27,1,"Ruta 1-A: Montaña Machupicchu",50,16,34,953,47
2026-09-26T18:44:17.498Z,2026-09-26 13:44:17,2026-09-26 20:44:17,2026-09-27,1,"Ruta 2-A: Clásico Diseñada",600,600,0,953,47
2026-09-26T18:49:34.535Z,2026-09-26 13:49:34,2026-09-26 20:49:34,2026-09-27,1,"Ruta 1-A: Montaña Machupicchu",50,16,34,955,45
2026-09-26T18:49:34.535Z,2026-09-26 13:49:34,2026-09-26 20:49:34,2026-09-27,1,"Ruta 2-A: Clásico Diseñada",600,600,0,955,45
2026-09-26T18:52:24.517Z,2026-09-26 13:52:24,2026-09-26 20:52:24,2026-09-27,1,"Ruta 1-A: Montaña Machupicchu",50,16,34,955,45
2026-09-26T18:52:24.517Z,2026-09-26 13:52:24,2026-09-26 20:52:24,2026-09-27,1,"Ruta 2-A: Clásico Diseñada",600,600,0,955,45
2026-09-26T18:56:28.925Z,2026-09-26 13:56:28,2026-09-26 20:56:28,2026-09-27,1,"Ruta 1-A: Montaña Machupicchu",50,16,34,955,45
2026-09-26T18:56:28.925Z,2026-09-26 13:56:28,2026-09-26 20:56:28,2026-09-27,1,"Ruta 2-A: Clásico Diseñada",600,600,0,955,45
2026-09-26T19:04:28.622Z,2026-09-26 14:04:28,2026-09-26 21:04:28,2026-09-27,1,"Ruta 1-A: Montaña Machupicchu",50,16,34,956,44
2026-09-26T19:04:28.622Z,2026-09-26 14:04:28,2026-09-26 21:04:28,2026-09-27,1,"Ruta 2-A: Clásico Diseñada",600,600,0,956,44
2026-09-26T19:18:16.287Z,2026-09-26 14:18:16,2026-09-26 21:18:16,2026-09-27,1,"Ruta 1-A: Montaña Machupicchu",50,16,34,961,39
2026-09-26T19:18:16.287Z,2026-09-26 14:18:16,2026-09-26 21:18:16,2026-09-27,1,"Ruta 2-A: Clásico Diseñada",600,600,0,961,39
2026-09-26T19:21:10.620Z,2026-09-26 14:21:10,2026-09-26 21:21:10,2026-09-27,1,"Ruta 1-A: Montaña Machupicchu",50,18,32,963,37
2026-09-26T19:21:10.620Z,2026-09-26 14:21:10,2026-09-26 21:21:10,2026-09-27,1,"Ruta 2-A: Clásico Diseñada",600,600,0,963,37
2026-09-26T19:26:44.196Z,2026-09-26 14:26:44,2026-09-26 21:26:44,2026-09-27,1,"Ruta 1-A: Montaña Machupicchu",50,23,27,967,33
2026-09-26T19:26:44.196Z,2026-09-26 14:26:44,2026-09-26 21:26:44,2026-09-27,1,"Ruta 2-A: Clásico Diseñada",600,600,0,967,33
2026-09-26T19:33:57.532Z,2026-09-26 14:33:57,2026-09-26 21:33:57,2026-09-27,1,"Ruta 1-A: Montaña Machupicchu",50,26,24,969,31
2026-09-26T19:33:57.532Z,2026-09-26 14:33:57,2026-09-26 21:33:57,2026-09-27,1,"Ruta 2-A: Clásico Diseñada",600,600,0,969,31
2026-09-26T19:42:00.764Z,2026-09-26 14:42:00,2026-09-26 21:42:00,2026-09-27,1,"Ruta 1-A: Montaña Machupicchu",50,26,24,971,29
2026-09-26T19:42:00.764Z,2026-09-26 14:42:00,2026-09-26 21:42:00,2026-09-27,1,"Ruta 2-A: Clásico Diseñada",600,600,0,971,29
2026-09-26T19:48:41.962Z,2026-09-26 14:48:41,2026-09-26 21:48:41,2026-09-27,1,"Ruta 1-A: Montaña Machupicchu",50,29,21,981,19
2026-09-26T19:48:41.962Z,2026-09-26 14:48:41,2026-09-26 21:48:41,2026-09-27,1,"Ruta 2-A: Clásico Diseñada",600,600,0,981,19
2026-09-26T19:55:14.960Z,2026-09-26 14:55:14,2026-09-26 21:55:14,2026-09-27,1,"Ruta 1-A: Montaña Machupicchu",50,33,17,985,15
2026-09-26T19:55:14.960Z,2026-09-26 14:55:14,2026-09-26 21:55:14,2026-09-27,1,"Ruta 2-A: Clásico Diseñada",600,600,0,985,15
2026-09-26T20:01:29.351Z,2026-09-26 15:01:29,2026-09-26 22:01:29,2026-09-27,1,"Ruta 1-A: Montaña Machupicchu",50,35,15,991,9
2026-09-26T20:01:29.351Z,2026-09-26 15:01:29,2026-09-26 22:01:29,2026-09-27,1,"Ruta 2-A: Clásico Diseñada",600,600,0,991,9
2026-09-26T20:06:20.996Z,2026-09-26 15:06:20,2026-09-26 22:06:20,2026-09-27,1,"Ruta 1-A: Montaña Machupicchu",50,37,13,992,8
2026-09-26T20:06:20.996Z,2026-09-26 15:06:20,2026-09-26 22:06:20,2026-09-27,1,"Ruta 2-A: Clásico Diseñada",600,600,0,992,8
2026-09-26T20:19:53.138Z,2026-09-26 15:19:53,2026-09-26 22:19:53,2026-09-27,1,"Ruta 1-A: Montaña Machupicchu",50,41,9,998,2
2026-09-26T20:19:53.138Z,2026-09-26 15:19:53,2026-09-26 22:19:53,2026-09-27,1,"Ruta 2-A: Clásico Diseñada",600,600,0,998,2
2026-09-26T20:24:48.349Z,2026-09-26 15:24:48,2026-09-26 22:24:48,2026-09-27,1,"Ruta 1-A: Montaña Machupicchu",50,41,9,1000,0
2026-09-26T20:24:48.349Z,2026-09-26 15:24:48,2026-09-26 22:24:48,2026-09-27,1,"Ruta 2-A: Clásico Diseñada",600,600,0,1000,0
2026-09-26T20:30:29.115Z,2026-09-26 15:30:29,2026-09-26 22:30:29,2026-09-27,1,"Ruta 1-A: Montaña Machupicchu",50,43,7,1000,0
2026-09-26T20:30:29.115Z,2026-09-26 15:30:29,2026-09-26 22:30:29,2026-09-27,1,"Ruta 2-A: Clásico Diseñada",600,600,0,1000,0
2026-09-26T20:35:25.161Z,2026-09-26 15:35:25,2026-09-26 22:35:25,2026-09-27,1,"Ruta 1-A: Montaña Machupicchu",50,43,7,1000,0
2026-09-26T20:35:25.161Z,2026-09-26 15:35:25,2026-09-26 22:35:25,2026-09-27,1,"Ruta 2-A: Clásico Diseñada",600,600,0,1000,0
2026-09-26T20:40:46.225Z,2026-09-26 15:40:46,2026-09-26 22:40:46,2026-09-27,1,"Ruta 1-A: Montaña Machupicchu",50,43,7,1000,0
2026-09-26T20:40:46.225Z,2026-09-26 15:40:46,2026-09-26 22:40:46,2026-09-27,1,"Ruta 2-A: Clásico Diseñada",600,600,0,1000,0
2026-09-26T20:46:59.655Z,2026-09-26 15:46:59,2026-09-26 22:46:59,2026-09-27,1,"Ruta 1-A: Montaña Machupicchu",50,47,3,1000,0
2026-09-26T20:46:59.655Z,2026-09-26 15:46:59,2026-09-26 22:46:59,2026-09-27,1,"Ruta 2-A: Clásico Diseñada",600,600,0,1000,0
2026-09-26T20:53:21.920Z,2026-09-26 15:53:21,2026-09-26 22:53:21,2026-09-27,1,"Ruta 1-A: Montaña Machupicchu",50,48,2,1000,0
2026-09-26T20:53:21.920Z,2026-09-26 15:53:21,2026-09-26 22:53:21,2026-09-27,1,"Ruta 2-A: Clásico Diseñada",600,600,0,1000,0
2026-09-26T20:59:26.280Z,2026-09-26 15:59:26,2026-09-26 22:59:26,2026-09-27,1,"Ruta 1-A: Montaña Machupicchu",50,48,2,1000,0
2026-09-26T20:59:26.280Z,2026-09-26 15:59:26,2026-09-26 22:59:26,2026-09-27,1,"Ruta 2-A: Clásico Diseñada",600,600,0,1000,0
2026-09-26T21:06:03.452Z,2026-09-26 16:06:03,2026-09-26 23:06:03,2026-09-27,1,"Ruta 1-A: Montaña Machupicchu",50,48,2,1000,0
2026-09-26T21:06:03.452Z,2026-09-26 16:06:03,2026-09-26 23:06:03,2026-09-27,1,"Ruta 2-A: Clásico Diseñada",600,600,0,1000,0
2026-09-26T21:23:36.790Z,2026-09-26 16:23:36,2026-09-26 23:23:36,2026-09-27,1,"Ruta 1-A: Montaña Machupicchu",50,49,1,1000,0
2026-09-26T21:23:36.790Z,2026-09-26 16:23:36,2026-09-26 23:23:36,2026-09-27,1,"Ruta 2-A: Clásico Diseñada",600,600,0,1000,0
2026-09-26T21:48:57.396Z,2026-09-26 16:48:57,2026-09-26 23:48:57,2026-09-27,1,"Ruta 1-A: Montaña Machupicchu",50,50,0,1000,0
2026-09-26T21:48:57.396Z,2026-09-26 16:48:57,2026-09-26 23:48:57,2026-09-27,1,"Ruta 2-A: Clásico Diseñada",600,600,0,1000,0
2026-09-26T22:06:04.311Z,2026-09-26 17:06:04,2026-09-27 00:06:04,2026-09-27,1,"Ruta 1-A: Montaña Machupicchu",50,50,0,1000,0
2026-09-26T22:06:04.311Z,2026-09-26 17:06:04,2026-09-27 00:06:04,2026-09-27,1,"Ruta 2-A: Clásico Diseñada",600,600,0,1000,0
2026-09-26T22:06:04.311Z,2026-09-26 17:06:04,2026-09-27 00:06:04,2026-09-28,2,"Ruta 1-A: Montaña Machupicchu",50,0,50,18,982
2026-09-26T22:06:04.311Z,2026-09-26 17:06:04,2026-09-27 00:06:04,2026-09-28,2,"Ruta 2-A: Clásico Diseñada",600,1,599,18,982
2026-09-26T22:23:36.820Z,2026-09-26 17:23:36,2026-09-27 00:23:36,2026-09-27,1,"Ruta 1-A: Montaña Machupicchu",50,50,0,1000,0
2026-09-26T22:23:36.820Z,2026-09-26 17:23:36,2026-09-27 00:23:36,2026-09-27,1,"Ruta 2-A: Clásico Diseñada",600,600,0,1000,0
2026-09-26T22:23:36.820Z,2026-09-26 17:23:36,2026-09-27 00:23:36,2026-09-28,2,"Ruta 1-A: Montaña Machupicchu",50,0,50,126,874
2026-09-26T22:23:36.820Z,2026-09-26 17:23:36,2026-09-27 00:23:36,2026-09-28,2,"Ruta 2-A: Clásico Diseñada",600,49,551,126,874
2026-09-26T22:34:20.811Z,2026-09-26 17:34:20,2026-09-27 00:34:20,2026-09-27,1,"Ruta 1-A: Montaña Machupicchu",50,50,0,1000,0
2026-09-26T22:34:20.811Z,2026-09-26 17:34:20,2026-09-27 00:34:20,2026-09-27,1,"Ruta 2-A: Clásico Diseñada",600,600,0,1000,0
2026-09-26T22:34:20.811Z,2026-09-26 17:34:20,2026-09-27 00:34:20,2026-09-28,2,"Ruta 1-A: Montaña Machupicchu",50,2,48,168,832
2026-09-26T22:34:20.811Z,2026-09-26 17:34:20,2026-09-27 00:34:20,2026-09-28,2,"Ruta 2-A: Clásico Diseñada",600,118,482,168,832
2026-09-26T22:48:29.612Z,2026-09-26 17:48:29,2026-09-27 00:48:29,2026-09-27,1,"Ruta 1-A: Montaña Machupicchu",50,50,0,1000,0
2026-09-26T22:48:29.612Z,2026-09-26 17:48:29,2026-09-27 00:48:29,2026-09-27,1,"Ruta 2-A: Clásico Diseñada",600,600,0,1000,0
2026-09-26T22:48:29.612Z,2026-09-26 17:48:29,2026-09-27 00:48:29,2026-09-28,2,"Ruta 1-A: Montaña Machupicchu",50,2,48,199,801
2026-09-26T22:48:29.612Z,2026-09-26 17:48:29,2026-09-27 00:48:29,2026-09-28,2,"Ruta 2-A: Clásico Diseñada",600,155,445,199,801
2026-09-26T23:06:01.610Z,2026-09-26 18:06:01,2026-09-27 01:06:01,2026-09-27,1,"Ruta 1-A: Montaña Machupicchu",50,50,0,1000,0
2026-09-26T23:06:01.610Z,2026-09-26 18:06:01,2026-09-27 01:06:01,2026-09-27,1,"Ruta 2-A: Clásico Diseñada",600,600,0,1000,0
2026-09-26T23:06:01.610Z,2026-09-26 18:06:01,2026-09-27 01:06:01,2026-09-28,2,"Ruta 1-A: Montaña Machupicchu",50,2,48,211,789
2026-09-26T23:06:01.610Z,2026-09-26 18:06:01,2026-09-27 01:06:01,2026-09-28,2,"Ruta 2-A: Clásico Diseñada",600,173,427,211,789
2026-09-26T23:23:12.391Z,2026-09-26 18:23:12,2026-09-27 01:23:12,2026-09-27,1,"Ruta 1-A: Montaña Machupicchu",50,50,0,1000,0
2026-09-26T23:23:12.391Z,2026-09-26 18:23:12,2026-09-27 01:23:12,2026-09-27,1,"Ruta 2-A: Clásico Diseñada",600,600,0,1000,0
2026-09-26T23:23:12.391Z,2026-09-26 18:23:12,2026-09-27 01:23:12,2026-09-28,2,"Ruta 1-A: Montaña Machupicchu",50,2,48,216,784
2026-09-26T23:23:12.391Z,2026-09-26 18:23:12,2026-09-27 01:23:12,2026-09-28,2,"Ruta 2-A: Clásico Diseñada",600,176,424,216,784
2026-09-26T23:33:44.636Z,2026-09-26 18:33:44,2026-09-27 01:33:44,2026-09-27,1,"Ruta 1-A: Montaña Machupicchu",50,50,0,1000,0
2026-09-26T23:33:44.636Z,2026-09-26 18:33:44,2026-09-27 01:33:44,2026-09-27,1,"Ruta 2-A: Clásico Diseñada",600,600,0,1000,0
2026-09-26T23:33:44.636Z,2026-09-26 18:33:44,2026-09-27 01:33:44,2026-09-28,2,"Ruta 1-A: Montaña Machupicchu",50,2,48,231,769
2026-09-26T23:33:44.636Z,2026-09-26 18:33:44,2026-09-27 01:33:44,2026-09-28,2,"Ruta 2-A: Clásico Diseñada",600,187,413,231,769
2026-09-27T00:18:04.325Z,2026-09-26 19:18:04,2026-09-27 02:18:04,2026-09-28,2,"Ruta 1-A: Montaña Machupicchu",50,2,48,264,736
2026-09-27T00:18:04.325Z,2026-09-26 19:18:04,2026-09-27 02:18:04,2026-09-28,2,"Ruta 2-A: Clásico Diseñada",600,215,385,264,736
2026-09-27T01:16:13.736Z,2026-09-26 20:16:13,2026-09-27 03:16:13,2026-09-28,2,"Ruta 1-A: Montaña Machupicchu",50,2,48,272,728
2026-09-27T01:16:13.736Z,2026-09-26 20:16:13,2026-09-27 03:16:13,2026-09-28,2,"Ruta 2-A: Clásico Diseñada",600,222,378,272,728
2026-09-27T01:45:42.500Z,2026-09-26 20:45:42,2026-09-27 03:45:42,2026-09-28,2,"Ruta 1-A: Montaña Machupicchu",50,2,48,274,726
2026-09-27T01:45:42.500Z,2026-09-26 20:45:42,2026-09-27 03:45:42,2026-09-28,2,"Ruta 2-A: Clásico Diseñada",600,222,378,274,726
2026-09-27T02:38:43.384Z,2026-09-26 21:38:43,2026-09-27 04:38:43,2026-09-28,2,"Ruta 1-A: Montaña Machupicchu",50,2,48,323,677
2026-09-27T02:38:43.384Z,2026-09-26 21:38:43,2026-09-27 04:38:43,2026-09-28,2,"Ruta 2-A: Clásico Diseñada",600,255,345,323,677
2026-09-27T02:57:05.112Z,2026-09-26 21:57:05,2026-09-27 04:57:05,2026-09-28,2,"Ruta 1-A: Montaña Machupicchu",50,2,48,335,665
2026-09-27T02:57:05.112Z,2026-09-26 21:57:05,2026-09-27 04:57:05,2026-09-28,2,"Ruta 2-A: Clásico Diseñada",600,271,329,335,665
2026-09-27T03:10:01.209Z,2026-09-26 22:10:01,2026-09-27 05:10:01,2026-09-28,2,"Ruta 1-A: Montaña Machupicchu",50,2,48,337,663
2026-09-27T03:10:01.209Z,2026-09-26 22:10:01,2026-09-27 05:10:01,2026-09-28,2,"Ruta 2-A: Clásico Diseñada",600,273,327,337,663
2026-09-27T03:31:54.481Z,2026-09-26 22:31:54,2026-09-27 05:31:54,2026-09-28,2,"Ruta 1-A: Montaña Machupicchu",50,2,48,337,663
2026-09-27T03:31:54.481Z,2026-09-26 22:31:54,2026-09-27 05:31:54,2026-09-28,2,"Ruta 2-A: Clásico Diseñada",600,273,327,337,663
2026-09-27T03:53:42.542Z,2026-09-26 22:53:42,2026-09-27 05:53:42,2026-09-28,2,"Ruta 1-A: Montaña Machupicchu",50,2,48,337,663
2026-09-27T03:53:42.542Z,2026-09-26 22:53:42,2026-09-27 05:53:42,2026-09-28,2,"Ruta 2-A: Clásico Diseñada",600,273,327,337,663
2026-09-27T04:07:47.050Z,2026-09-26 23:07:47,2026-09-27 06:07:47,2026-09-28,2,"Ruta 1-A: Montaña Machupicchu",50,2,48,337,663
2026-09-27T04:07:47.050Z,2026-09-26 23:07:47,2026-09-27 06:07:47,2026-09-28,2,"Ruta 2-A: Clásico Diseñada",600,273,327,337,663
2026-09-27T04:30:34.476Z,2026-09-26 23:30:34,2026-09-27 06:30:34,2026-09-28,2,"Ruta 1-A: Montaña Machupicchu",50,2,48,337,663
2026-09-27T04:30:34.476Z,2026-09-26 23:30:34,2026-09-27 06:30:34,2026-09-28,2,"Ruta 2-A: Clásico Diseñada",600,273,327,337,663
2026-09-27T04:46:32.162Z,2026-09-26 23:46:32,2026-09-27 06:46:32,2026-09-28,2,"Ruta 1-A: Montaña Machupicchu",50,2,48,337,663
2026-09-27T04:46:32.162Z,2026-09-26 23:46:32,2026-09-27 06:46:32,2026-09-28,2,"Ruta 2-A: Clásico Diseñada",600,273,327,337,663
2026-09-27T04:55:12.645Z,2026-09-26 23:55:12,2026-09-27 06:55:12,2026-09-28,2,"Ruta 1-A: Montaña Machupicchu",50,2,48,337,663
2026-09-27T04:55:12.645Z,2026-09-26 23:55:12,2026-09-27 06:55:12,2026-09-28,2,"Ruta 2-A: Clásico Diseñada",600,273,327,337,663
2026-09-27T05:25:58.368Z,2026-09-27 00:25:58,2026-09-27 07:25:58,2026-09-28,1,"Ruta 1-A: Montaña Machupicchu",50,2,48,337,663
2026-09-27T05:25:58.368Z,2026-09-27 00:25:58,2026-09-27 07:25:58,2026-09-28,1,"Ruta 2-A: Clásico Diseñada",600,273,327,337,663
2026-09-27T05:37:42.720Z,2026-09-27 00:37:42,2026-09-27 07:37:42,2026-09-28,1,"Ruta 1-A: Montaña Machupicchu",50,2,48,337,663
2026-09-27T05:37:42.720Z,2026-09-27 00:37:42,2026-09-27 07:37:42,2026-09-28,1,"Ruta 2-A: Clásico Diseñada",600,273,327,337,663
2026-09-27T05:49:26.895Z,2026-09-27 00:49:26,2026-09-27 07:49:26,2026-09-28,1,"Ruta 1-A: Montaña Machupicchu",50,2,48,337,663
2026-09-27T05:49:26.895Z,2026-09-27 00:49:26,2026-09-27 07:49:26,2026-09-28,1,"Ruta 2-A: Clásico Diseñada",600,273,327,337,663
2026-09-27T06:39:34.084Z,2026-09-27 01:39:34,2026-09-27 08:39:34,2026-09-28,1,"Ruta 1-A: Montaña Machupicchu",50,2,48,337,663
2026-09-27T06:39:34.084Z,2026-09-27 01:39:34,2026-09-27 08:39:34,2026-09-28,1,"Ruta 2-A: Clásico Diseñada",600,273,327,337,663
2026-09-27T07:00:18.915Z,2026-09-27 02:00:18,2026-09-27 09:00:18,2026-09-28,1,"Ruta 1-A: Montaña Machupicchu",50,2,48,337,663
2026-09-27T07:00:18.915Z,2026-09-27 02:00:18,2026-09-27 09:00:18,2026-09-28,1,"Ruta 2-A: Clásico Diseñada",600,273,327,337,663
2026-09-27T07:23:21.806Z,2026-09-27 02:23:21,2026-09-27 09:23:21,2026-09-28,1,"Ruta 1-A: Montaña Machupicchu",50,2,48,337,663
2026-09-27T07:23:21.806Z,2026-09-27 02:23:21,2026-09-27 09:23:21,2026-09-28,1,"Ruta 2-A: Clásico Diseñada",600,273,327,337,663
2026-09-27T07:37:55.953Z,2026-09-27 02:37:55,2026-09-27 09:37:55,2026-09-28,1,"Ruta 1-A: Montaña Machupicchu",50,2,48,337,663
2026-09-27T07:37:55.953Z,2026-09-27 02:37:55,2026-09-27 09:37:55,2026-09-28,1,"Ruta 2-A: Clásico Diseñada",600,273,327,337,663
2026-09-27T07:49:18.067Z,2026-09-27 02:49:18,2026-09-27 09:49:18,2026-09-28,1,"Ruta 1-A: Montaña Machupicchu",50,2,48,337,663
2026-09-27T07:49:18.067Z,2026-09-27 02:49:18,2026-09-27 09:49:18,2026-09-28,1,"Ruta 2-A: Clásico Diseñada",600,273,327,337,663
2026-09-27T08:08:15.460Z,2026-09-27 03:08:15,2026-09-27 10:08:15,2026-09-28,1,"Ruta 1-A: Montaña Machupicchu",50,2,48,337,663
2026-09-27T08:08:15.460Z,2026-09-27 03:08:15,2026-09-27 10:08:15,2026-09-28,1,"Ruta 2-A: Clásico Diseñada",600,273,327,337,663
2026-09-27T08:32:04.854Z,2026-09-27 03:32:04,2026-09-27 10:32:04,2026-09-28,1,"Ruta 1-A: Montaña Machupicchu",50,2,48,337,663
2026-09-27T08:32:04.854Z,2026-09-27 03:32:04,2026-09-27 10:32:04,2026-09-28,1,"Ruta 2-A: Clásico Diseñada",600,273,327,337,663
2026-09-27T08:51:03.210Z,2026-09-27 03:51:03,2026-09-27 10:51:03,2026-09-28,1,"Ruta 1-A: Montaña Machupicchu",50,2,48,337,663
2026-09-27T08:51:03.210Z,2026-09-27 03:51:03,2026-09-27 10:51:03,2026-09-28,1,"Ruta 2-A: Clásico Diseñada",600,273,327,337,663
2026-09-27T09:07:13.061Z,2026-09-27 04:07:13,2026-09-27 11:07:13,2026-09-28,1,"Ruta 1-A: Montaña Machupicchu",50,2,48,337,663
2026-09-27T09:07:13.061Z,2026-09-27 04:07:13,2026-09-27 11:07:13,2026-09-28,1,"Ruta 2-A: Clásico Diseñada",600,273,327,337,663
2026-09-27T09:26:51.499Z,2026-09-27 04:26:51,2026-09-27 11:26:51,2026-09-28,1,"Ruta 1-A: Montaña Machupicchu",50,2,48,337,663
2026-09-27T09:26:51.499Z,2026-09-27 04:26:51,2026-09-27 11:26:51,2026-09-28,1,"Ruta 2-A: Clásico Diseñada",600,273,327,337,663
2026-09-27T09:37:45.346Z,2026-09-27 04:37:45,2026-09-27 11:37:45,2026-09-28,1,"Ruta 1-A: Montaña Machupicchu",50,2,48,337,663
2026-09-27T09:37:45.346Z,2026-09-27 04:37:45,2026-09-27 11:37:45,2026-09-28,1,"Ruta 2-A: Clásico Diseñada",600,273,327,337,663
2026-09-27T09:48:32.942Z,2026-09-27 04:48:32,2026-09-27 11:48:32,2026-09-28,1,"Ruta 1-A: Montaña Machupicchu",50,2,48,337,663
2026-09-27T09:48:32.942Z,2026-09-27 04:48:32,2026-09-27 11:48:32,2026-09-28,1,"Ruta 2-A: Clásico Diseñada",600,273,327,337,663
2026-09-27T10:06:39.709Z,2026-09-27 05:06:39,2026-09-27 12:06:39,2026-09-28,1,"Ruta 1-A: Montaña Machupicchu",50,2,48,337,663
2026-09-27T10:06:39.709Z,2026-09-27 05:06:39,2026-09-27 12:06:39,2026-09-28,1,"Ruta 2-A: Clásico Diseñada",600,273,327,337,663
2026-09-27T10:24:46.137Z,2026-09-27 05:24:46,2026-09-27 12:24:46,2026-09-28,1,"Ruta 1-A: Montaña Machupicchu",50,2,48,337,663
2026-09-27T10:24:46.137Z,2026-09-27 05:24:46,2026-09-27 12:24:46,2026-09-28,1,"Ruta 2-A: Clásico Diseñada",600,273,327,337,663
2026-09-27T10:36:21.020Z,2026-09-27 05:36:21,2026-09-27 12:36:21,2026-09-28,1,"Ruta 1-A: Montaña Machupicchu",50,2,48,337,663
2026-09-27T10:36:21.020Z,2026-09-27 05:36:21,2026-09-27 12:36:21,2026-09-28,1,"Ruta 2-A: Clásico Diseñada",600,273,327,337,663
2026-09-27T10:48:40.930Z,2026-09-27 05:48:40,2026-09-27 12:48:40,2026-09-28,1,"Ruta 1-A: Montaña Machupicchu",50,2,48,337,663
2026-09-27T10:48:40.930Z,2026-09-27 05:48:40,2026-09-27 12:48:40,2026-09-28,1,"Ruta 2-A: Clásico Diseñada",600,273,327,337,663
2026-09-27T11:23:13.984Z,2026-09-27 06:23:13,2026-09-27 13:23:13,2026-09-28,1,"Ruta 1-A: Montaña Machupicchu",50,2,48,407,593
2026-09-27T11:23:13.984Z,2026-09-27 06:23:13,2026-09-27 13:23:13,2026-09-28,1,"Ruta 2-A: Clásico Diseñada",600,319,281,407,593
2026-09-27T11:34:28.572Z,2026-09-27 06:34:28,2026-09-27 13:34:28,2026-09-28,1,"Ruta 1-A: Montaña Machupicchu",50,2,48,414,586
2026-09-27T11:34:28.572Z,2026-09-27 06:34:28,2026-09-27 13:34:28,2026-09-28,1,"Ruta 2-A: Clásico Diseñada",600,330,270,414,586
2026-09-27T11:48:21.516Z,2026-09-27 06:48:21,2026-09-27 13:48:21,2026-09-28,1,"Ruta 1-A: Montaña Machupicchu",50,2,48,452,548
2026-09-27T11:48:21.516Z,2026-09-27 06:48:21,2026-09-27 13:48:21,2026-09-28,1,"Ruta 2-A: Clásico Diseñada",600,345,255,452,548
2026-09-27T12:09:26.457Z,2026-09-27 07:09:26,2026-09-27 14:09:26,2026-09-28,1,"Ruta 1-A: Montaña Machupicchu",50,2,48,555,445
2026-09-27T12:09:26.457Z,2026-09-27 07:09:26,2026-09-27 14:09:26,2026-09-28,1,"Ruta 2-A: Clásico Diseñada",600,423,177,555,445
2026-09-27T12:35:13.367Z,2026-09-27 07:35:13,2026-09-27 14:35:13,2026-09-28,1,"Ruta 1-A: Montaña Machupicchu",50,2,48,588,412
2026-09-27T12:35:13.367Z,2026-09-27 07:35:13,2026-09-27 14:35:13,2026-09-28,1,"Ruta 2-A: Clásico Diseñada",600,483,117,588,412
2026-09-27T12:54:16.606Z,2026-09-27 07:54:16,2026-09-27 14:54:16,2026-09-28,1,"Ruta 1-A: Montaña Machupicchu",50,2,48,609,391
2026-09-27T12:54:16.606Z,2026-09-27 07:54:16,2026-09-27 14:54:16,2026-09-28,1,"Ruta 2-A: Clásico Diseñada",600,489,111,609,391
2026-09-27T13:05:52.234Z,2026-09-27 08:05:52,2026-09-27 15:05:52,2026-09-28,1,"Ruta 1-A: Montaña Machupicchu",50,2,48,622,378
2026-09-27T13:05:52.234Z,2026-09-27 08:05:52,2026-09-27 15:05:52,2026-09-28,1,"Ruta 2-A: Clásico Diseñada",600,495,105,622,378
2026-09-27T13:23:49.091Z,2026-09-27 08:23:49,2026-09-27 15:23:49,2026-09-28,1,"Ruta 1-A: Montaña Machupicchu",50,2,48,663,337
2026-09-27T13:23:49.091Z,2026-09-27 08:23:49,2026-09-27 15:23:49,2026-09-28,1,"Ruta 2-A: Clásico Diseñada",600,530,70,663,337
2026-09-27T13:34:47.387Z,2026-09-27 08:34:47,2026-09-27 15:34:47,2026-09-28,1,"Ruta 1-A: Montaña Machupicchu",50,2,48,692,308
2026-09-27T13:34:47.387Z,2026-09-27 08:34:47,2026-09-27 15:34:47,2026-09-28,1,"Ruta 2-A: Clásico Diseñada",600,544,56,692,308
2026-09-27T13:48:18.627Z,2026-09-27 08:48:18,2026-09-27 15:48:18,2026-09-28,1,"Ruta 1-A: Montaña Machupicchu",50,2,48,699,301
2026-09-27T13:48:18.627Z,2026-09-27 08:48:18,2026-09-27 15:48:18,2026-09-28,1,"Ruta 2-A: Clásico Diseñada",600,558,42,699,301
2026-09-27T14:06:07.448Z,2026-09-27 09:06:07,2026-09-27 16:06:07,2026-09-28,1,"Ruta 1-A: Montaña Machupicchu",50,2,48,704,296
2026-09-27T14:06:07.448Z,2026-09-27 09:06:07,2026-09-27 16:06:07,2026-09-28,1,"Ruta 2-A: Clásico Diseñada",600,563,37,704,296
2026-09-27T14:23:59.459Z,2026-09-27 09:23:59,2026-09-27 16:23:59,2026-09-28,1,"Ruta 1-A: Montaña Machupicchu",50,2,48,706,294
2026-09-27T14:23:59.459Z,2026-09-27 09:23:59,2026-09-27 16:23:59,2026-09-28,1,"Ruta 2-A: Clásico Diseñada",600,563,37,706,294
2026-09-27T14:34:57.461Z,2026-09-27 09:34:57,2026-09-27 16:34:57,2026-09-28,1,"Ruta 1-A: Montaña Machupicchu",50,2,48,715,285
2026-09-27T14:34:57.461Z,2026-09-27 09:34:57,2026-09-27 16:34:57,2026-09-28,1,"Ruta 2-A: Clásico Diseñada",600,571,29,715,285
2026-09-27T15:06:20.531Z,2026-09-27 10:06:20,2026-09-27 17:06:20,2026-09-28,1,"Ruta 1-A: Montaña Machupicchu",50,2,48,724,276
2026-09-27T15:06:20.531Z,2026-09-27 10:06:20,2026-09-27 17:06:20,2026-09-28,1,"Ruta 2-A: Clásico Diseñada",600,571,29,724,276
2026-09-27T15:24:19.276Z,2026-09-27 10:24:19,2026-09-27 17:24:19,2026-09-28,1,"Ruta 1-A: Montaña Machupicchu",50,2,48,735,265
2026-09-27T15:24:19.276Z,2026-09-27 10:24:19,2026-09-27 17:24:19,2026-09-28,1,"Ruta 2-A: Clásico Diseñada",600,574,26,735,265
2026-09-27T15:34:55.872Z,2026-09-27 10:34:55,2026-09-27 17:34:55,2026-09-28,1,"Ruta 1-A: Montaña Machupicchu",50,2,48,739,261
2026-09-27T15:34:55.872Z,2026-09-27 10:34:55,2026-09-27 17:34:55,2026-09-28,1,"Ruta 2-A: Clásico Diseñada",600,574,26,739,261
2026-09-27T15:48:44.815Z,2026-09-27 10:48:44,2026-09-27 17:48:44,2026-09-28,1,"Ruta 1-A: Montaña Machupicchu",50,2,48,748,252
2026-09-27T15:48:44.815Z,2026-09-27 10:48:44,2026-09-27 17:48:44,2026-09-28,1,"Ruta 2-A: Clásico Diseñada",600,583,17,748,252
2026-09-27T16:06:48.430Z,2026-09-27 11:06:48,2026-09-27 18:06:48,2026-09-28,1,"Ruta 1-A: Montaña Machupicchu",50,2,48,751,249
2026-09-27T16:06:48.430Z,2026-09-27 11:06:48,2026-09-27 18:06:48,2026-09-28,1,"Ruta 2-A: Clásico Diseñada",600,586,14,751,249
2026-09-27T16:27:07.515Z,2026-09-27 11:27:07,2026-09-27 18:27:07,2026-09-28,1,"Ruta 1-A: Montaña Machupicchu",50,2,48,756,244
2026-09-27T16:27:07.515Z,2026-09-27 11:27:07,2026-09-27 18:27:07,2026-09-28,1,"Ruta 2-A: Clásico Diseñada",600,589,11,756,244
2026-09-27T16:38:14.230Z,2026-09-27 11:38:14,2026-09-27 18:38:14,2026-09-28,1,"Ruta 1-A: Montaña Machupicchu",50,2,48,764,236
2026-09-27T16:38:14.230Z,2026-09-27 11:38:14,2026-09-27 18:38:14,2026-09-28,1,"Ruta 2-A: Clásico Diseñada",600,593,7,764,236
2026-09-27T16:49:01.157Z,2026-09-27 11:49:01,2026-09-27 18:49:01,2026-09-28,1,"Ruta 1-A: Montaña Machupicchu",50,2,48,765,235
2026-09-27T16:49:01.157Z,2026-09-27 11:49:01,2026-09-27 18:49:01,2026-09-28,1,"Ruta 2-A: Clásico Diseñada",600,595,5,765,235
2026-09-27T17:05:54.645Z,2026-09-27 12:05:54,2026-09-27 19:05:54,2026-09-28,1,"Ruta 1-A: Montaña Machupicchu",50,2,48,765,235
2026-09-27T17:05:54.645Z,2026-09-27 12:05:54,2026-09-27 19:05:54,2026-09-28,1,"Ruta 2-A: Clásico Diseñada",600,595,5,765,235
2026-09-27T17:22:40.630Z,2026-09-27 12:22:40,2026-09-27 19:22:40,2026-09-28,1,"Ruta 1-A: Montaña Machupicchu",50,2,48,770,230
2026-09-27T17:22:40.630Z,2026-09-27 12:22:40,2026-09-27 19:22:40,2026-09-28,1,"Ruta 2-A: Clásico Diseñada",600,600,0,770,230
2026-09-27T17:34:12.496Z,2026-09-27 12:34:12,2026-09-27 19:34:12,2026-09-28,1,"Ruta 1-A: Montaña Machupicchu",50,2,48,779,221
2026-09-27T17:34:12.496Z,2026-09-27 12:34:12,2026-09-27 19:34:12,2026-09-28,1,"Ruta 2-A: Clásico Diseñada",600,600,0,779,221
2026-09-27T17:48:33.778Z,2026-09-27 12:48:33,2026-09-27 19:48:33,2026-09-28,1,"Ruta 1-A: Montaña Machupicchu",50,2,48,786,214
2026-09-27T17:48:33.778Z,2026-09-27 12:48:33,2026-09-27 19:48:33,2026-09-28,1,"Ruta 2-A: Clásico Diseñada",600,600,0,786,214
2026-09-27T18:06:27.806Z,2026-09-27 13:06:27,2026-09-27 20:06:27,2026-09-28,1,"Ruta 1-A: Montaña Machupicchu",50,4,46,793,207
2026-09-27T18:06:27.806Z,2026-09-27 13:06:27,2026-09-27 20:06:27,2026-09-28,1,"Ruta 2-A: Clásico Diseñada",600,600,0,793,207
2026-09-27T18:28:01.096Z,2026-09-27 13:28:01,2026-09-27 20:28:01,2026-09-28,1,"Ruta 1-A: Montaña Machupicchu",50,4,46,830,170
2026-09-27T18:28:01.096Z,2026-09-27 13:28:01,2026-09-27 20:28:01,2026-09-28,1,"Ruta 2-A: Clásico Diseñada",600,600,0,830,170
2026-09-27T18:45:26.183Z,2026-09-27 13:45:26,2026-09-27 20:45:26,2026-09-28,1,"Ruta 1-A: Montaña Machupicchu",50,9,41,844,156
2026-09-27T18:45:26.183Z,2026-09-27 13:45:26,2026-09-27 20:45:26,2026-09-28,1,"Ruta 2-A: Clásico Diseñada",600,600,0,844,156
2026-09-27T18:53:23.425Z,2026-09-27 13:53:23,2026-09-27 20:53:23,2026-09-28,1,"Ruta 1-A: Montaña Machupicchu",50,9,41,846,154
2026-09-27T18:53:23.425Z,2026-09-27 13:53:23,2026-09-27 20:53:23,2026-09-28,1,"Ruta 2-A: Clásico Diseñada",600,600,0,846,154
2026-09-27T18:57:22.029Z,2026-09-27 13:57:22,2026-09-27 20:57:22,2026-09-28,1,"Ruta 1-A: Montaña Machupicchu",50,9,41,851,149
2026-09-27T18:57:22.029Z,2026-09-27 13:57:22,2026-09-27 20:57:22,2026-09-28,1,"Ruta 2-A: Clásico Diseñada",600,600,0,851,149
2026-09-27T19:05:42.635Z,2026-09-27 14:05:42,2026-09-27 21:05:42,2026-09-28,1,"Ruta 1-A: Montaña Machupicchu",50,9,41,884,116
2026-09-27T19:05:42.635Z,2026-09-27 14:05:42,2026-09-27 21:05:42,2026-09-28,1,"Ruta 2-A: Clásico Diseñada",600,600,0,884,116
2026-09-27T19:24:53.820Z,2026-09-27 14:24:53,2026-09-27 21:24:53,2026-09-28,1,"Ruta 1-A: Montaña Machupicchu",50,9,41,925,75
2026-09-27T19:24:53.820Z,2026-09-27 14:24:53,2026-09-27 21:24:53,2026-09-28,1,"Ruta 2-A: Clásico Diseñada",600,600,0,925,75
2026-09-27T19:29:07.112Z,2026-09-27 14:29:07,2026-09-27 21:29:07,2026-09-28,1,"Ruta 1-A: Montaña Machupicchu",50,9,41,925,75
2026-09-27T19:29:07.112Z,2026-09-27 14:29:07,2026-09-27 21:29:07,2026-09-28,1,"Ruta 2-A: Clásico Diseñada",600,600,0,925,75
2026-09-27T19:33:56.437Z,2026-09-27 14:33:56,2026-09-27 21:33:56,2026-09-28,1,"Ruta 1-A: Montaña Machupicchu",50,10,40,934,66
2026-09-27T19:33:56.437Z,2026-09-27 14:33:56,2026-09-27 21:33:56,2026-09-28,1,"Ruta 2-A: Clásico Diseñada",600,600,0,934,66
2026-09-27T19:37:46.771Z,2026-09-27 14:37:46,2026-09-27 21:37:46,2026-09-28,1,"Ruta 1-A: Montaña Machupicchu",50,11,39,935,65
2026-09-27T19:37:46.771Z,2026-09-27 14:37:46,2026-09-27 21:37:46,2026-09-28,1,"Ruta 2-A: Clásico Diseñada",600,600,0,935,65
2026-09-27T19:43:54.131Z,2026-09-27 14:43:54,2026-09-27 21:43:54,2026-09-28,1,"Ruta 1-A: Montaña Machupicchu",50,11,39,951,49
2026-09-27T19:43:54.131Z,2026-09-27 14:43:54,2026-09-27 21:43:54,2026-09-28,1,"Ruta 2-A: Clásico Diseñada",600,600,0,951,49
2026-09-27T19:48:33.913Z,2026-09-27 14:48:33,2026-09-27 21:48:33,2026-09-28,1,"Ruta 1-A: Montaña Machupicchu",50,13,37,959,41
2026-09-27T19:48:33.913Z,2026-09-27 14:48:33,2026-09-27 21:48:33,2026-09-28,1,"Ruta 2-A: Clásico Diseñada",600,600,0,959,41
2026-09-27T19:51:12.434Z,2026-09-27 14:51:12,2026-09-27 21:51:12,2026-09-28,1,"Ruta 1-A: Montaña Machupicchu",50,13,37,963,37
2026-09-27T19:51:12.434Z,2026-09-27 14:51:12,2026-09-27 21:51:12,2026-09-28,1,"Ruta 2-A: Clásico Diseñada",600,600,0,963,37
2026-09-27T20:07:01.780Z,2026-09-27 15:07:01,2026-09-27 22:07:01,2026-09-28,1,"Ruta 1-A: Montaña Machupicchu",50,18,32,963,37
2026-09-27T20:07:01.780Z,2026-09-27 15:07:01,2026-09-27 22:07:01,2026-09-28,1,"Ruta 2-A: Clásico Diseñada",600,600,0,963,37
2026-09-27T20:09:33.782Z,2026-09-27 15:09:33,2026-09-27 22:09:33,2026-09-28,1,"Ruta 1-A: Montaña Machupicchu",50,18,32,963,37
2026-09-27T20:09:33.782Z,2026-09-27 15:09:33,2026-09-27 22:09:33,2026-09-28,1,"Ruta 2-A: Clásico Diseñada",600,600,0,963,37
2026-09-27T20:24:19.812Z,2026-09-27 15:24:19,2026-09-27 22:24:19,2026-09-28,1,"Ruta 1-A: Montaña Machupicchu",50,18,32,966,34
2026-09-27T20:24:19.812Z,2026-09-27 15:24:19,2026-09-27 22:24:19,2026-09-28,1,"Ruta 2-A: Clásico Diseñada",600,600,0,966,34
2026-09-27T20:33:40.008Z,2026-09-27 15:33:40,2026-09-27 22:33:40,2026-09-28,1,"Ruta 1-A: Montaña Machupicchu",50,19,31,969,31
2026-09-27T20:33:40.008Z,2026-09-27 15:33:40,2026-09-27 22:33:40,2026-09-28,1,"Ruta 2-A: Clásico Diseñada",600,600,0,969,31
2026-09-27T20:36:03.834Z,2026-09-27 15:36:03,2026-09-27 22:36:03,2026-09-28,1,"Ruta 1-A: Montaña Machupicchu",50,19,31,971,29
2026-09-27T20:36:03.834Z,2026-09-27 15:36:03,2026-09-27 22:36:03,2026-09-28,1,"Ruta 2-A: Clásico Diseñada",600,600,0,971,29
2026-09-27T20:43:27.423Z,2026-09-27 15:43:27,2026-09-27 22:43:27,2026-09-28,1,"Ruta 1-A: Montaña Machupicchu",50,21,29,979,21
2026-09-27T20:43:27.423Z,2026-09-27 15:43:27,2026-09-27 22:43:27,2026-09-28,1,"Ruta 2-A: Clásico Diseñada",600,600,0,979,21
2026-09-27T20:50:14.772Z,2026-09-27 15:50:14,2026-09-27 22:50:14,2026-09-28,1,"Ruta 1-A: Montaña Machupicchu",50,21,29,988,12
2026-09-27T20:50:14.772Z,2026-09-27 15:50:14,2026-09-27 22:50:14,2026-09-28,1,"Ruta 2-A: Clásico Diseñada",600,600,0,988,12
2026-09-27T20:56:19.717Z,2026-09-27 15:56:19,2026-09-27 22:56:19,2026-09-28,1,"Ruta 1-A: Montaña Machupicchu",50,21,29,991,9
2026-09-27T20:56:19.717Z,2026-09-27 15:56:19,2026-09-27 22:56:19,2026-09-28,1,"Ruta 2-A: Clásico Diseñada",600,600,0,991,9
2026-09-27T21:03:47.948Z,2026-09-27 16:03:47,2026-09-27 23:03:47,2026-09-28,1,"Ruta 1-A: Montaña Machupicchu",50,21,29,991,9
2026-09-27T21:03:47.948Z,2026-09-27 16:03:47,2026-09-27 23:03:47,2026-09-28,1,"Ruta 2-A: Clásico Diseñada",600,600,0,991,9
2026-09-27T21:06:39.693Z,2026-09-27 16:06:39,2026-09-27 23:06:39,2026-09-28,1,"Ruta 1-A: Montaña Machupicchu",50,21,29,991,9
2026-09-27T21:06:39.693Z,2026-09-27 16:06:39,2026-09-27 23:06:39,2026-09-28,1,"Ruta 2-A: Clásico Diseñada",600,600,0,991,9
2026-09-27T21:23:54.769Z,2026-09-27 16:23:54,2026-09-27 23:23:54,2026-09-28,1,"Ruta 1-A: Montaña Machupicchu",50,25,25,995,5
2026-09-27T21:23:54.769Z,2026-09-27 16:23:54,2026-09-27 23:23:54,2026-09-28,1,"Ruta 2-A: Clásico Diseñada",600,600,0,995,5
2026-09-27T21:34:47.703Z,2026-09-27 16:34:47,2026-09-27 23:34:47,2026-09-28,1,"Ruta 1-A: Montaña Machupicchu",50,25,25,997,3
2026-09-27T21:34:47.703Z,2026-09-27 16:34:47,2026-09-27 23:34:47,2026-09-28,1,"Ruta 2-A: Clásico Diseñada",600,600,0,997,3
2026-09-27T21:48:34.354Z,2026-09-27 16:48:34,2026-09-27 23:48:34,2026-09-28,1,"Ruta 1-A: Montaña Machupicchu",50,30,20,1000,0
2026-09-27T21:48:34.354Z,2026-09-27 16:48:34,2026-09-27 23:48:34,2026-09-28,1,"Ruta 2-A: Clásico Diseñada",600,600,0,1000,0
2026-09-27T22:06:20.206Z,2026-09-27 17:06:20,2026-09-28 00:06:20,2026-09-28,1,"Ruta 1-A: Montaña Machupicchu",50,33,17,1000,0
2026-09-27T22:06:20.206Z,2026-09-27 17:06:20,2026-09-28 00:06:20,2026-09-28,1,"Ruta 2-A: Clásico Diseñada",600,600,0,1000,0
2026-09-27T22:25:07.692Z,2026-09-27 17:25:07,2026-09-28 00:25:07,2026-09-28,1,"Ruta 1-A: Montaña Machupicchu",50,40,10,1000,0
2026-09-27T22:25:07.692Z,2026-09-27 17:25:07,2026-09-28 00:25:07,2026-09-28,1,"Ruta 2-A: Clásico Diseñada",600,600,0,1000,0
2026-09-27T22:36:14.683Z,2026-09-27 17:36:14,2026-09-28 00:36:14,2026-09-28,1,"Ruta 1-A: Montaña Machupicchu",50,42,8,1000,0
2026-09-27T22:36:14.683Z,2026-09-27 17:36:14,2026-09-28 00:36:14,2026-09-28,1,"Ruta 2-A: Clásico Diseñada",600,600,0,1000,0
2026-09-27T22:48:32.039Z,2026-09-27 17:48:32,2026-09-28 00:48:32,2026-09-28,1,"Ruta 1-A: Montaña Machupicchu",50,46,4,1000,0
2026-09-27T22:48:32.039Z,2026-09-27 17:48:32,2026-09-28 00:48:32,2026-09-28,1,"Ruta 2-A: Clásico Diseñada",600,600,0,1000,0
2026-09-27T23:06:06.408Z,2026-09-27 18:06:06,2026-09-28 01:06:06,2026-09-28,1,"Ruta 1-A: Montaña Machupicchu",50,50,0,1000,0
2026-09-27T23:06:06.408Z,2026-09-27 18:06:06,2026-09-28 01:06:06,2026-09-28,1,"Ruta 2-A: Clásico Diseñada",600,600,0,1000,0
2026-09-27T23:06:06.408Z,2026-09-27 18:06:06,2026-09-28 01:06:06,2026-09-29,2,"Ruta 1-A: Montaña Machupicchu",50,0,50,100,900
2026-09-27T23:06:06.408Z,2026-09-27 18:06:06,2026-09-28 01:06:06,2026-09-29,2,"Ruta 2-A: Clásico Diseñada",600,0,600,100,900
2026-09-27T23:23:34.091Z,2026-09-27 18:23:34,2026-09-28 01:23:34,2026-09-28,1,"Ruta 1-A: Montaña Machupicchu",50,50,0,1000,0
2026-09-27T23:23:34.091Z,2026-09-27 18:23:34,2026-09-28 01:23:34,2026-09-28,1,"Ruta 2-A: Clásico Diseñada",600,600,0,1000,0
2026-09-27T23:23:34.091Z,2026-09-27 18:23:34,2026-09-28 01:23:34,2026-09-29,2,"Ruta 1-A: Montaña Machupicchu",50,0,50,113,887
2026-09-27T23:23:34.091Z,2026-09-27 18:23:34,2026-09-28 01:23:34,2026-09-29,2,"Ruta 2-A: Clásico Diseñada",600,34,566,113,887
2026-09-27T23:34:04.078Z,2026-09-27 18:34:04,2026-09-28 01:34:04,2026-09-28,1,"Ruta 1-A: Montaña Machupicchu",50,50,0,1000,0
2026-09-27T23:34:04.078Z,2026-09-27 18:34:04,2026-09-28 01:34:04,2026-09-28,1,"Ruta 2-A: Clásico Diseñada",600,600,0,1000,0
2026-09-27T23:34:04.078Z,2026-09-27 18:34:04,2026-09-28 01:34:04,2026-09-29,2,"Ruta 1-A: Montaña Machupicchu",50,1,49,114,886
2026-09-27T23:34:04.078Z,2026-09-27 18:34:04,2026-09-28 01:34:04,2026-09-29,2,"Ruta 2-A: Clásico Diseñada",600,62,538,114,886
2026-09-27T23:49:11.016Z,2026-09-27 18:49:11,2026-09-28 01:49:11,2026-09-28,1,"Ruta 1-A: Montaña Machupicchu",50,50,0,1000,0
2026-09-27T23:49:11.016Z,2026-09-27 18:49:11,2026-09-28 01:49:11,2026-09-28,1,"Ruta 2-A: Clásico Diseñada",600,600,0,1000,0
2026-09-27T23:49:11.016Z,2026-09-27 18:49:11,2026-09-28 01:49:11,2026-09-29,2,"Ruta 1-A: Montaña Machupicchu",50,1,49,154,846
2026-09-27T23:49:11.016Z,2026-09-27 18:49:11,2026-09-28 01:49:11,2026-09-29,2,"Ruta 2-A: Clásico Diseñada",600,105,495,154,846
2026-09-28T00:17:49.118Z,2026-09-27 19:17:49,2026-09-28 02:17:49,2026-09-29,2,"Ruta 1-A: Montaña Machupicchu",50,1,49,177,823
2026-09-28T00:17:49.118Z,2026-09-27 19:17:49,2026-09-28 02:17:49,2026-09-29,2,"Ruta 2-A: Clásico Diseñada",600,130,470,177,823
2026-09-28T01:16:34.794Z,2026-09-27 20:16:34,2026-09-28 03:16:34,2026-09-29,2,"Ruta 1-A: Montaña Machupicchu",50,1,49,191,809
2026-09-28T01:16:34.794Z,2026-09-27 20:16:34,2026-09-28 03:16:34,2026-09-29,2,"Ruta 2-A: Clásico Diseñada",600,143,457,191,809
2026-09-28T01:49:42.228Z,2026-09-27 20:49:42,2026-09-28 03:49:42,2026-09-29,2,"Ruta 1-A: Montaña Machupicchu",50,1,49,198,802
2026-09-28T01:49:42.228Z,2026-09-27 20:49:42,2026-09-28 03:49:42,2026-09-29,2,"Ruta 2-A: Clásico Diseñada",600,145,455,198,802
2026-09-28T02:17:01.556Z,2026-09-27 21:17:01,2026-09-28 04:17:01,2026-09-29,2,"Ruta 1-A: Montaña Machupicchu",50,1,49,221,779
2026-09-28T02:17:01.556Z,2026-09-27 21:17:01,2026-09-28 04:17:01,2026-09-29,2,"Ruta 2-A: Clásico Diseñada",600,154,446,221,779
2026-09-28T02:52:39.200Z,2026-09-27 21:52:39,2026-09-28 04:52:39,2026-09-29,2,"Ruta 1-A: Montaña Machupicchu",50,1,49,254,746
2026-09-28T02:52:39.200Z,2026-09-27 21:52:39,2026-09-28 04:52:39,2026-09-29,2,"Ruta 2-A: Clásico Diseñada",600,201,399,254,746
2026-09-28T03:11:02.084Z,2026-09-27 22:11:02,2026-09-28 05:11:02,2026-09-29,2,"Ruta 1-A: Montaña Machupicchu",50,1,49,255,745
2026-09-28T03:11:02.084Z,2026-09-27 22:11:02,2026-09-28 05:11:02,2026-09-29,2,"Ruta 2-A: Clásico Diseñada",600,201,399,255,745
2026-09-28T03:36:35.227Z,2026-09-27 22:36:35,2026-09-28 05:36:35,2026-09-29,2,"Ruta 1-A: Montaña Machupicchu",50,1,49,255,745
2026-09-28T03:36:35.227Z,2026-09-27 22:36:35,2026-09-28 05:36:35,2026-09-29,2,"Ruta 2-A: Clásico Diseñada",600,201,399,255,745
2026-09-28T03:57:51.668Z,2026-09-27 22:57:51,2026-09-28 05:57:51,2026-09-29,2,"Ruta 1-A: Montaña Machupicchu",50,1,49,255,745
2026-09-28T03:57:51.668Z,2026-09-27 22:57:51,2026-09-28 05:57:51,2026-09-29,2,"Ruta 2-A: Clásico Diseñada",600,201,399,255,745
2026-09-28T04:16:32.452Z,2026-09-27 23:16:32,2026-09-28 06:16:32,2026-09-29,2,"Ruta 1-A: Montaña Machupicchu",50,1,49,255,745
2026-09-28T04:16:32.452Z,2026-09-27 23:16:32,2026-09-28 06:16:32,2026-09-29,2,"Ruta 2-A: Clásico Diseñada",600,201,399,255,745
2026-09-28T04:39:29.295Z,2026-09-27 23:39:29,2026-09-28 06:39:29,2026-09-29,2,"Ruta 1-A: Montaña Machupicchu",50,1,49,255,745
2026-09-28T04:39:29.295Z,2026-09-27 23:39:29,2026-09-28 06:39:29,2026-09-29,2,"Ruta 2-A: Clásico Diseñada",600,201,399,255,745
2026-09-28T04:56:47.837Z,2026-09-27 23:56:47,2026-09-28 06:56:47,2026-09-29,2,"Ruta 1-A: Montaña Machupicchu",50,1,49,255,745
2026-09-28T04:56:47.837Z,2026-09-27 23:56:47,2026-09-28 06:56:47,2026-09-29,2,"Ruta 2-A: Clásico Diseñada",600,201,399,255,745
2026-09-28T05:08:50.691Z,2026-09-28 00:08:50,2026-09-28 07:08:50,2026-09-29,1,"Ruta 1-A: Montaña Machupicchu",50,1,49,255,745
2026-09-28T05:08:50.691Z,2026-09-28 00:08:50,2026-09-28 07:08:50,2026-09-29,1,"Ruta 2-A: Clásico Diseñada",600,201,399,255,745
2026-09-28T05:30:40.617Z,2026-09-28 00:30:40,2026-09-28 07:30:40,2026-09-29,1,"Ruta 1-A: Montaña Machupicchu",50,1,49,255,745
2026-09-28T05:30:40.617Z,2026-09-28 00:30:40,2026-09-28 07:30:40,2026-09-29,1,"Ruta 2-A: Clásico Diseñada",600,201,399,255,745
2026-09-28T05:47:25.896Z,2026-09-28 00:47:25,2026-09-28 07:47:25,2026-09-29,1,"Ruta 1-A: Montaña Machupicchu",50,1,49,255,745
2026-09-28T05:47:25.896Z,2026-09-28 00:47:25,2026-09-28 07:47:25,2026-09-29,1,"Ruta 2-A: Clásico Diseñada",600,201,399,255,745
2026-09-28T06:14:40.232Z,2026-09-28 01:14:40,2026-09-28 08:14:40,2026-09-29,1,"Ruta 1-A: Montaña Machupicchu",50,1,49,255,745
2026-09-28T06:14:40.232Z,2026-09-28 01:14:40,2026-09-28 08:14:40,2026-09-29,1,"Ruta 2-A: Clásico Diseñada",600,201,399,255,745
2026-09-28T06:59:49.182Z,2026-09-28 01:59:49,2026-09-28 08:59:49,2026-09-29,1,"Ruta 1-A: Montaña Machupicchu",50,1,49,255,745
2026-09-28T06:59:49.182Z,2026-09-28 01:59:49,2026-09-28 08:59:49,2026-09-29,1,"Ruta 2-A: Clásico Diseñada",600,201,399,255,745
2026-09-28T07:34:00.163Z,2026-09-28 02:34:00,2026-09-28 09:34:00,2026-09-29,1,"Ruta 1-A: Montaña Machupicchu",50,1,49,255,745
2026-09-28T07:34:00.163Z,2026-09-28 02:34:00,2026-09-28 09:34:00,2026-09-29,1,"Ruta 2-A: Clásico Diseñada",600,201,399,255,745
2026-09-28T08:01:02.345Z,2026-09-28 03:01:02,2026-09-28 10:01:02,2026-09-29,1,"Ruta 1-A: Montaña Machupicchu",50,1,49,255,745
2026-09-28T08:01:02.345Z,2026-09-28 03:01:02,2026-09-28 10:01:02,2026-09-29,1,"Ruta 2-A: Clásico Diseñada",600,201,399,255,745
2026-09-28T08:37:34.941Z,2026-09-28 03:37:34,2026-09-28 10:37:34,2026-09-29,1,"Ruta 1-A: Montaña Machupicchu",50,1,49,255,745
2026-09-28T08:37:34.941Z,2026-09-28 03:37:34,2026-09-28 10:37:34,2026-09-29,1,"Ruta 2-A: Clásico Diseñada",600,201,399,255,745
2026-09-28T08:59:24.403Z,2026-09-28 03:59:24,2026-09-28 10:59:24,2026-09-29,1,"Ruta 1-A: Montaña Machupicchu",50,1,49,255,745
2026-09-28T08:59:24.403Z,2026-09-28 03:59:24,2026-09-28 10:59:24,2026-09-29,1,"Ruta 2-A: Clásico Diseñada",600,201,399,255,745
2026-09-28T09:52:22.660Z,2026-09-28 04:52:22,2026-09-28 11:52:22,2026-09-29,1,"Ruta 1-A: Montaña Machupicchu",50,1,49,255,745
2026-09-28T09:52:22.660Z,2026-09-28 04:52:22,2026-09-28 11:52:22,2026-09-29,1,"Ruta 2-A: Clásico Diseñada",600,201,399,255,745
2026-09-28T10:08:04.782Z,2026-09-28 05:08:04,2026-09-28 12:08:04,2026-09-29,1,"Ruta 1-A: Montaña Machupicchu",50,1,49,255,745
2026-09-28T10:08:04.782Z,2026-09-28 05:08:04,2026-09-28 12:08:04,2026-09-29,1,"Ruta 2-A: Clásico Diseñada",600,201,399,255,745
2026-09-28T10:30:52.251Z,2026-09-28 05:30:52,2026-09-28 12:30:52,2026-09-29,1,"Ruta 1-A: Montaña Machupicchu",50,1,49,255,745
2026-09-28T10:30:52.251Z,2026-09-28 05:30:52,2026-09-28 12:30:52,2026-09-29,1,"Ruta 2-A: Clásico Diseñada",600,201,399,255,745
2026-09-28T10:46:19.726Z,2026-09-28 05:46:19,2026-09-28 12:46:19,2026-09-29,1,"Ruta 1-A: Montaña Machupicchu",50,1,49,255,745
2026-09-28T10:46:19.726Z,2026-09-28 05:46:19,2026-09-28 12:46:19,2026-09-29,1,"Ruta 2-A: Clásico Diseñada",600,201,399,255,745
2026-09-28T10:55:04.598Z,2026-09-28 05:55:04,2026-09-28 12:55:04,2026-09-29,1,"Ruta 1-A: Montaña Machupicchu",50,1,49,255,745
2026-09-28T10:55:04.598Z,2026-09-28 05:55:04,2026-09-28 12:55:04,2026-09-29,1,"Ruta 2-A: Clásico Diseñada",600,201,399,255,745
2026-09-28T11:06:31.153Z,2026-09-28 06:06:31,2026-09-28 13:06:31,2026-09-29,1,"Ruta 1-A: Montaña Machupicchu",50,1,49,277,723
2026-09-28T11:06:31.153Z,2026-09-28 06:06:31,2026-09-28 13:06:31,2026-09-29,1,"Ruta 2-A: Clásico Diseñada",600,209,391,277,723
2026-09-28T11:26:53.031Z,2026-09-28 06:26:53,2026-09-28 13:26:53,2026-09-29,1,"Ruta 1-A: Montaña Machupicchu",50,1,49,346,654
2026-09-28T11:26:53.031Z,2026-09-28 06:26:53,2026-09-28 13:26:53,2026-09-29,1,"Ruta 2-A: Clásico Diseñada",600,270,330,346,654
2026-09-28T11:38:59.493Z,2026-09-28 06:38:59,2026-09-28 13:38:59,2026-09-29,1,"Ruta 1-A: Montaña Machupicchu",50,5,45,360,640
2026-09-28T11:38:59.493Z,2026-09-28 06:38:59,2026-09-28 13:38:59,2026-09-29,1,"Ruta 2-A: Clásico Diseñada",600,285,315,360,640
2026-09-28T12:10:24.837Z,2026-09-28 07:10:24,2026-09-28 14:10:24,2026-09-29,1,"Ruta 1-A: Montaña Machupicchu",50,5,45,463,537
2026-09-28T12:10:24.837Z,2026-09-28 07:10:24,2026-09-28 14:10:24,2026-09-29,1,"Ruta 2-A: Clásico Diseñada",600,366,234,463,537
2026-09-28T12:42:21.147Z,2026-09-28 07:42:21,2026-09-28 14:42:21,2026-09-29,1,"Ruta 1-A: Montaña Machupicchu",50,5,45,503,497
2026-09-28T12:42:21.147Z,2026-09-28 07:42:21,2026-09-28 14:42:21,2026-09-29,1,"Ruta 2-A: Clásico Diseñada",600,411,189,503,497
2026-09-28T13:01:41.648Z,2026-09-28 08:01:41,2026-09-28 15:01:41,2026-09-29,1,"Ruta 1-A: Montaña Machupicchu",50,5,45,531,469
2026-09-28T13:01:41.648Z,2026-09-28 08:01:41,2026-09-28 15:01:41,2026-09-29,1,"Ruta 2-A: Clásico Diseñada",600,413,187,531,469
2026-09-28T13:26:21.161Z,2026-09-28 08:26:21,2026-09-28 15:26:21,2026-09-29,1,"Ruta 1-A: Montaña Machupicchu",50,5,45,590,410
2026-09-28T13:26:21.161Z,2026-09-28 08:26:21,2026-09-28 15:26:21,2026-09-29,1,"Ruta 2-A: Clásico Diseñada",600,471,129,590,410
2026-09-28T13:41:43.594Z,2026-09-28 08:41:43,2026-09-28 15:41:43,2026-09-29,1,"Ruta 1-A: Montaña Machupicchu",50,5,45,610,390
2026-09-28T13:41:43.594Z,2026-09-28 08:41:43,2026-09-28 15:41:43,2026-09-29,1,"Ruta 2-A: Clásico Diseñada",600,504,96,610,390
2026-09-28T13:53:40.313Z,2026-09-28 08:53:40,2026-09-28 15:53:40,2026-09-29,1,"Ruta 1-A: Montaña Machupicchu",50,5,45,616,384
2026-09-28T13:53:40.313Z,2026-09-28 08:53:40,2026-09-28 15:53:40,2026-09-29,1,"Ruta 2-A: Clásico Diseñada",600,509,91,616,384
2026-09-28T14:07:34.098Z,2026-09-28 09:07:34,2026-09-28 16:07:34,2026-09-29,1,"Ruta 1-A: Montaña Machupicchu",50,5,45,629,371
2026-09-28T14:07:34.098Z,2026-09-28 09:07:34,2026-09-28 16:07:34,2026-09-29,1,"Ruta 2-A: Clásico Diseñada",600,518,82,629,371
2026-09-28T14:31:26.932Z,2026-09-28 09:31:26,2026-09-28 16:31:26,2026-09-29,1,"Ruta 1-A: Montaña Machupicchu",50,5,45,649,351
2026-09-28T14:31:26.932Z,2026-09-28 09:31:26,2026-09-28 16:31:26,2026-09-29,1,"Ruta 2-A: Clásico Diseñada",600,529,71,649,351
2026-09-28T14:49:21.063Z,2026-09-28 09:49:21,2026-09-28 16:49:21,2026-09-29,1,"Ruta 1-A: Montaña Machupicchu",50,5,45,660,340
2026-09-28T14:49:21.063Z,2026-09-28 09:49:21,2026-09-28 16:49:21,2026-09-29,1,"Ruta 2-A: Clásico Diseñada",600,532,68,660,340
2026-09-28T15:07:29.832Z,2026-09-28 10:07:29,2026-09-28 17:07:29,2026-09-29,1,"Ruta 1-A: Montaña Machupicchu",50,7,43,668,332
2026-09-28T15:07:29.832Z,2026-09-28 10:07:29,2026-09-28 17:07:29,2026-09-29,1,"Ruta 2-A: Clásico Diseñada",600,532,68,668,332
2026-09-28T15:28:50.442Z,2026-09-28 10:28:50,2026-09-28 17:28:50,2026-09-29,1,"Ruta 1-A: Montaña Machupicchu",50,7,43,675,325
2026-09-28T15:28:50.442Z,2026-09-28 10:28:50,2026-09-28 17:28:50,2026-09-29,1,"Ruta 2-A: Clásico Diseñada",600,534,66,675,325
2026-09-28T15:43:20.223Z,2026-09-28 10:43:20,2026-09-28 17:43:20,2026-09-29,1,"Ruta 1-A: Montaña Machupicchu",50,7,43,680,320
2026-09-28T15:43:20.223Z,2026-09-28 10:43:20,2026-09-28 17:43:20,2026-09-29,1,"Ruta 2-A: Clásico Diseñada",600,537,63,680,320
2026-09-28T15:53:23.240Z,2026-09-28 10:53:23,2026-09-28 17:53:23,2026-09-29,1,"Ruta 1-A: Montaña Machupicchu",50,7,43,682,318
2026-09-28T15:53:23.240Z,2026-09-28 10:53:23,2026-09-28 17:53:23,2026-09-29,1,"Ruta 2-A: Clásico Diseñada",600,539,61,682,318
2026-09-28T16:07:34.107Z,2026-09-28 11:07:34,2026-09-28 18:07:34,2026-09-29,1,"Ruta 1-A: Montaña Machupicchu",50,8,42,685,315
2026-09-28T16:07:34.107Z,2026-09-28 11:07:34,2026-09-28 18:07:34,2026-09-29,1,"Ruta 2-A: Clásico Diseñada",600,539,61,685,315
2026-09-28T16:32:09.811Z,2026-09-28 11:32:09,2026-09-28 18:32:09,2026-09-29,1,"Ruta 1-A: Montaña Machupicchu",50,8,42,698,302
2026-09-28T16:32:09.811Z,2026-09-28 11:32:09,2026-09-28 18:32:09,2026-09-29,1,"Ruta 2-A: Clásico Diseñada",600,544,56,698,302
2026-09-28T16:47:13.159Z,2026-09-28 11:47:13,2026-09-28 18:47:13,2026-09-29,1,"Ruta 1-A: Montaña Machupicchu",50,9,41,703,297
2026-09-28T16:47:13.159Z,2026-09-28 11:47:13,2026-09-28 18:47:13,2026-09-29,1,"Ruta 2-A: Clásico Diseñada",600,546,54,703,297
2026-09-28T17:07:09.360Z,2026-09-28 12:07:09,2026-09-28 19:07:09,2026-09-29,1,"Ruta 1-A: Montaña Machupicchu",50,9,41,739,261
2026-09-28T17:07:09.360Z,2026-09-28 12:07:09,2026-09-28 19:07:09,2026-09-29,1,"Ruta 2-A: Clásico Diseñada",600,547,53,739,261
2026-09-28T17:26:05.747Z,2026-09-28 12:26:05,2026-09-28 19:26:05,2026-09-29,1,"Ruta 1-A: Montaña Machupicchu",50,9,41,757,243
2026-09-28T17:26:05.747Z,2026-09-28 12:26:05,2026-09-28 19:26:05,2026-09-29,1,"Ruta 2-A: Clásico Diseñada",600,563,37,757,243
2026-09-28T17:37:25.265Z,2026-09-28 12:37:25,2026-09-28 19:37:25,2026-09-29,1,"Ruta 1-A: Montaña Machupicchu",50,9,41,761,239
2026-09-28T17:37:25.265Z,2026-09-28 12:37:25,2026-09-28 19:37:25,2026-09-29,1,"Ruta 2-A: Clásico Diseñada",600,567,33,761,239
2026-09-28T17:49:44.185Z,2026-09-28 12:49:44,2026-09-28 19:49:44,2026-09-29,1,"Ruta 1-A: Montaña Machupicchu",50,9,41,765,235
2026-09-28T17:49:44.185Z,2026-09-28 12:49:44,2026-09-28 19:49:44,2026-09-29,1,"Ruta 2-A: Clásico Diseñada",600,569,31,765,235
2026-09-28T18:07:49.595Z,2026-09-28 13:07:49,2026-09-28 20:07:49,2026-09-29,1,"Ruta 1-A: Montaña Machupicchu",50,9,41,781,219
2026-09-28T18:07:49.595Z,2026-09-28 13:07:49,2026-09-28 20:07:49,2026-09-29,1,"Ruta 2-A: Clásico Diseñada",600,578,22,781,219
2026-09-28T18:32:00.990Z,2026-09-28 13:32:00,2026-09-28 20:32:00,2026-09-29,1,"Ruta 1-A: Montaña Machupicchu",50,10,40,784,216
2026-09-28T18:32:00.990Z,2026-09-28 13:32:00,2026-09-28 20:32:00,2026-09-29,1,"Ruta 2-A: Clásico Diseñada",600,580,20,784,216
2026-09-28T18:33:50.675Z,2026-09-28 13:33:50,2026-09-28 20:33:50,2026-09-29,1,"Ruta 1-A: Montaña Machupicchu",50,10,40,784,216
2026-09-28T18:33:50.675Z,2026-09-28 13:33:50,2026-09-28 20:33:50,2026-09-29,1,"Ruta 2-A: Clásico Diseñada",600,580,20,784,216
2026-09-28T18:50:29.113Z,2026-09-28 13:50:29,2026-09-28 20:50:29,2026-09-29,1,"Ruta 1-A: Montaña Machupicchu",50,10,40,799,201
2026-09-28T18:50:29.113Z,2026-09-28 13:50:29,2026-09-28 20:50:29,2026-09-29,1,"Ruta 2-A: Clásico Diseñada",600,588,12,799,201
2026-09-28T18:55:23.677Z,2026-09-28 13:55:23,2026-09-28 20:55:23,2026-09-29,1,"Ruta 1-A: Montaña Machupicchu",50,10,40,801,199
2026-09-28T18:55:23.677Z,2026-09-28 13:55:23,2026-09-28 20:55:23,2026-09-29,1,"Ruta 2-A: Clásico Diseñada",600,590,10,801,199
2026-09-28T19:06:10.843Z,2026-09-28 14:06:10,2026-09-28 21:06:10,2026-09-29,1,"Ruta 1-A: Montaña Machupicchu",50,10,40,806,194
2026-09-28T19:06:10.843Z,2026-09-28 14:06:10,2026-09-28 21:06:10,2026-09-29,1,"Ruta 2-A: Clásico Diseñada",600,596,4,806,194
2026-09-28T19:15:18.417Z,2026-09-28 14:15:18,2026-09-28 21:15:18,2026-09-29,1,"Ruta 1-A: Montaña Machupicchu",50,10,40,808,192
2026-09-28T19:15:18.417Z,2026-09-28 14:15:18,2026-09-28 21:15:18,2026-09-29,1,"Ruta 2-A: Clásico Diseñada",600,596,4,808,192
2026-09-28T19:23:58.535Z,2026-09-28 14:23:58,2026-09-28 21:23:58,2026-09-29,1,"Ruta 1-A: Montaña Machupicchu",50,10,40,808,192
2026-09-28T19:23:58.535Z,2026-09-28 14:23:58,2026-09-28 21:23:58,2026-09-29,1,"Ruta 2-A: Clásico Diseñada",600,596,4,808,192
2026-09-28T19:27:15.768Z,2026-09-28 14:27:15,2026-09-28 21:27:15,2026-09-29,1,"Ruta 1-A: Montaña Machupicchu",50,10,40,810,190
2026-09-28T19:27:15.768Z,2026-09-28 14:27:15,2026-09-28 21:27:15,2026-09-29,1,"Ruta 2-A: Clásico Diseñada",600,596,4,810,190
2026-09-28T19:35:49.297Z,2026-09-28 14:35:49,2026-09-28 21:35:49,2026-09-29,1,"Ruta 1-A: Montaña Machupicchu",50,10,40,817,183
2026-09-28T19:35:49.297Z,2026-09-28 14:35:49,2026-09-28 21:35:49,2026-09-29,1,"Ruta 2-A: Clásico Diseñada",600,598,2,817,183
2026-09-28T19:45:36.745Z,2026-09-28 14:45:36,2026-09-28 21:45:36,2026-09-29,1,"Ruta 1-A: Montaña Machupicchu",50,11,39,831,169
2026-09-28T19:45:36.745Z,2026-09-28 14:45:36,2026-09-28 21:45:36,2026-09-29,1,"Ruta 2-A: Clásico Diseñada",600,600,0,831,169
2026-09-28T19:48:46.821Z,2026-09-28 14:48:46,2026-09-28 21:48:46,2026-09-29,1,"Ruta 1-A: Montaña Machupicchu",50,11,39,833,167
2026-09-28T19:48:46.821Z,2026-09-28 14:48:46,2026-09-28 21:48:46,2026-09-29,1,"Ruta 2-A: Clásico Diseñada",600,600,0,833,167
2026-09-28T19:52:25.428Z,2026-09-28 14:52:25,2026-09-28 21:52:25,2026-09-29,1,"Ruta 1-A: Montaña Machupicchu",50,18,32,838,162
2026-09-28T19:52:25.428Z,2026-09-28 14:52:25,2026-09-28 21:52:25,2026-09-29,1,"Ruta 2-A: Clásico Diseñada",600,600,0,838,162
2026-09-28T19:59:30.681Z,2026-09-28 14:59:30,2026-09-28 21:59:30,2026-09-29,1,"Ruta 1-A: Montaña Machupicchu",50,19,31,840,160
2026-09-28T19:59:30.681Z,2026-09-28 14:59:30,2026-09-28 21:59:30,2026-09-29,1,"Ruta 2-A: Clásico Diseñada",600,600,0,840,160
2026-09-28T20:06:59.971Z,2026-09-28 15:06:59,2026-09-28 22:06:59,2026-09-29,1,"Ruta 1-A: Montaña Machupicchu",50,19,31,844,156
2026-09-28T20:06:59.971Z,2026-09-28 15:06:59,2026-09-28 22:06:59,2026-09-29,1,"Ruta 2-A: Clásico Diseñada",600,600,0,844,156
2026-09-28T20:16:47.001Z,2026-09-28 15:16:47,2026-09-28 22:16:47,2026-09-29,1,"Ruta 1-A: Montaña Machupicchu",50,19,31,848,152
2026-09-28T20:16:47.001Z,2026-09-28 15:16:47,2026-09-28 22:16:47,2026-09-29,1,"Ruta 2-A: Clásico Diseñada",600,600,0,848,152
2026-09-28T20:27:02.567Z,2026-09-28 15:27:02,2026-09-28 22:27:02,2026-09-29,1,"Ruta 1-A: Montaña Machupicchu",50,19,31,849,151
2026-09-28T20:27:02.567Z,2026-09-28 15:27:02,2026-09-28 22:27:02,2026-09-29,1,"Ruta 2-A: Clásico Diseñada",600,600,0,849,151
2026-09-28T20:31:43.308Z,2026-09-28 15:31:43,2026-09-28 22:31:43,2026-09-29,1,"Ruta 1-A: Montaña Machupicchu",50,19,31,852,148
2026-09-28T20:31:43.308Z,2026-09-28 15:31:43,2026-09-28 22:31:43,2026-09-29,1,"Ruta 2-A: Clásico Diseñada",600,600,0,852,148
2026-09-28T20:39:23.346Z,2026-09-28 15:39:23,2026-09-28 22:39:23,2026-09-29,1,"Ruta 1-A: Montaña Machupicchu",50,20,30,853,147
2026-09-28T20:39:23.346Z,2026-09-28 15:39:23,2026-09-28 22:39:23,2026-09-29,1,"Ruta 2-A: Clásico Diseñada",600,600,0,853,147
2026-09-28T20:51:46.260Z,2026-09-28 15:51:46,2026-09-28 22:51:46,2026-09-29,1,"Ruta 1-A: Montaña Machupicchu",50,20,30,858,142
2026-09-28T20:51:46.260Z,2026-09-28 15:51:46,2026-09-28 22:51:46,2026-09-29,1,"Ruta 2-A: Clásico Diseñada",600,600,0,858,142
2026-09-28T20:54:18.264Z,2026-09-28 15:54:18,2026-09-28 22:54:18,2026-09-29,1,"Ruta 1-A: Montaña Machupicchu",50,20,30,864,136
2026-09-28T20:54:18.264Z,2026-09-28 15:54:18,2026-09-28 22:54:18,2026-09-29,1,"Ruta 2-A: Clásico Diseñada",600,600,0,864,136
2026-09-28T21:00:14.618Z,2026-09-28 16:00:14,2026-09-28 23:00:14,2026-09-29,1,"Ruta 1-A: Montaña Machupicchu",50,22,28,868,132
2026-09-28T21:00:14.618Z,2026-09-28 16:00:14,2026-09-28 23:00:14,2026-09-29,1,"Ruta 2-A: Clásico Diseñada",600,600,0,868,132
2026-09-28T21:06:23.536Z,2026-09-28 16:06:23,2026-09-28 23:06:23,2026-09-29,1,"Ruta 1-A: Montaña Machupicchu",50,22,28,868,132
2026-09-28T21:06:23.536Z,2026-09-28 16:06:23,2026-09-28 23:06:23,2026-09-29,1,"Ruta 2-A: Clásico Diseñada",600,600,0,868,132
2026-09-28T21:25:06.890Z,2026-09-28 16:25:06,2026-09-28 23:25:06,2026-09-29,1,"Ruta 1-A: Montaña Machupicchu",50,22,28,884,116
2026-09-28T21:25:06.890Z,2026-09-28 16:25:06,2026-09-28 23:25:06,2026-09-29,1,"Ruta 2-A: Clásico Diseñada",600,600,0,884,116
2026-09-28T21:35:51.506Z,2026-09-28 16:35:51,2026-09-28 23:35:51,2026-09-29,1,"Ruta 1-A: Montaña Machupicchu",50,22,28,886,114
2026-09-28T21:35:51.506Z,2026-09-28 16:35:51,2026-09-28 23:35:51,2026-09-29,1,"Ruta 2-A: Clásico Diseñada",600,600,0,886,114
2026-09-28T21:48:24.152Z,2026-09-28 16:48:24,2026-09-28 23:48:24,2026-09-29,1,"Ruta 1-A: Montaña Machupicchu",50,22,28,887,113
2026-09-28T21:48:24.152Z,2026-09-28 16:48:24,2026-09-28 23:48:24,2026-09-29,1,"Ruta 2-A: Clásico Diseñada",600,600,0,887,113
2026-09-28T22:07:17.364Z,2026-09-28 17:07:17,2026-09-29 00:07:17,2026-09-29,1,"Ruta 1-A: Montaña Machupicchu",50,22,28,887,113
2026-09-28T22:07:17.364Z,2026-09-28 17:07:17,2026-09-29 00:07:17,2026-09-29,1,"Ruta 2-A: Clásico Diseñada",600,600,0,887,113
2026-09-28T22:25:53.483Z,2026-09-28 17:25:53,2026-09-29 00:25:53,2026-09-29,1,"Ruta 1-A: Montaña Machupicchu",50,22,28,894,106
2026-09-28T22:25:53.483Z,2026-09-28 17:25:53,2026-09-29 00:25:53,2026-09-29,1,"Ruta 2-A: Clásico Diseñada",600,600,0,894,106
2026-09-28T22:36:22.683Z,2026-09-28 17:36:22,2026-09-29 00:36:22,2026-09-29,1,"Ruta 1-A: Montaña Machupicchu",50,23,27,898,102
2026-09-28T22:36:22.683Z,2026-09-28 17:36:22,2026-09-29 00:36:22,2026-09-29,1,"Ruta 2-A: Clásico Diseñada",600,600,0,898,102
2026-09-28T22:48:22.184Z,2026-09-28 17:48:22,2026-09-29 00:48:22,2026-09-29,1,"Ruta 1-A: Montaña Machupicchu",50,23,27,904,96
2026-09-28T22:48:22.184Z,2026-09-28 17:48:22,2026-09-29 00:48:22,2026-09-29,1,"Ruta 2-A: Clásico Diseñada",600,600,0,904,96
2026-09-28T23:06:28.476Z,2026-09-28 18:06:28,2026-09-29 01:06:28,2026-09-29,1,"Ruta 1-A: Montaña Machupicchu",50,25,25,922,78
2026-09-28T23:06:28.476Z,2026-09-28 18:06:28,2026-09-29 01:06:28,2026-09-29,1,"Ruta 2-A: Clásico Diseñada",600,600,0,922,78
2026-09-28T23:25:39.783Z,2026-09-28 18:25:39,2026-09-29 01:25:39,2026-09-29,1,"Ruta 1-A: Montaña Machupicchu",50,25,25,927,73
2026-09-28T23:25:39.783Z,2026-09-28 18:25:39,2026-09-29 01:25:39,2026-09-29,1,"Ruta 2-A: Clásico Diseñada",600,600,0,927,73
2026-09-28T23:36:26.312Z,2026-09-28 18:36:26,2026-09-29 01:36:26,2026-09-29,1,"Ruta 1-A: Montaña Machupicchu",50,26,24,933,67
2026-09-28T23:36:26.312Z,2026-09-28 18:36:26,2026-09-29 01:36:26,2026-09-29,1,"Ruta 2-A: Clásico Diseñada",600,600,0,933,67
2026-09-28T23:48:37.549Z,2026-09-28 18:48:37,2026-09-29 01:48:37,2026-09-29,1,"Ruta 1-A: Montaña Machupicchu",50,28,22,943,57
2026-09-28T23:48:37.549Z,2026-09-28 18:48:37,2026-09-29 01:48:37,2026-09-29,1,"Ruta 2-A: Clásico Diseñada",600,600,0,943,57
2026-09-29T00:17:11.480Z,2026-09-28 19:17:11,2026-09-29 02:17:11,2026-09-30,2,"Ruta 1-A: Montaña Machupicchu",50,0,50,0,1000
2026-09-29T00:17:11.480Z,2026-09-28 19:17:11,2026-09-29 02:17:11,2026-09-30,2,"Ruta 2-A: Clásico Diseñada",600,0,600,0,1000
2026-09-29T01:13:21.518Z,2026-09-28 20:13:21,2026-09-29 03:13:21,2026-09-30,2,"Ruta 1-A: Montaña Machupicchu",50,0,50,0,1000
2026-09-29T01:13:21.518Z,2026-09-28 20:13:21,2026-09-29 03:13:21,2026-09-30,2,"Ruta 2-A: Clásico Diseñada",600,0,600,0,1000
2026-09-29T02:02:38.671Z,2026-09-28 21:02:38,2026-09-29 04:02:38,2026-09-30,2,"Ruta 1-A: Montaña Machupicchu",50,0,50,0,1000
2026-09-29T02:02:38.671Z,2026-09-28 21:02:38,2026-09-29 04:02:38,2026-09-30,2,"Ruta 2-A: Clásico Diseñada",600,0,600,0,1000
2026-09-29T02:36:45.317Z,2026-09-28 21:36:45,2026-09-29 04:36:45,2026-09-30,2,"Ruta 1-A: Montaña Machupicchu",50,0,50,0,1000
2026-09-29T02:36:45.317Z,2026-09-28 21:36:45,2026-09-29 04:36:45,2026-09-30,2,"Ruta 2-A: Clásico Diseñada",600,0,600,0,1000
2026-09-29T02:55:34.243Z,2026-09-28 21:55:34,2026-09-29 04:55:34,2026-09-30,2,"Ruta 1-A: Montaña Machupicchu",50,0,50,0,1000
2026-09-29T02:55:34.243Z,2026-09-28 21:55:34,2026-09-29 04:55:34,2026-09-30,2,"Ruta 2-A: Clásico Diseñada",600,0,600,0,1000
2026-09-29T03:08:11.909Z,2026-09-28 22:08:11,2026-09-29 05:08:11,2026-09-30,2,"Ruta 1-A: Montaña Machupicchu",50,0,50,0,1000
2026-09-29T03:08:11.909Z,2026-09-28 22:08:11,2026-09-29 05:08:11,2026-09-30,2,"Ruta 2-A: Clásico Diseñada",600,0,600,0,1000
2026-09-29T03:32:48.511Z,2026-09-28 22:32:48,2026-09-29 05:32:48,2026-09-30,2,"Ruta 1-A: Montaña Machupicchu",50,0,50,0,1000
2026-09-29T03:32:48.511Z,2026-09-28 22:32:48,2026-09-29 05:32:48,2026-09-30,2,"Ruta 2-A: Clásico Diseñada",600,0,600,0,1000
2026-09-29T03:54:10.098Z,2026-09-28 22:54:10,2026-09-29 05:54:10,2026-09-30,2,"Ruta 1-A: Montaña Machupicchu",50,0,50,0,1000
2026-09-29T03:54:10.098Z,2026-09-28 22:54:10,2026-09-29 05:54:10,2026-09-30,2,"Ruta 2-A: Clásico Diseñada",600,0,600,0,1000
2026-09-29T04:08:03.414Z,2026-09-28 23:08:03,2026-09-29 06:08:03,2026-09-30,2,"Ruta 1-A: Montaña Machupicchu",50,0,50,0,1000
2026-09-29T04:08:03.414Z,2026-09-28 23:08:03,2026-09-29 06:08:03,2026-09-30,2,"Ruta 2-A: Clásico Diseñada",600,0,600,0,1000
2026-09-29T04:32:04.347Z,2026-09-28 23:32:04,2026-09-29 06:32:04,2026-09-30,2,"Ruta 1-A: Montaña Machupicchu",50,0,50,0,1000
2026-09-29T04:32:04.347Z,2026-09-28 23:32:04,2026-09-29 06:32:04,2026-09-30,2,"Ruta 2-A: Clásico Diseñada",600,0,600,0,1000
2026-09-29T04:53:23.315Z,2026-09-28 23:53:23,2026-09-29 06:53:23,2026-09-30,2,"Ruta 1-A: Montaña Machupicchu",50,0,50,0,1000
2026-09-29T04:53:23.315Z,2026-09-28 23:53:23,2026-09-29 06:53:23,2026-09-30,2,"Ruta 2-A: Clásico Diseñada",600,0,600,0,1000
2026-09-29T05:07:13.758Z,2026-09-29 00:07:13,2026-09-29 07:07:13,2026-09-30,1,"Ruta 1-A: Montaña Machupicchu",50,0,50,0,1000
2026-09-29T05:07:13.758Z,2026-09-29 00:07:13,2026-09-29 07:07:13,2026-09-30,1,"Ruta 2-A: Clásico Diseñada",600,0,600,0,1000
2026-09-29T05:28:37.627Z,2026-09-29 00:28:37,2026-09-29 07:28:37,2026-09-30,1,"Ruta 1-A: Montaña Machupicchu",50,0,50,0,1000
2026-09-29T05:28:37.627Z,2026-09-29 00:28:37,2026-09-29 07:28:37,2026-09-30,1,"Ruta 2-A: Clásico Diseñada",600,0,600,0,1000
2026-09-29T05:43:14.258Z,2026-09-29 00:43:14,2026-09-29 07:43:14,2026-09-30,1,"Ruta 1-A: Montaña Machupicchu",50,0,50,0,1000
2026-09-29T05:43:14.258Z,2026-09-29 00:43:14,2026-09-29 07:43:14,2026-09-30,1,"Ruta 2-A: Clásico Diseñada",600,0,600,0,1000
2026-09-29T05:53:23.243Z,2026-09-29 00:53:23,2026-09-29 07:53:23,2026-09-30,1,"Ruta 1-A: Montaña Machupicchu",50,0,50,0,1000
2026-09-29T05:53:23.243Z,2026-09-29 00:53:23,2026-09-29 07:53:23,2026-09-30,1,"Ruta 2-A: Clásico Diseñada",600,0,600,0,1000
2026-09-29T06:10:58.391Z,2026-09-29 01:10:58,2026-09-29 08:10:58,2026-09-30,1,"Ruta 1-A: Montaña Machupicchu",50,0,50,0,1000
2026-09-29T06:10:58.391Z,2026-09-29 01:10:58,2026-09-29 08:10:58,2026-09-30,1,"Ruta 2-A: Clásico Diseñada",600,0,600,0,1000
2026-09-29T06:43:30.897Z,2026-09-29 01:43:30,2026-09-29 08:43:30,2026-09-30,1,"Ruta 1-A: Montaña Machupicchu",50,0,50,0,1000
2026-09-29T06:43:30.897Z,2026-09-29 01:43:30,2026-09-29 08:43:30,2026-09-30,1,"Ruta 2-A: Clásico Diseñada",600,0,600,0,1000
2026-09-29T07:06:20.966Z,2026-09-29 02:06:20,2026-09-29 09:06:20,2026-09-30,1,"Ruta 1-A: Montaña Machupicchu",50,0,50,0,1000
2026-09-29T07:06:20.966Z,2026-09-29 02:06:20,2026-09-29 09:06:20,2026-09-30,1,"Ruta 2-A: Clásico Diseñada",600,0,600,0,1000
2026-09-29T07:36:31.382Z,2026-09-29 02:36:31,2026-09-29 09:36:31,2026-09-30,1,"Ruta 1-A: Montaña Machupicchu",50,0,50,0,1000
2026-09-29T07:36:31.382Z,2026-09-29 02:36:31,2026-09-29 09:36:31,2026-09-30,1,"Ruta 2-A: Clásico Diseñada",600,0,600,0,1000
2026-09-29T07:55:53.338Z,2026-09-29 02:55:53,2026-09-29 09:55:53,2026-09-30,1,"Ruta 1-A: Montaña Machupicchu",50,0,50,0,1000
2026-09-29T07:55:53.338Z,2026-09-29 02:55:53,2026-09-29 09:55:53,2026-09-30,1,"Ruta 2-A: Clásico Diseñada",600,0,600,0,1000
2026-09-29T08:09:45.676Z,2026-09-29 03:09:45,2026-09-29 10:09:45,2026-09-30,1,"Ruta 1-A: Montaña Machupicchu",50,0,50,0,1000
2026-09-29T08:09:45.676Z,2026-09-29 03:09:45,2026-09-29 10:09:45,2026-09-30,1,"Ruta 2-A: Clásico Diseñada",600,0,600,0,1000
2026-09-29T08:36:56.563Z,2026-09-29 03:36:56,2026-09-29 10:36:56,2026-09-30,1,"Ruta 1-A: Montaña Machupicchu",50,0,50,0,1000
2026-09-29T08:36:56.563Z,2026-09-29 03:36:56,2026-09-29 10:36:56,2026-09-30,1,"Ruta 2-A: Clásico Diseñada",600,0,600,0,1000
2026-09-29T08:56:48.285Z,2026-09-29 03:56:48,2026-09-29 10:56:48,2026-09-30,1,"Ruta 1-A: Montaña Machupicchu",50,0,50,0,1000
2026-09-29T08:56:48.285Z,2026-09-29 03:56:48,2026-09-29 10:56:48,2026-09-30,1,"Ruta 2-A: Clásico Diseñada",600,0,600,0,1000
2026-09-29T09:08:48.880Z,2026-09-29 04:08:48,2026-09-29 11:08:48,2026-09-30,1,"Ruta 1-A: Montaña Machupicchu",50,0,50,0,1000
2026-09-29T09:08:48.880Z,2026-09-29 04:08:48,2026-09-29 11:08:48,2026-09-30,1,"Ruta 2-A: Clásico Diseñada",600,0,600,0,1000
2026-09-29T09:31:47.346Z,2026-09-29 04:31:47,2026-09-29 11:31:47,2026-09-30,1,"Ruta 1-A: Montaña Machupicchu",50,0,50,0,1000
2026-09-29T09:31:47.346Z,2026-09-29 04:31:47,2026-09-29 11:31:47,2026-09-30,1,"Ruta 2-A: Clásico Diseñada",600,0,600,0,1000
2026-09-29T09:52:53.673Z,2026-09-29 04:52:53,2026-09-29 11:52:53,2026-09-30,1,"Ruta 1-A: Montaña Machupicchu",50,0,50,0,1000
2026-09-29T09:52:53.673Z,2026-09-29 04:52:53,2026-09-29 11:52:53,2026-09-30,1,"Ruta 2-A: Clásico Diseñada",600,0,600,0,1000
2026-09-29T10:07:23.907Z,2026-09-29 05:07:23,2026-09-29 12:07:23,2026-09-30,1,"Ruta 1-A: Montaña Machupicchu",50,0,50,0,1000
2026-09-29T10:07:23.907Z,2026-09-29 05:07:23,2026-09-29 12:07:23,2026-09-30,1,"Ruta 2-A: Clásico Diseñada",600,0,600,0,1000
2026-09-29T10:29:30.705Z,2026-09-29 05:29:30,2026-09-29 12:29:30,2026-09-30,1,"Ruta 1-A: Montaña Machupicchu",50,0,50,0,1000
2026-09-29T10:29:30.705Z,2026-09-29 05:29:30,2026-09-29 12:29:30,2026-09-30,1,"Ruta 2-A: Clásico Diseñada",600,0,600,0,1000
2026-09-29T10:45:36.008Z,2026-09-29 05:45:36,2026-09-29 12:45:36,2026-09-30,1,"Ruta 1-A: Montaña Machupicchu",50,0,50,0,1000
2026-09-29T10:45:36.008Z,2026-09-29 05:45:36,2026-09-29 12:45:36,2026-09-30,1,"Ruta 2-A: Clásico Diseñada",600,0,600,0,1000
2026-09-29T10:54:11.767Z,2026-09-29 05:54:11,2026-09-29 12:54:11,2026-09-30,1,"Ruta 1-A: Montaña Machupicchu",50,0,50,0,1000
2026-09-29T10:54:11.767Z,2026-09-29 05:54:11,2026-09-29 12:54:11,2026-09-30,1,"Ruta 2-A: Clásico Diseñada",600,0,600,0,1000
2026-09-29T11:06:43.054Z,2026-09-29 06:06:43,2026-09-29 13:06:43,2026-09-30,1,"Ruta 1-A: Montaña Machupicchu",50,0,50,30,970
2026-09-29T11:06:43.054Z,2026-09-29 06:06:43,2026-09-29 13:06:43,2026-09-30,1,"Ruta 2-A: Clásico Diseñada",600,9,591,30,970
2026-09-29T11:26:15.935Z,2026-09-29 06:26:15,2026-09-29 13:26:15,2026-09-30,1,"Ruta 1-A: Montaña Machupicchu",50,0,50,155,845
2026-09-29T11:26:15.935Z,2026-09-29 06:26:15,2026-09-29 13:26:15,2026-09-30,1,"Ruta 2-A: Clásico Diseñada",600,33,567,155,845
2026-09-29T11:37:41.301Z,2026-09-29 06:37:41,2026-09-29 13:37:41,2026-09-30,1,"Ruta 1-A: Montaña Machupicchu",50,0,50,225,775
2026-09-29T11:37:41.301Z,2026-09-29 06:37:41,2026-09-29 13:37:41,2026-09-30,1,"Ruta 2-A: Clásico Diseñada",600,140,460,225,775
2026-09-29T11:50:58.961Z,2026-09-29 06:50:58,2026-09-29 13:50:58,2026-09-30,1,"Ruta 1-A: Montaña Machupicchu",50,0,50,291,709
2026-09-29T11:50:58.961Z,2026-09-29 06:50:58,2026-09-29 13:50:58,2026-09-30,1,"Ruta 2-A: Clásico Diseñada",600,193,407,291,709
2026-09-29T12:10:15.090Z,2026-09-29 07:10:15,2026-09-29 14:10:15,2026-09-30,1,"Ruta 1-A: Montaña Machupicchu",50,0,50,372,628
2026-09-29T12:10:15.090Z,2026-09-29 07:10:15,2026-09-29 14:10:15,2026-09-30,1,"Ruta 2-A: Clásico Diseñada",600,280,320,372,628
2026-09-29T12:40:52.153Z,2026-09-29 07:40:52,2026-09-29 14:40:52,2026-09-30,1,"Ruta 1-A: Montaña Machupicchu",50,0,50,458,542
2026-09-29T12:40:52.153Z,2026-09-29 07:40:52,2026-09-29 14:40:52,2026-09-30,1,"Ruta 2-A: Clásico Diseñada",600,357,243,458,542
2026-09-29T13:02:18.613Z,2026-09-29 08:02:18,2026-09-29 15:02:18,2026-09-30,1,"Ruta 1-A: Montaña Machupicchu",50,1,49,495,505
2026-09-29T13:02:18.613Z,2026-09-29 08:02:18,2026-09-29 15:02:18,2026-09-30,1,"Ruta 2-A: Clásico Diseñada",600,382,218,495,505
2026-09-29T13:32:52.908Z,2026-09-29 08:32:52,2026-09-29 15:32:52,2026-09-30,1,"Ruta 1-A: Montaña Machupicchu",50,1,49,567,433
2026-09-29T13:32:52.908Z,2026-09-29 08:32:52,2026-09-29 15:32:52,2026-09-30,1,"Ruta 2-A: Clásico Diseñada",600,432,168,567,433
2026-09-29T13:53:09.325Z,2026-09-29 08:53:09,2026-09-29 15:53:09,2026-09-30,1,"Ruta 1-A: Montaña Machupicchu",50,1,49,596,404
2026-09-29T13:53:09.325Z,2026-09-29 08:53:09,2026-09-29 15:53:09,2026-09-30,1,"Ruta 2-A: Clásico Diseñada",600,460,140,596,404
2026-09-29T14:07:10.725Z,2026-09-29 09:07:10,2026-09-29 16:07:10,2026-09-30,1,"Ruta 1-A: Montaña Machupicchu",50,1,49,605,395
2026-09-29T14:07:10.725Z,2026-09-29 09:07:10,2026-09-29 16:07:10,2026-09-30,1,"Ruta 2-A: Clásico Diseñada",600,462,138,605,395
2026-09-29T14:28:52.056Z,2026-09-29 09:28:52,2026-09-29 16:28:52,2026-09-30,1,"Ruta 1-A: Montaña Machupicchu",50,5,45,623,377
2026-09-29T14:28:52.056Z,2026-09-29 09:28:52,2026-09-29 16:28:52,2026-09-30,1,"Ruta 2-A: Clásico Diseñada",600,469,131,623,377
2026-09-29T14:43:53.476Z,2026-09-29 09:43:53,2026-09-29 16:43:53,2026-09-30,1,"Ruta 1-A: Montaña Machupicchu",50,5,45,634,366
2026-09-29T14:43:53.476Z,2026-09-29 09:43:53,2026-09-29 16:43:53,2026-09-30,1,"Ruta 2-A: Clásico Diseñada",600,487,113,634,366
2026-09-29T14:54:36.125Z,2026-09-29 09:54:36,2026-09-29 16:54:36,2026-09-30,1,"Ruta 1-A: Montaña Machupicchu",50,5,45,636,364
2026-09-29T14:54:36.125Z,2026-09-29 09:54:36,2026-09-29 16:54:36,2026-09-30,1,"Ruta 2-A: Clásico Diseñada",600,487,113,636,364
2026-09-29T15:07:30.030Z,2026-09-29 10:07:30,2026-09-29 17:07:30,2026-09-30,1,"Ruta 1-A: Montaña Machupicchu",50,5,45,643,357
2026-09-29T15:07:30.030Z,2026-09-29 10:07:30,2026-09-29 17:07:30,2026-09-30,1,"Ruta 2-A: Clásico Diseñada",600,487,113,643,357
2026-09-29T15:28:57.392Z,2026-09-29 10:28:57,2026-09-29 17:28:57,2026-09-30,1,"Ruta 1-A: Montaña Machupicchu",50,5,45,649,351
2026-09-29T15:28:57.392Z,2026-09-29 10:28:57,2026-09-29 17:28:57,2026-09-30,1,"Ruta 2-A: Clásico Diseñada",600,489,111,649,351
2026-09-29T15:43:40.125Z,2026-09-29 10:43:40,2026-09-29 17:43:40,2026-09-30,1,"Ruta 1-A: Montaña Machupicchu",50,5,45,653,347
2026-09-29T15:43:40.125Z,2026-09-29 10:43:40,2026-09-29 17:43:40,2026-09-30,1,"Ruta 2-A: Clásico Diseñada",600,490,110,653,347
2026-09-29T15:53:32.744Z,2026-09-29 10:53:32,2026-09-29 17:53:32,2026-09-30,1,"Ruta 1-A: Montaña Machupicchu",50,5,45,656,344
2026-09-29T15:53:32.744Z,2026-09-29 10:53:32,2026-09-29 17:53:32,2026-09-30,1,"Ruta 2-A: Clásico Diseñada",600,492,108,656,344
2026-09-29T16:08:00.813Z,2026-09-29 11:08:00,2026-09-29 18:08:00,2026-09-30,1,"Ruta 1-A: Montaña Machupicchu",50,5,45,656,344
2026-09-29T16:08:00.813Z,2026-09-29 11:08:00,2026-09-29 18:08:00,2026-09-30,1,"Ruta 2-A: Clásico Diseñada",600,494,106,656,344
2026-09-29T16:31:47.459Z,2026-09-29 11:31:47,2026-09-29 18:31:47,2026-09-30,1,"Ruta 1-A: Montaña Machupicchu",50,5,45,667,333
2026-09-29T16:31:47.459Z,2026-09-29 11:31:47,2026-09-29 18:31:47,2026-09-30,1,"Ruta 2-A: Clásico Diseñada",600,495,105,667,333
2026-09-29T16:52:59.572Z,2026-09-29 11:52:59,2026-09-29 18:52:59,2026-09-30,1,"Ruta 1-A: Montaña Machupicchu",50,5,45,667,333
2026-09-29T16:52:59.572Z,2026-09-29 11:52:59,2026-09-29 18:52:59,2026-09-30,1,"Ruta 2-A: Clásico Diseñada",600,503,97,667,333
2026-09-29T17:06:26.083Z,2026-09-29 12:06:26,2026-09-29 19:06:26,2026-09-30,1,"Ruta 1-A: Montaña Machupicchu",50,5,45,678,322
2026-09-29T17:06:26.083Z,2026-09-29 12:06:26,2026-09-29 19:06:26,2026-09-30,1,"Ruta 2-A: Clásico Diseñada",600,505,95,678,322
2026-09-29T17:25:52.328Z,2026-09-29 12:25:52,2026-09-29 19:25:52,2026-09-30,1,"Ruta 1-A: Montaña Machupicchu",50,5,45,707,293
2026-09-29T17:25:52.328Z,2026-09-29 12:25:52,2026-09-29 19:25:52,2026-09-30,1,"Ruta 2-A: Clásico Diseñada",600,529,71,707,293
2026-09-29T17:38:27.273Z,2026-09-29 12:38:27,2026-09-29 19:38:27,2026-09-30,1,"Ruta 1-A: Montaña Machupicchu",50,5,45,707,293
2026-09-29T17:38:27.273Z,2026-09-29 12:38:27,2026-09-29 19:38:27,2026-09-30,1,"Ruta 2-A: Clásico Diseñada",600,529,71,707,293
2026-09-29T17:50:51.266Z,2026-09-29 12:50:51,2026-09-29 19:50:51,2026-09-30,1,"Ruta 1-A: Montaña Machupicchu",50,5,45,716,284
2026-09-29T17:50:51.266Z,2026-09-29 12:50:51,2026-09-29 19:50:51,2026-09-30,1,"Ruta 2-A: Clásico Diseñada",600,537,63,716,284
2026-09-29T18:07:19.283Z,2026-09-29 13:07:19,2026-09-29 20:07:19,2026-09-30,1,"Ruta 1-A: Montaña Machupicchu",50,5,45,724,276
2026-09-29T18:07:19.283Z,2026-09-29 13:07:19,2026-09-29 20:07:19,2026-09-30,1,"Ruta 2-A: Clásico Diseñada",600,545,55,724,276
2026-09-29T18:31:43.798Z,2026-09-29 13:31:43,2026-09-29 20:31:43,2026-09-30,1,"Ruta 1-A: Montaña Machupicchu",50,5,45,728,272
2026-09-29T18:31:43.798Z,2026-09-29 13:31:43,2026-09-29 20:31:43,2026-09-30,1,"Ruta 2-A: Clásico Diseñada",600,547,53,728,272
2026-09-29T18:49:55.311Z,2026-09-29 13:49:55,2026-09-29 20:49:55,2026-09-30,1,"Ruta 1-A: Montaña Machupicchu",50,5,45,728,272
2026-09-29T18:49:55.311Z,2026-09-29 13:49:55,2026-09-29 20:49:55,2026-09-30,1,"Ruta 2-A: Clásico Diseñada",600,547,53,728,272
2026-09-29T18:54:22.915Z,2026-09-29 13:54:22,2026-09-29 20:54:22,2026-09-30,1,"Ruta 1-A: Montaña Machupicchu",50,5,45,728,272
2026-09-29T18:54:22.915Z,2026-09-29 13:54:22,2026-09-29 20:54:22,2026-09-30,1,"Ruta 2-A: Clásico Diseñada",600,547,53,728,272
2026-09-29T18:59:06.812Z,2026-09-29 13:59:06,2026-09-29 20:59:06,2026-09-30,1,"Ruta 1-A: Montaña Machupicchu",50,5,45,728,272
2026-09-29T18:59:06.812Z,2026-09-29 13:59:06,2026-09-29 20:59:06,2026-09-30,1,"Ruta 2-A: Clásico Diseñada",600,547,53,728,272
2026-09-29T19:06:10.492Z,2026-09-29 14:06:10,2026-09-29 21:06:10,2026-09-30,1,"Ruta 1-A: Montaña Machupicchu",50,5,45,729,271
2026-09-29T19:06:10.492Z,2026-09-29 14:06:10,2026-09-29 21:06:10,2026-09-30,1,"Ruta 2-A: Clásico Diseñada",600,547,53,729,271
2026-09-29T19:15:07.365Z,2026-09-29 14:15:07,2026-09-29 21:15:07,2026-09-30,1,"Ruta 1-A: Montaña Machupicchu",50,5,45,731,269
2026-09-29T19:15:07.365Z,2026-09-29 14:15:07,2026-09-29 21:15:07,2026-09-30,1,"Ruta 2-A: Clásico Diseñada",600,548,52,731,269
2026-09-29T19:25:42.976Z,2026-09-29 14:25:42,2026-09-29 21:25:42,2026-09-30,1,"Ruta 1-A: Montaña Machupicchu",50,5,45,732,268
2026-09-29T19:25:42.976Z,2026-09-29 14:25:42,2026-09-29 21:25:42,2026-09-30,1,"Ruta 2-A: Clásico Diseñada",600,550,50,732,268
2026-09-29T19:28:39.250Z,2026-09-29 14:28:39,2026-09-29 21:28:39,2026-09-30,1,"Ruta 1-A: Montaña Machupicchu",50,5,45,732,268
2026-09-29T19:28:39.250Z,2026-09-29 14:28:39,2026-09-29 21:28:39,2026-09-30,1,"Ruta 2-A: Clásico Diseñada",600,550,50,732,268
2026-09-29T19:37:08.544Z,2026-09-29 14:37:08,2026-09-29 21:37:08,2026-09-30,1,"Ruta 1-A: Montaña Machupicchu",50,5,45,734,266
2026-09-29T19:37:08.544Z,2026-09-29 14:37:08,2026-09-29 21:37:08,2026-09-30,1,"Ruta 2-A: Clásico Diseñada",600,552,48,734,266
2026-09-29T19:40:12.738Z,2026-09-29 14:40:12,2026-09-29 21:40:12,2026-09-30,1,"Ruta 1-A: Montaña Machupicchu",50,5,45,734,266
2026-09-29T19:40:12.738Z,2026-09-29 14:40:12,2026-09-29 21:40:12,2026-09-30,1,"Ruta 2-A: Clásico Diseñada",600,552,48,734,266
2026-09-29T19:48:06.553Z,2026-09-29 14:48:06,2026-09-29 21:48:06,2026-09-30,1,"Ruta 1-A: Montaña Machupicchu",50,5,45,757,243
2026-09-29T19:48:06.553Z,2026-09-29 14:48:06,2026-09-29 21:48:06,2026-09-30,1,"Ruta 2-A: Clásico Diseñada",600,558,42,757,243
2026-09-29T19:55:15.392Z,2026-09-29 14:55:15,2026-09-29 21:55:15,2026-09-30,1,"Ruta 1-A: Montaña Machupicchu",50,7,43,765,235
2026-09-29T19:55:15.392Z,2026-09-29 14:55:15,2026-09-29 21:55:15,2026-09-30,1,"Ruta 2-A: Clásico Diseñada",600,567,33,765,235
2026-09-29T20:01:47.720Z,2026-09-29 15:01:47,2026-09-29 22:01:47,2026-09-30,1,"Ruta 1-A: Montaña Machupicchu",50,7,43,774,226
2026-09-29T20:01:47.720Z,2026-09-29 15:01:47,2026-09-29 22:01:47,2026-09-30,1,"Ruta 2-A: Clásico Diseñada",600,567,33,774,226
2026-09-29T20:07:43.344Z,2026-09-29 15:07:43,2026-09-29 22:07:43,2026-09-30,1,"Ruta 1-A: Montaña Machupicchu",50,7,43,782,218
2026-09-29T20:07:43.344Z,2026-09-29 15:07:43,2026-09-29 22:07:43,2026-09-30,1,"Ruta 2-A: Clásico Diseñada",600,569,31,782,218
2026-09-29T20:24:42.939Z,2026-09-29 15:24:42,2026-09-29 22:24:42,2026-09-30,1,"Ruta 1-A: Montaña Machupicchu",50,9,41,801,199
2026-09-29T20:24:42.939Z,2026-09-29 15:24:42,2026-09-29 22:24:42,2026-09-30,1,"Ruta 2-A: Clásico Diseñada",600,585,15,801,199
2026-09-29T20:29:35.083Z,2026-09-29 15:29:35,2026-09-29 22:29:35,2026-09-30,1,"Ruta 1-A: Montaña Machupicchu",50,9,41,801,199
2026-09-29T20:29:35.083Z,2026-09-29 15:29:35,2026-09-29 22:29:35,2026-09-30,1,"Ruta 2-A: Clásico Diseñada",600,585,15,801,199
2026-09-29T20:37:19.816Z,2026-09-29 15:37:19,2026-09-29 22:37:19,2026-09-30,1,"Ruta 1-A: Montaña Machupicchu",50,9,41,810,190
2026-09-29T20:37:19.816Z,2026-09-29 15:37:19,2026-09-29 22:37:19,2026-09-30,1,"Ruta 2-A: Clásico Diseñada",600,589,11,810,190
2026-09-29T20:44:56.585Z,2026-09-29 15:44:56,2026-09-29 22:44:56,2026-09-30,1,"Ruta 1-A: Montaña Machupicchu",50,10,40,818,182
2026-09-29T20:44:56.585Z,2026-09-29 15:44:56,2026-09-29 22:44:56,2026-09-30,1,"Ruta 2-A: Clásico Diseñada",600,591,9,818,182
2026-09-29T20:47:49.767Z,2026-09-29 15:47:49,2026-09-29 22:47:49,2026-09-30,1,"Ruta 1-A: Montaña Machupicchu",50,10,40,823,177
2026-09-29T20:47:49.767Z,2026-09-29 15:47:49,2026-09-29 22:47:49,2026-09-30,1,"Ruta 2-A: Clásico Diseñada",600,591,9,823,177
2026-09-29T20:52:24.829Z,2026-09-29 15:52:24,2026-09-29 22:52:24,2026-09-30,1,"Ruta 1-A: Montaña Machupicchu",50,10,40,831,169
2026-09-29T20:52:24.829Z,2026-09-29 15:52:24,2026-09-29 22:52:24,2026-09-30,1,"Ruta 2-A: Clásico Diseñada",600,591,9,831,169
2026-09-29T20:55:07.361Z,2026-09-29 15:55:07,2026-09-29 22:55:07,2026-09-30,1,"Ruta 1-A: Montaña Machupicchu",50,11,39,832,168
2026-09-29T20:55:07.361Z,2026-09-29 15:55:07,2026-09-29 22:55:07,2026-09-30,1,"Ruta 2-A: Clásico Diseñada",600,593,7,832,168
2026-09-29T21:01:19.270Z,2026-09-29 16:01:19,2026-09-29 23:01:19,2026-09-30,1,"Ruta 1-A: Montaña Machupicchu",50,11,39,836,164
2026-09-29T21:01:19.270Z,2026-09-29 16:01:19,2026-09-29 23:01:19,2026-09-30,1,"Ruta 2-A: Clásico Diseñada",600,596,4,836,164
2026-09-29T21:06:49.098Z,2026-09-29 16:06:49,2026-09-29 23:06:49,2026-09-30,1,"Ruta 1-A: Montaña Machupicchu",50,11,39,837,163
2026-09-29T21:06:49.098Z,2026-09-29 16:06:49,2026-09-29 23:06:49,2026-09-30,1,"Ruta 2-A: Clásico Diseñada",600,599,1,837,163
2026-09-29T21:26:02.363Z,2026-09-29 16:26:02,2026-09-29 23:26:02,2026-09-30,1,"Ruta 1-A: Montaña Machupicchu",50,11,39,847,153
2026-09-29T21:26:02.363Z,2026-09-29 16:26:02,2026-09-29 23:26:02,2026-09-30,1,"Ruta 2-A: Clásico Diseñada",600,600,0,847,153
2026-09-29T21:37:06.987Z,2026-09-29 16:37:06,2026-09-29 23:37:06,2026-09-30,1,"Ruta 1-A: Montaña Machupicchu",50,12,38,857,143
2026-09-29T21:37:06.987Z,2026-09-29 16:37:06,2026-09-29 23:37:06,2026-09-30,1,"Ruta 2-A: Clásico Diseñada",600,600,0,857,143
2026-09-29T21:48:41.677Z,2026-09-29 16:48:41,2026-09-29 23:48:41,2026-09-30,1,"Ruta 1-A: Montaña Machupicchu",50,12,38,861,139
2026-09-29T21:48:41.677Z,2026-09-29 16:48:41,2026-09-29 23:48:41,2026-09-30,1,"Ruta 2-A: Clásico Diseñada",600,600,0,861,139
2026-09-29T22:07:10.326Z,2026-09-29 17:07:10,2026-09-30 00:07:10,2026-09-30,1,"Ruta 1-A: Montaña Machupicchu",50,15,35,877,123
2026-09-29T22:07:10.326Z,2026-09-29 17:07:10,2026-09-30 00:07:10,2026-09-30,1,"Ruta 2-A: Clásico Diseñada",600,600,0,877,123
2026-09-29T22:26:35.967Z,2026-09-29 17:26:35,2026-09-30 00:26:35,2026-09-30,1,"Ruta 1-A: Montaña Machupicchu",50,15,35,889,111
2026-09-29T22:26:35.967Z,2026-09-29 17:26:35,2026-09-30 00:26:35,2026-09-30,1,"Ruta 2-A: Clásico Diseñada",600,600,0,889,111
2026-09-29T22:37:28.761Z,2026-09-29 17:37:28,2026-09-30 00:37:28,2026-09-30,1,"Ruta 1-A: Montaña Machupicchu",50,15,35,900,100
2026-09-29T22:37:28.761Z,2026-09-29 17:37:28,2026-09-30 00:37:28,2026-09-30,1,"Ruta 2-A: Clásico Diseñada",600,600,0,900,100
2026-09-29T22:48:28.059Z,2026-09-29 17:48:28,2026-09-30 00:48:28,2026-09-30,1,"Ruta 1-A: Montaña Machupicchu",50,15,35,900,100
2026-09-29T22:48:28.059Z,2026-09-29 17:48:28,2026-09-30 00:48:28,2026-09-30,1,"Ruta 2-A: Clásico Diseñada",600,600,0,900,100
2026-09-29T23:06:27.868Z,2026-09-29 18:06:27,2026-09-30 01:06:27,2026-09-30,1,"Ruta 1-A: Montaña Machupicchu",50,15,35,908,92
2026-09-29T23:06:27.868Z,2026-09-29 18:06:27,2026-09-30 01:06:27,2026-09-30,1,"Ruta 2-A: Clásico Diseñada",600,600,0,908,92
2026-09-29T23:24:44.888Z,2026-09-29 18:24:44,2026-09-30 01:24:44,2026-09-30,1,"Ruta 1-A: Montaña Machupicchu",50,15,35,913,87
2026-09-29T23:24:44.888Z,2026-09-29 18:24:44,2026-09-30 01:24:44,2026-09-30,1,"Ruta 2-A: Clásico Diseñada",600,600,0,913,87
2026-09-29T23:35:02.345Z,2026-09-29 18:35:02,2026-09-30 01:35:02,2026-09-30,1,"Ruta 1-A: Montaña Machupicchu",50,15,35,928,72
2026-09-29T23:35:02.345Z,2026-09-29 18:35:02,2026-09-30 01:35:02,2026-09-30,1,"Ruta 2-A: Clásico Diseñada",600,600,0,928,72
2026-09-29T23:48:19.432Z,2026-09-29 18:48:19,2026-09-30 01:48:19,2026-09-30,1,"Ruta 1-A: Montaña Machupicchu",50,19,31,943,57
2026-09-29T23:48:19.432Z,2026-09-29 18:48:19,2026-09-30 01:48:19,2026-09-30,1,"Ruta 2-A: Clásico Diseñada",600,600,0,943,57
2026-09-30T01:15:16.210Z,2026-09-29 20:15:16,2026-09-30 03:15:16,2026-10-01,2,"Ruta 1-A: Montaña Machupicchu",50,0,50,0,1000
2026-09-30T01:15:16.210Z,2026-09-29 20:15:16,2026-09-30 03:15:16,2026-10-01,2,"Ruta 2-A: Clásico Diseñada",600,0,600,0,1000
2026-09-30T01:47:26.815Z,2026-09-29 20:47:26,2026-09-30 03:47:26,2026-10-01,2,"Ruta 1-A: Montaña Machupicchu",50,0,50,0,1000
2026-09-30T01:47:26.815Z,2026-09-29 20:47:26,2026-09-30 03:47:26,2026-10-01,2,"Ruta 2-A: Clásico Diseñada",600,0,600,0,1000
2026-09-30T02:15:29.112Z,2026-09-29 21:15:29,2026-09-30 04:15:29,2026-10-01,2,"Ruta 1-A: Montaña Machupicchu",50,0,50,0,1000
2026-09-30T02:15:29.112Z,2026-09-29 21:15:29,2026-09-30 04:15:29,2026-10-01,2,"Ruta 2-A: Clásico Diseñada",600,0,600,0,1000
2026-09-30T02:44:25.439Z,2026-09-29 21:44:25,2026-09-30 04:44:25,2026-10-01,2,"Ruta 1-A: Montaña Machupicchu",50,0,50,0,1000
2026-09-30T02:44:25.439Z,2026-09-29 21:44:25,2026-09-30 04:44:25,2026-10-01,2,"Ruta 2-A: Clásico Diseñada",600,0,600,0,1000
2026-09-30T03:00:20.618Z,2026-09-29 22:00:20,2026-09-30 05:00:20,2026-10-01,2,"Ruta 1-A: Montaña Machupicchu",50,0,50,0,1000
2026-09-30T03:00:20.618Z,2026-09-29 22:00:20,2026-09-30 05:00:20,2026-10-01,2,"Ruta 2-A: Clásico Diseñada",600,0,600,0,1000
2026-09-30T03:27:09.942Z,2026-09-29 22:27:09,2026-09-30 05:27:09,2026-10-01,2,"Ruta 1-A: Montaña Machupicchu",50,0,50,0,1000
2026-09-30T03:27:09.942Z,2026-09-29 22:27:09,2026-09-30 05:27:09,2026-10-01,2,"Ruta 2-A: Clásico Diseñada",600,0,600,0,1000
2026-09-30T03:44:27.677Z,2026-09-29 22:44:27,2026-09-30 05:44:27,2026-10-01,2,"Ruta 1-A: Montaña Machupicchu",50,0,50,0,1000
2026-09-30T03:44:27.677Z,2026-09-29 22:44:27,2026-09-30 05:44:27,2026-10-01,2,"Ruta 2-A: Clásico Diseñada",600,0,600,0,1000
2026-09-30T03:57:50.828Z,2026-09-29 22:57:50,2026-09-30 05:57:50,2026-10-01,2,"Ruta 1-A: Montaña Machupicchu",50,0,50,0,1000
2026-09-30T03:57:50.828Z,2026-09-29 22:57:50,2026-09-30 05:57:50,2026-10-01,2,"Ruta 2-A: Clásico Diseñada",600,0,600,0,1000
2026-09-30T04:32:48.525Z,2026-09-29 23:32:48,2026-09-30 06:32:48,2026-10-01,2,"Ruta 1-A: Montaña Machupicchu",50,0,50,0,1000
2026-09-30T04:32:48.525Z,2026-09-29 23:32:48,2026-09-30 06:32:48,2026-10-01,2,"Ruta 2-A: Clásico Diseñada",600,0,600,0,1000
2026-09-30T04:54:26.273Z,2026-09-29 23:54:26,2026-09-30 06:54:26,2026-10-01,2,"Ruta 1-A: Montaña Machupicchu",50,0,50,0,1000
2026-09-30T04:54:26.273Z,2026-09-29 23:54:26,2026-09-30 06:54:26,2026-10-01,2,"Ruta 2-A: Clásico Diseñada",600,0,600,0,1000
2026-09-30T05:07:05.400Z,2026-09-30 00:07:05,2026-09-30 07:07:05,2026-10-01,1,"Ruta 1-A: Montaña Machupicchu",50,0,50,0,1000
2026-09-30T05:07:05.400Z,2026-09-30 00:07:05,2026-09-30 07:07:05,2026-10-01,1,"Ruta 2-A: Clásico Diseñada",600,0,600,0,1000
2026-09-30T05:29:02.392Z,2026-09-30 00:29:02,2026-09-30 07:29:02,2026-10-01,1,"Ruta 1-A: Montaña Machupicchu",50,0,50,0,1000
2026-09-30T05:29:02.392Z,2026-09-30 00:29:02,2026-09-30 07:29:02,2026-10-01,1,"Ruta 2-A: Clásico Diseñada",600,0,600,0,1000
2026-09-30T05:44:03.873Z,2026-09-30 00:44:03,2026-09-30 07:44:03,2026-10-01,1,"Ruta 1-A: Montaña Machupicchu",50,0,50,0,1000
2026-09-30T05:44:03.873Z,2026-09-30 00:44:03,2026-09-30 07:44:03,2026-10-01,1,"Ruta 2-A: Clásico Diseñada",600,0,600,0,1000
2026-09-30T05:53:58.549Z,2026-09-30 00:53:58,2026-09-30 07:53:58,2026-10-01,1,"Ruta 1-A: Montaña Machupicchu",50,0,50,0,1000
2026-09-30T05:53:58.549Z,2026-09-30 00:53:58,2026-09-30 07:53:58,2026-10-01,1,"Ruta 2-A: Clásico Diseñada",600,0,600,0,1000
2026-09-30T06:10:36.268Z,2026-09-30 01:10:36,2026-09-30 08:10:36,2026-10-01,1,"Ruta 1-A: Montaña Machupicchu",50,0,50,0,1000
2026-09-30T06:10:36.268Z,2026-09-30 01:10:36,2026-09-30 08:10:36,2026-10-01,1,"Ruta 2-A: Clásico Diseñada",600,0,600,0,1000
2026-09-30T06:43:43.688Z,2026-09-30 01:43:43,2026-09-30 08:43:43,2026-10-01,1,"Ruta 1-A: Montaña Machupicchu",50,0,50,0,1000
2026-09-30T06:43:43.688Z,2026-09-30 01:43:43,2026-09-30 08:43:43,2026-10-01,1,"Ruta 2-A: Clásico Diseñada",600,0,600,0,1000
2026-09-30T07:06:10.678Z,2026-09-30 02:06:10,2026-09-30 09:06:10,2026-10-01,1,"Ruta 1-A: Montaña Machupicchu",50,0,50,0,1000
2026-09-30T07:06:10.678Z,2026-09-30 02:06:10,2026-09-30 09:06:10,2026-10-01,1,"Ruta 2-A: Clásico Diseñada",600,0,600,0,1000
2026-09-30T07:37:32.137Z,2026-09-30 02:37:32,2026-09-30 09:37:32,2026-10-01,1,"Ruta 1-A: Montaña Machupicchu",50,0,50,0,1000
2026-09-30T07:37:32.137Z,2026-09-30 02:37:32,2026-09-30 09:37:32,2026-10-01,1,"Ruta 2-A: Clásico Diseñada",600,0,600,0,1000
2026-09-30T07:57:03.205Z,2026-09-30 02:57:03,2026-09-30 09:57:03,2026-10-01,1,"Ruta 1-A: Montaña Machupicchu",50,0,50,0,1000
2026-09-30T07:57:03.205Z,2026-09-30 02:57:03,2026-09-30 09:57:03,2026-10-01,1,"Ruta 2-A: Clásico Diseñada",600,0,600,0,1000
2026-09-30T08:11:10.186Z,2026-09-30 03:11:10,2026-09-30 10:11:10,2026-10-01,1,"Ruta 1-A: Montaña Machupicchu",50,0,50,0,1000
2026-09-30T08:11:10.186Z,2026-09-30 03:11:10,2026-09-30 10:11:10,2026-10-01,1,"Ruta 2-A: Clásico Diseñada",600,0,600,0,1000
2026-09-30T08:38:00.115Z,2026-09-30 03:38:00,2026-09-30 10:38:00,2026-10-01,1,"Ruta 1-A: Montaña Machupicchu",50,0,50,0,1000
2026-09-30T08:38:00.115Z,2026-09-30 03:38:00,2026-09-30 10:38:00,2026-10-01,1,"Ruta 2-A: Clásico Diseñada",600,0,600,0,1000
2026-09-30T08:57:02.436Z,2026-09-30 03:57:02,2026-09-30 10:57:02,2026-10-01,1,"Ruta 1-A: Montaña Machupicchu",50,0,50,0,1000
2026-09-30T08:57:02.436Z,2026-09-30 03:57:02,2026-09-30 10:57:02,2026-10-01,1,"Ruta 2-A: Clásico Diseñada",600,0,600,0,1000
2026-09-30T09:09:11.995Z,2026-09-30 04:09:11,2026-09-30 11:09:11,2026-10-01,1,"Ruta 1-A: Montaña Machupicchu",50,0,50,0,1000
2026-09-30T09:09:11.995Z,2026-09-30 04:09:11,2026-09-30 11:09:11,2026-10-01,1,"Ruta 2-A: Clásico Diseñada",600,0,600,0,1000
2026-09-30T09:30:53.801Z,2026-09-30 04:30:53,2026-09-30 11:30:53,2026-10-01,1,"Ruta 1-A: Montaña Machupicchu",50,0,50,0,1000
2026-09-30T09:30:53.801Z,2026-09-30 04:30:53,2026-09-30 11:30:53,2026-10-01,1,"Ruta 2-A: Clásico Diseñada",600,0,600,0,1000
2026-09-30T09:48:36.713Z,2026-09-30 04:48:36,2026-09-30 11:48:36,2026-10-01,1,"Ruta 1-A: Montaña Machupicchu",50,0,50,0,1000
2026-09-30T09:48:36.713Z,2026-09-30 04:48:36,2026-09-30 11:48:36,2026-10-01,1,"Ruta 2-A: Clásico Diseñada",600,0,600,0,1000
2026-09-30T10:07:12.852Z,2026-09-30 05:07:12,2026-09-30 12:07:12,2026-10-01,1,"Ruta 1-A: Montaña Machupicchu",50,0,50,0,1000
2026-09-30T10:07:12.852Z,2026-09-30 05:07:12,2026-09-30 12:07:12,2026-10-01,1,"Ruta 2-A: Clásico Diseñada",600,0,600,0,1000
2026-09-30T10:29:42.197Z,2026-09-30 05:29:42,2026-09-30 12:29:42,2026-10-01,1,"Ruta 1-A: Montaña Machupicchu",50,0,50,0,1000
2026-09-30T10:29:42.197Z,2026-09-30 05:29:42,2026-09-30 12:29:42,2026-10-01,1,"Ruta 2-A: Clásico Diseñada",600,0,600,0,1000
2026-09-30T10:44:04.147Z,2026-09-30 05:44:04,2026-09-30 12:44:04,2026-10-01,1,"Ruta 1-A: Montaña Machupicchu",50,0,50,0,1000
2026-09-30T10:44:04.147Z,2026-09-30 05:44:04,2026-09-30 12:44:04,2026-10-01,1,"Ruta 2-A: Clásico Diseñada",600,0,600,0,1000
2026-09-30T10:53:43.913Z,2026-09-30 05:53:43,2026-09-30 12:53:43,2026-10-01,1,"Ruta 1-A: Montaña Machupicchu",50,0,50,0,1000
2026-09-30T10:53:43.913Z,2026-09-30 05:53:43,2026-09-30 12:53:43,2026-10-01,1,"Ruta 2-A: Clásico Diseñada",600,0,600,0,1000
2026-09-30T11:25:14.893Z,2026-09-30 06:25:14,2026-09-30 13:25:14,2026-10-01,1,"Ruta 1-A: Montaña Machupicchu",50,0,50,77,923
2026-09-30T11:25:14.893Z,2026-09-30 06:25:14,2026-09-30 13:25:14,2026-10-01,1,"Ruta 2-A: Clásico Diseñada",600,35,565,77,923
2026-09-30T11:37:18.066Z,2026-09-30 06:37:18,2026-09-30 13:37:18,2026-10-01,1,"Ruta 1-A: Montaña Machupicchu",50,0,50,163,837
2026-09-30T11:37:18.066Z,2026-09-30 06:37:18,2026-09-30 13:37:18,2026-10-01,1,"Ruta 2-A: Clásico Diseñada",600,70,530,163,837
2026-09-30T11:51:08.549Z,2026-09-30 06:51:08,2026-09-30 13:51:08,2026-10-01,1,"Ruta 1-A: Montaña Machupicchu",50,0,50,241,759
2026-09-30T11:51:08.549Z,2026-09-30 06:51:08,2026-09-30 13:51:08,2026-10-01,1,"Ruta 2-A: Clásico Diseñada",600,102,498,241,759
2026-09-30T12:10:30.383Z,2026-09-30 07:10:30,2026-09-30 14:10:30,2026-10-01,1,"Ruta 1-A: Montaña Machupicchu",50,0,50,327,673
2026-09-30T12:10:30.383Z,2026-09-30 07:10:30,2026-09-30 14:10:30,2026-10-01,1,"Ruta 2-A: Clásico Diseñada",600,161,439,327,673
2026-09-30T12:43:06.529Z,2026-09-30 07:43:06,2026-09-30 14:43:06,2026-10-01,1,"Ruta 1-A: Montaña Machupicchu",50,0,50,377,623
2026-09-30T12:43:06.529Z,2026-09-30 07:43:06,2026-09-30 14:43:06,2026-10-01,1,"Ruta 2-A: Clásico Diseñada",600,278,322,377,623
2026-09-30T13:04:00.439Z,2026-09-30 08:04:00,2026-09-30 15:04:00,2026-10-01,1,"Ruta 1-A: Montaña Machupicchu",50,0,50,390,610
2026-09-30T13:04:00.439Z,2026-09-30 08:04:00,2026-09-30 15:04:00,2026-10-01,1,"Ruta 2-A: Clásico Diseñada",600,301,299,390,610
2026-09-30T13:31:33.693Z,2026-09-30 08:31:33,2026-09-30 15:31:33,2026-10-01,1,"Ruta 1-A: Montaña Machupicchu",50,1,49,400,600
2026-09-30T13:31:33.693Z,2026-09-30 08:31:33,2026-09-30 15:31:33,2026-10-01,1,"Ruta 2-A: Clásico Diseñada",600,316,284,400,600
2026-09-30T13:46:50.262Z,2026-09-30 08:46:50,2026-09-30 15:46:50,2026-10-01,1,"Ruta 1-A: Montaña Machupicchu",50,1,49,446,554
2026-09-30T13:46:50.262Z,2026-09-30 08:46:50,2026-09-30 15:46:50,2026-10-01,1,"Ruta 2-A: Clásico Diseñada",600,333,267,446,554
2026-09-30T13:56:18.159Z,2026-09-30 08:56:18,2026-09-30 15:56:18,2026-10-01,1,"Ruta 1-A: Montaña Machupicchu",50,1,49,450,550
2026-09-30T13:56:18.159Z,2026-09-30 08:56:18,2026-09-30 15:56:18,2026-10-01,1,"Ruta 2-A: Clásico Diseñada",600,352,248,450,550
2026-09-30T14:08:20.343Z,2026-09-30 09:08:20,2026-09-30 16:08:20,2026-10-01,1,"Ruta 1-A: Montaña Machupicchu",50,1,49,468,532
2026-09-30T14:08:20.343Z,2026-09-30 09:08:20,2026-09-30 16:08:20,2026-10-01,1,"Ruta 2-A: Clásico Diseñada",600,354,246,468,532
2026-09-30T14:31:27.022Z,2026-09-30 09:31:27,2026-09-30 16:31:27,2026-10-01,1,"Ruta 1-A: Montaña Machupicchu",50,1,49,477,523
2026-09-30T14:31:27.022Z,2026-09-30 09:31:27,2026-09-30 16:31:27,2026-10-01,1,"Ruta 2-A: Clásico Diseñada",600,370,230,477,523
2026-09-30T14:50:39.150Z,2026-09-30 09:50:39,2026-09-30 16:50:39,2026-10-01,1,"Ruta 1-A: Montaña Machupicchu",50,1,49,499,501
2026-09-30T14:50:39.150Z,2026-09-30 09:50:39,2026-09-30 16:50:39,2026-10-01,1,"Ruta 2-A: Clásico Diseñada",600,386,214,499,501
2026-09-30T15:08:14.647Z,2026-09-30 10:08:14,2026-09-30 17:08:14,2026-10-01,1,"Ruta 1-A: Montaña Machupicchu",50,1,49,503,497
2026-09-30T15:08:14.647Z,2026-09-30 10:08:14,2026-09-30 17:08:14,2026-10-01,1,"Ruta 2-A: Clásico Diseñada",600,389,211,503,497
2026-09-30T15:30:16.621Z,2026-09-30 10:30:16,2026-09-30 17:30:16,2026-10-01,1,"Ruta 1-A: Montaña Machupicchu",50,1,49,512,488
2026-09-30T15:30:16.621Z,2026-09-30 10:30:16,2026-09-30 17:30:16,2026-10-01,1,"Ruta 2-A: Clásico Diseñada",600,396,204,512,488
2026-09-30T15:47:30.437Z,2026-09-30 10:47:30,2026-09-30 17:47:30,2026-10-01,1,"Ruta 1-A: Montaña Machupicchu",50,1,49,514,486
2026-09-30T15:47:30.437Z,2026-09-30 10:47:30,2026-09-30 17:47:30,2026-10-01,1,"Ruta 2-A: Clásico Diseñada",600,401,199,514,486
2026-09-30T16:07:57.535Z,2026-09-30 11:07:57,2026-09-30 18:07:57,2026-10-01,1,"Ruta 1-A: Montaña Machupicchu",50,1,49,522,478
2026-09-30T16:07:57.535Z,2026-09-30 11:07:57,2026-09-30 18:07:57,2026-10-01,1,"Ruta 2-A: Clásico Diseñada",600,406,194,522,478
2026-09-30T16:31:49.457Z,2026-09-30 11:31:49,2026-09-30 18:31:49,2026-10-01,1,"Ruta 1-A: Montaña Machupicchu",50,1,49,533,467
2026-09-30T16:31:49.457Z,2026-09-30 11:31:49,2026-09-30 18:31:49,2026-10-01,1,"Ruta 2-A: Clásico Diseñada",600,414,186,533,467
2026-09-30T16:57:49.502Z,2026-09-30 11:57:49,2026-09-30 18:57:49,2026-10-01,1,"Ruta 1-A: Montaña Machupicchu",50,3,47,535,465
2026-09-30T16:57:49.502Z,2026-09-30 11:57:49,2026-09-30 18:57:49,2026-10-01,1,"Ruta 2-A: Clásico Diseñada",600,414,186,535,465
2026-09-30T17:10:14.741Z,2026-09-30 12:10:14,2026-09-30 19:10:14,2026-10-01,1,"Ruta 1-A: Montaña Machupicchu",50,3,47,537,463
2026-09-30T17:10:14.741Z,2026-09-30 12:10:14,2026-09-30 19:10:14,2026-10-01,1,"Ruta 2-A: Clásico Diseñada",600,416,184,537,463
2026-09-30T17:30:52.024Z,2026-09-30 12:30:52,2026-09-30 19:30:52,2026-10-01,1,"Ruta 1-A: Montaña Machupicchu",50,3,47,570,430
2026-09-30T17:30:52.024Z,2026-09-30 12:30:52,2026-09-30 19:30:52,2026-10-01,1,"Ruta 2-A: Clásico Diseñada",600,431,169,570,430
2026-09-30T17:37:43.078Z,2026-09-30 12:37:43,2026-09-30 19:37:43,2026-10-01,1,"Ruta 1-A: Montaña Machupicchu",50,3,47,596,404
2026-09-30T17:37:43.078Z,2026-09-30 12:37:43,2026-09-30 19:37:43,2026-10-01,1,"Ruta 2-A: Clásico Diseñada",600,436,164,596,404
2026-09-30T17:49:50.590Z,2026-09-30 12:49:50,2026-09-30 19:49:50,2026-10-01,1,"Ruta 1-A: Montaña Machupicchu",50,3,47,601,399
2026-09-30T17:49:50.590Z,2026-09-30 12:49:50,2026-09-30 19:49:50,2026-10-01,1,"Ruta 2-A: Clásico Diseñada",600,440,160,601,399
2026-09-30T18:07:35.129Z,2026-09-30 13:07:35,2026-09-30 20:07:35,2026-10-01,1,"Ruta 1-A: Montaña Machupicchu",50,3,47,607,393
2026-09-30T18:07:35.129Z,2026-09-30 13:07:35,2026-09-30 20:07:35,2026-10-01,1,"Ruta 2-A: Clásico Diseñada",600,461,139,607,393
2026-09-30T18:30:43.321Z,2026-09-30 13:30:43,2026-09-30 20:30:43,2026-10-01,1,"Ruta 1-A: Montaña Machupicchu",50,3,47,624,376
2026-09-30T18:30:43.321Z,2026-09-30 13:30:43,2026-09-30 20:30:43,2026-10-01,1,"Ruta 2-A: Clásico Diseñada",600,469,131,624,376
2026-09-30T18:57:06.033Z,2026-09-30 13:57:06,2026-09-30 20:57:06,2026-10-01,1,"Ruta 1-A: Montaña Machupicchu",50,3,47,628,372
2026-09-30T18:57:06.033Z,2026-09-30 13:57:06,2026-09-30 20:57:06,2026-10-01,1,"Ruta 2-A: Clásico Diseñada",600,473,127,628,372
2026-09-30T19:00:33.328Z,2026-09-30 14:00:33,2026-09-30 21:00:33,2026-10-01,1,"Ruta 1-A: Montaña Machupicchu",50,3,47,633,367
2026-09-30T19:00:33.328Z,2026-09-30 14:00:33,2026-09-30 21:00:33,2026-10-01,1,"Ruta 2-A: Clásico Diseñada",600,475,125,633,367
2026-09-30T19:06:45.904Z,2026-09-30 14:06:45,2026-09-30 21:06:45,2026-10-01,1,"Ruta 1-A: Montaña Machupicchu",50,3,47,637,363
2026-09-30T19:06:45.904Z,2026-09-30 14:06:45,2026-09-30 21:06:45,2026-10-01,1,"Ruta 2-A: Clásico Diseñada",600,475,125,637,363
2026-09-30T19:19:11.732Z,2026-09-30 14:19:11,2026-09-30 21:19:11,2026-10-01,1,"Ruta 1-A: Montaña Machupicchu",50,3,47,638,362
2026-09-30T19:19:11.732Z,2026-09-30 14:19:11,2026-09-30 21:19:11,2026-10-01,1,"Ruta 2-A: Clásico Diseñada",600,484,116,638,362
2026-09-30T19:25:32.183Z,2026-09-30 14:25:32,2026-09-30 21:25:32,2026-10-01,1,"Ruta 1-A: Montaña Machupicchu",50,3,47,641,359
2026-09-30T19:25:32.183Z,2026-09-30 14:25:32,2026-09-30 21:25:32,2026-10-01,1,"Ruta 2-A: Clásico Diseñada",600,484,116,641,359
2026-09-30T19:31:15.096Z,2026-09-30 14:31:15,2026-09-30 21:31:15,2026-10-01,1,"Ruta 1-A: Montaña Machupicchu",50,3,47,641,359
2026-09-30T19:31:15.096Z,2026-09-30 14:31:15,2026-09-30 21:31:15,2026-10-01,1,"Ruta 2-A: Clásico Diseñada",600,485,115,641,359
2026-09-30T19:35:58.528Z,2026-09-30 14:35:58,2026-09-30 21:35:58,2026-10-01,1,"Ruta 1-A: Montaña Machupicchu",50,3,47,652,348
2026-09-30T19:35:58.528Z,2026-09-30 14:35:58,2026-09-30 21:35:58,2026-10-01,1,"Ruta 2-A: Clásico Diseñada",600,487,113,652,348
2026-09-30T19:43:17.681Z,2026-09-30 14:43:17,2026-09-30 21:43:17,2026-10-01,1,"Ruta 1-A: Montaña Machupicchu",50,7,43,659,341
2026-09-30T19:43:17.681Z,2026-09-30 14:43:17,2026-09-30 21:43:17,2026-10-01,1,"Ruta 2-A: Clásico Diseñada",600,495,105,659,341
2026-09-30T19:48:22.340Z,2026-09-30 14:48:22,2026-09-30 21:48:22,2026-10-01,1,"Ruta 1-A: Montaña Machupicchu",50,7,43,659,341
2026-09-30T19:48:22.340Z,2026-09-30 14:48:22,2026-09-30 21:48:22,2026-10-01,1,"Ruta 2-A: Clásico Diseñada",600,498,102,659,341
2026-09-30T20:03:02.940Z,2026-09-30 15:03:02,2026-09-30 22:03:02,2026-10-01,1,"Ruta 1-A: Montaña Machupicchu",50,7,43,664,336
2026-09-30T20:03:02.940Z,2026-09-30 15:03:02,2026-09-30 22:03:02,2026-10-01,1,"Ruta 2-A: Clásico Diseñada",600,500,100,664,336
2026-09-30T20:13:32.529Z,2026-09-30 15:13:32,2026-09-30 22:13:32,2026-10-01,1,"Ruta 1-A: Montaña Machupicchu",50,7,43,670,330
2026-09-30T20:13:32.529Z,2026-09-30 15:13:32,2026-09-30 22:13:32,2026-10-01,1,"Ruta 2-A: Clásico Diseñada",600,503,97,670,330
2026-09-30T20:23:45.712Z,2026-09-30 15:23:45,2026-09-30 22:23:45,2026-10-01,1,"Ruta 1-A: Montaña Machupicchu",50,7,43,682,318
2026-09-30T20:23:45.712Z,2026-09-30 15:23:45,2026-09-30 22:23:45,2026-10-01,1,"Ruta 2-A: Clásico Diseñada",600,503,97,682,318
2026-09-30T20:29:13.100Z,2026-09-30 15:29:13,2026-09-30 22:29:13,2026-10-01,1,"Ruta 1-A: Montaña Machupicchu",50,7,43,683,317
2026-09-30T20:29:13.100Z,2026-09-30 15:29:13,2026-09-30 22:29:13,2026-10-01,1,"Ruta 2-A: Clásico Diseñada",600,503,97,683,317
2026-09-30T20:35:53.914Z,2026-09-30 15:35:53,2026-09-30 22:35:53,2026-10-01,1,"Ruta 1-A: Montaña Machupicchu",50,7,43,689,311
2026-09-30T20:35:53.914Z,2026-09-30 15:35:53,2026-09-30 22:35:53,2026-10-01,1,"Ruta 2-A: Clásico Diseñada",600,505,95,689,311
2026-09-30T20:42:02.254Z,2026-09-30 15:42:02,2026-09-30 22:42:02,2026-10-01,1,"Ruta 1-A: Montaña Machupicchu",50,7,43,689,311
2026-09-30T20:42:02.254Z,2026-09-30 15:42:02,2026-09-30 22:42:02,2026-10-01,1,"Ruta 2-A: Clásico Diseñada",600,506,94,689,311
2026-09-30T20:54:08.302Z,2026-09-30 15:54:08,2026-09-30 22:54:08,2026-10-01,1,"Ruta 1-A: Montaña Machupicchu",50,7,43,694,306
2026-09-30T20:54:08.302Z,2026-09-30 15:54:08,2026-09-30 22:54:08,2026-10-01,1,"Ruta 2-A: Clásico Diseñada",600,507,93,694,306
2026-09-30T21:00:30.626Z,2026-09-30 16:00:30,2026-09-30 23:00:30,2026-10-01,1,"Ruta 1-A: Montaña Machupicchu",50,7,43,704,296
2026-09-30T21:00:30.626Z,2026-09-30 16:00:30,2026-09-30 23:00:30,2026-10-01,1,"Ruta 2-A: Clásico Diseñada",600,507,93,704,296
2026-09-30T21:07:00.481Z,2026-09-30 16:07:00,2026-09-30 23:07:00,2026-10-01,1,"Ruta 1-A: Montaña Machupicchu",50,10,40,715,285
2026-09-30T21:07:00.481Z,2026-09-30 16:07:00,2026-09-30 23:07:00,2026-10-01,1,"Ruta 2-A: Clásico Diseñada",600,513,87,715,285
2026-09-30T21:27:43.203Z,2026-09-30 16:27:43,2026-09-30 23:27:43,2026-10-01,1,"Ruta 1-A: Montaña Machupicchu",50,10,40,752,248
2026-09-30T21:27:43.203Z,2026-09-30 16:27:43,2026-09-30 23:27:43,2026-10-01,1,"Ruta 2-A: Clásico Diseñada",600,547,53,752,248
2026-09-30T21:40:08.777Z,2026-09-30 16:40:08,2026-09-30 23:40:08,2026-10-01,1,"Ruta 1-A: Montaña Machupicchu",50,12,38,773,227
2026-09-30T21:40:08.777Z,2026-09-30 16:40:08,2026-09-30 23:40:08,2026-10-01,1,"Ruta 2-A: Clásico Diseñada",600,558,42,773,227
2026-09-30T21:51:06.567Z,2026-09-30 16:51:06,2026-09-30 23:51:06,2026-10-01,1,"Ruta 1-A: Montaña Machupicchu",50,12,38,773,227
2026-09-30T21:51:06.567Z,2026-09-30 16:51:06,2026-09-30 23:51:06,2026-10-01,1,"Ruta 2-A: Clásico Diseñada",600,560,40,773,227
2026-09-30T22:07:07.769Z,2026-09-30 17:07:07,2026-10-01 00:07:07,2026-10-01,1,"Ruta 1-A: Montaña Machupicchu",50,12,38,777,223
2026-09-30T22:07:07.769Z,2026-09-30 17:07:07,2026-10-01 00:07:07,2026-10-01,1,"Ruta 2-A: Clásico Diseñada",600,562,38,777,223
2026-09-30T22:27:37.632Z,2026-09-30 17:27:37,2026-10-01 00:27:37,2026-10-01,1,"Ruta 1-A: Montaña Machupicchu",50,12,38,800,200
2026-09-30T22:27:37.632Z,2026-09-30 17:27:37,2026-10-01 00:27:37,2026-10-01,1,"Ruta 2-A: Clásico Diseñada",600,567,33,800,200
2026-09-30T23:06:59.617Z,2026-09-30 18:06:59,2026-10-01 01:06:59,2026-10-01,1,"Ruta 1-A: Montaña Machupicchu",50,12,38,838,162
2026-09-30T23:06:59.617Z,2026-09-30 18:06:59,2026-10-01 01:06:59,2026-10-01,1,"Ruta 2-A: Clásico Diseñada",600,574,26,838,162
2026-09-30T23:36:21.861Z,2026-09-30 18:36:21,2026-10-01 01:36:21,2026-10-01,1,"Ruta 1-A: Montaña Machupicchu",50,12,38,850,150
2026-09-30T23:36:21.861Z,2026-09-30 18:36:21,2026-10-01 01:36:21,2026-10-01,1,"Ruta 2-A: Clásico Diseñada",600,576,24,850,150
2026-09-30T23:48:46.036Z,2026-09-30 18:48:46,2026-10-01 01:48:46,2026-10-01,1,"Ruta 1-A: Montaña Machupicchu",50,12,38,857,143
2026-09-30T23:48:46.036Z,2026-09-30 18:48:46,2026-10-01 01:48:46,2026-10-01,1,"Ruta 2-A: Clásico Diseñada",600,576,24,857,143
2026-10-01T00:18:42.676Z,2026-09-30 19:18:42,2026-10-01 02:18:42,2026-10-02,2,"Ruta 1-A: Montaña Machupicchu",50,0,50,0,1000
2026-10-01T00:18:42.676Z,2026-09-30 19:18:42,2026-10-01 02:18:42,2026-10-02,2,"Ruta 2-A: Clásico Diseñada",600,0,600,0,1000
2026-10-01T01:22:40.765Z,2026-09-30 20:22:40,2026-10-01 03:22:40,2026-10-02,2,"Ruta 1-A: Montaña Machupicchu",50,0,50,0,1000
2026-10-01T01:22:40.765Z,2026-09-30 20:22:40,2026-10-01 03:22:40,2026-10-02,2,"Ruta 2-A: Clásico Diseñada",600,0,600,0,1000
2026-10-01T01:58:22.089Z,2026-09-30 20:58:22,2026-10-01 03:58:22,2026-10-02,2,"Ruta 1-A: Montaña Machupicchu",50,0,50,0,1000
2026-10-01T01:58:22.089Z,2026-09-30 20:58:22,2026-10-01 03:58:22,2026-10-02,2,"Ruta 2-A: Clásico Diseñada",600,0,600,0,1000
2026-10-01T02:30:15.759Z,2026-09-30 21:30:15,2026-10-01 04:30:15,2026-10-02,2,"Ruta 1-A: Montaña Machupicchu",50,0,50,0,1000
2026-10-01T02:30:15.759Z,2026-09-30 21:30:15,2026-10-01 04:30:15,2026-10-02,2,"Ruta 2-A: Clásico Diseñada",600,0,600,0,1000
2026-10-01T02:58:15.771Z,2026-09-30 21:58:15,2026-10-01 04:58:15,2026-10-02,2,"Ruta 1-A: Montaña Machupicchu",50,0,50,0,1000
2026-10-01T02:58:15.771Z,2026-09-30 21:58:15,2026-10-01 04:58:15,2026-10-02,2,"Ruta 2-A: Clásico Diseñada",600,0,600,0,1000
2026-10-01T03:20:23.150Z,2026-09-30 22:20:23,2026-10-01 05:20:23,2026-10-02,2,"Ruta 1-A: Montaña Machupicchu",50,0,50,0,1000
2026-10-01T03:20:23.150Z,2026-09-30 22:20:23,2026-10-01 05:20:23,2026-10-02,2,"Ruta 2-A: Clásico Diseñada",600,0,600,0,1000
2026-10-01T03:47:04.262Z,2026-09-30 22:47:04,2026-10-01 05:47:04,2026-10-02,2,"Ruta 1-A: Montaña Machupicchu",50,0,50,0,1000
2026-10-01T03:47:04.262Z,2026-09-30 22:47:04,2026-10-01 05:47:04,2026-10-02,2,"Ruta 2-A: Clásico Diseñada",600,0,600,0,1000
2026-10-01T04:08:41.094Z,2026-09-30 23:08:41,2026-10-01 06:08:41,2026-10-02,2,"Ruta 1-A: Montaña Machupicchu",50,0,50,0,1000
2026-10-01T04:08:41.094Z,2026-09-30 23:08:41,2026-10-01 06:08:41,2026-10-02,2,"Ruta 2-A: Clásico Diseñada",600,0,600,0,1000
2026-10-01T04:54:34.413Z,2026-09-30 23:54:34,2026-10-01 06:54:34,2026-10-02,2,"Ruta 1-A: Montaña Machupicchu",50,0,50,0,1000
2026-10-01T04:54:34.413Z,2026-09-30 23:54:34,2026-10-01 06:54:34,2026-10-02,2,"Ruta 2-A: Clásico Diseñada",600,0,600,0,1000
2026-10-01T05:06:54.291Z,2026-10-01 00:06:54,2026-10-01 07:06:54,2026-10-02,1,"Ruta 1-A: Montaña Machupicchu",50,0,50,0,1000
2026-10-01T05:06:54.291Z,2026-10-01 00:06:54,2026-10-01 07:06:54,2026-10-02,1,"Ruta 2-A: Clásico Diseñada",600,0,600,0,1000
2026-10-01T05:29:13.987Z,2026-10-01 00:29:13,2026-10-01 07:29:13,2026-10-02,1,"Ruta 1-A: Montaña Machupicchu",50,0,50,0,1000
2026-10-01T05:29:13.987Z,2026-10-01 00:29:13,2026-10-01 07:29:13,2026-10-02,1,"Ruta 2-A: Clásico Diseñada",600,0,600,0,1000
2026-10-01T05:44:09.864Z,2026-10-01 00:44:09,2026-10-01 07:44:09,2026-10-02,1,"Ruta 1-A: Montaña Machupicchu",50,0,50,0,1000
2026-10-01T05:44:09.864Z,2026-10-01 00:44:09,2026-10-01 07:44:09,2026-10-02,1,"Ruta 2-A: Clásico Diseñada",600,0,600,0,1000
2026-10-01T05:55:25.437Z,2026-10-01 00:55:25,2026-10-01 07:55:25,2026-10-02,1,"Ruta 1-A: Montaña Machupicchu",50,0,50,0,1000
2026-10-01T05:55:25.437Z,2026-10-01 00:55:25,2026-10-01 07:55:25,2026-10-02,1,"Ruta 2-A: Clásico Diseñada",600,0,600,0,1000
2026-10-01T06:11:17.315Z,2026-10-01 01:11:17,2026-10-01 08:11:17,2026-10-02,1,"Ruta 1-A: Montaña Machupicchu",50,0,50,0,1000
2026-10-01T06:11:17.315Z,2026-10-01 01:11:17,2026-10-01 08:11:17,2026-10-02,1,"Ruta 2-A: Clásico Diseñada",600,0,600,0,1000
2026-10-01T06:45:13.468Z,2026-10-01 01:45:13,2026-10-01 08:45:13,2026-10-02,1,"Ruta 1-A: Montaña Machupicchu",50,0,50,0,1000
2026-10-01T06:45:13.468Z,2026-10-01 01:45:13,2026-10-01 08:45:13,2026-10-02,1,"Ruta 2-A: Clásico Diseñada",600,0,600,0,1000
2026-10-01T07:08:01.033Z,2026-10-01 02:08:01,2026-10-01 09:08:01,2026-10-02,1,"Ruta 1-A: Montaña Machupicchu",50,0,50,0,1000
2026-10-01T07:08:01.033Z,2026-10-01 02:08:01,2026-10-01 09:08:01,2026-10-02,1,"Ruta 2-A: Clásico Diseñada",600,0,600,0,1000
2026-10-01T07:38:01.667Z,2026-10-01 02:38:01,2026-10-01 09:38:01,2026-10-02,1,"Ruta 1-A: Montaña Machupicchu",50,0,50,0,1000
2026-10-01T07:38:01.667Z,2026-10-01 02:38:01,2026-10-01 09:38:01,2026-10-02,1,"Ruta 2-A: Clásico Diseñada",600,0,600,0,1000
2026-10-01T07:56:22.717Z,2026-10-01 02:56:22,2026-10-01 09:56:22,2026-10-02,1,"Ruta 1-A: Montaña Machupicchu",50,0,50,0,1000
2026-10-01T07:56:22.717Z,2026-10-01 02:56:22,2026-10-01 09:56:22,2026-10-02,1,"Ruta 2-A: Clásico Diseñada",600,0,600,0,1000
2026-10-01T08:09:30.956Z,2026-10-01 03:09:30,2026-10-01 10:09:30,2026-10-02,1,"Ruta 1-A: Montaña Machupicchu",50,0,50,0,1000
2026-10-01T08:09:30.956Z,2026-10-01 03:09:30,2026-10-01 10:09:30,2026-10-02,1,"Ruta 2-A: Clásico Diseñada",600,0,600,0,1000
2026-10-01T08:38:22.551Z,2026-10-01 03:38:22,2026-10-01 10:38:22,2026-10-02,1,"Ruta 1-A: Montaña Machupicchu",50,0,50,0,1000
2026-10-01T08:38:22.551Z,2026-10-01 03:38:22,2026-10-01 10:38:22,2026-10-02,1,"Ruta 2-A: Clásico Diseñada",600,0,600,0,1000
2026-10-01T08:57:25.254Z,2026-10-01 03:57:25,2026-10-01 10:57:25,2026-10-02,1,"Ruta 1-A: Montaña Machupicchu",50,0,50,0,1000
2026-10-01T08:57:25.254Z,2026-10-01 03:57:25,2026-10-01 10:57:25,2026-10-02,1,"Ruta 2-A: Clásico Diseñada",600,0,600,0,1000
2026-10-01T09:12:56.531Z,2026-10-01 04:12:56,2026-10-01 11:12:56,2026-10-02,1,"Ruta 1-A: Montaña Machupicchu",50,0,50,0,1000
2026-10-01T09:12:56.531Z,2026-10-01 04:12:56,2026-10-01 11:12:56,2026-10-02,1,"Ruta 2-A: Clásico Diseñada",600,0,600,0,1000
2026-10-01T09:33:43.700Z,2026-10-01 04:33:43,2026-10-01 11:33:43,2026-10-02,1,"Ruta 1-A: Montaña Machupicchu",50,0,50,0,1000
2026-10-01T09:33:43.700Z,2026-10-01 04:33:43,2026-10-01 11:33:43,2026-10-02,1,"Ruta 2-A: Clásico Diseñada",600,0,600,0,1000
2026-10-01T09:53:30.787Z,2026-10-01 04:53:30,2026-10-01 11:53:30,2026-10-02,1,"Ruta 1-A: Montaña Machupicchu",50,0,50,0,1000
2026-10-01T09:53:30.787Z,2026-10-01 04:53:30,2026-10-01 11:53:30,2026-10-02,1,"Ruta 2-A: Clásico Diseñada",600,0,600,0,1000
2026-10-01T10:07:22.028Z,2026-10-01 05:07:22,2026-10-01 12:07:22,2026-10-02,1,"Ruta 1-A: Montaña Machupicchu",50,0,50,0,1000
2026-10-01T10:07:22.028Z,2026-10-01 05:07:22,2026-10-01 12:07:22,2026-10-02,1,"Ruta 2-A: Clásico Diseñada",600,0,600,0,1000
2026-10-01T10:28:52.964Z,2026-10-01 05:28:52,2026-10-01 12:28:52,2026-10-02,1,"Ruta 1-A: Montaña Machupicchu",50,0,50,0,1000
2026-10-01T10:28:52.964Z,2026-10-01 05:28:52,2026-10-01 12:28:52,2026-10-02,1,"Ruta 2-A: Clásico Diseñada",600,0,600,0,1000
2026-10-01T10:43:03.047Z,2026-10-01 05:43:03,2026-10-01 12:43:03,2026-10-02,1,"Ruta 1-A: Montaña Machupicchu",50,0,50,0,1000
2026-10-01T10:43:03.047Z,2026-10-01 05:43:03,2026-10-01 12:43:03,2026-10-02,1,"Ruta 2-A: Clásico Diseñada",600,0,600,0,1000
2026-10-01T10:52:13.189Z,2026-10-01 05:52:13,2026-10-01 12:52:13,2026-10-02,1,"Ruta 1-A: Montaña Machupicchu",50,0,50,0,1000
2026-10-01T10:52:13.189Z,2026-10-01 05:52:13,2026-10-01 12:52:13,2026-10-02,1,"Ruta 2-A: Clásico Diseñada",600,0,600,0,1000
2026-10-01T11:06:41.579Z,2026-10-01 06:06:41,2026-10-01 13:06:41,2026-10-02,1,"Ruta 1-A: Montaña Machupicchu",50,0,50,6,994
2026-10-01T11:06:41.579Z,2026-10-01 06:06:41,2026-10-01 13:06:41,2026-10-02,1,"Ruta 2-A: Clásico Diseñada",600,0,600,6,994
2026-10-01T11:26:08.089Z,2026-10-01 06:26:08,2026-10-01 13:26:08,2026-10-02,1,"Ruta 1-A: Montaña Machupicchu",50,0,50,83,917
2026-10-01T11:26:08.089Z,2026-10-01 06:26:08,2026-10-01 13:26:08,2026-10-02,1,"Ruta 2-A: Clásico Diseñada",600,35,565,83,917
2026-10-01T11:37:56.462Z,2026-10-01 06:37:56,2026-10-01 13:37:56,2026-10-02,1,"Ruta 1-A: Montaña Machupicchu",50,0,50,131,869
2026-10-01T11:37:56.462Z,2026-10-01 06:37:56,2026-10-01 13:37:56,2026-10-02,1,"Ruta 2-A: Clásico Diseñada",600,77,523,131,869
2026-10-01T11:51:08.876Z,2026-10-01 06:51:08,2026-10-01 13:51:08,2026-10-02,1,"Ruta 1-A: Montaña Machupicchu",50,0,50,146,854
2026-10-01T11:51:08.876Z,2026-10-01 06:51:08,2026-10-01 13:51:08,2026-10-02,1,"Ruta 2-A: Clásico Diseñada",600,116,484,146,854
2026-10-01T12:10:18.039Z,2026-10-01 07:10:18,2026-10-01 14:10:18,2026-10-02,1,"Ruta 1-A: Montaña Machupicchu",50,0,50,230,770
2026-10-01T12:10:18.039Z,2026-10-01 07:10:18,2026-10-01 14:10:18,2026-10-02,1,"Ruta 2-A: Clásico Diseñada",600,171,429,230,770
2026-10-01T12:40:15.575Z,2026-10-01 07:40:15,2026-10-01 14:40:15,2026-10-02,1,"Ruta 1-A: Montaña Machupicchu",50,0,50,247,753
2026-10-01T12:40:15.575Z,2026-10-01 07:40:15,2026-10-01 14:40:15,2026-10-02,1,"Ruta 2-A: Clásico Diseñada",600,204,396,247,753
2026-10-01T13:01:24.613Z,2026-10-01 08:01:24,2026-10-01 15:01:24,2026-10-02,1,"Ruta 1-A: Montaña Machupicchu",50,0,50,265,735
2026-10-01T13:01:24.613Z,2026-10-01 08:01:24,2026-10-01 15:01:24,2026-10-02,1,"Ruta 2-A: Clásico Diseñada",600,217,383,265,735
2026-10-01T13:26:23.246Z,2026-10-01 08:26:23,2026-10-01 15:26:23,2026-10-02,1,"Ruta 1-A: Montaña Machupicchu",50,0,50,313,687
2026-10-01T13:26:23.246Z,2026-10-01 08:26:23,2026-10-01 15:26:23,2026-10-02,1,"Ruta 2-A: Clásico Diseñada",600,244,356,313,687
2026-10-01T13:40:38.808Z,2026-10-01 08:40:38,2026-10-01 15:40:38,2026-10-02,1,"Ruta 1-A: Montaña Machupicchu",50,0,50,322,678
2026-10-01T13:40:38.808Z,2026-10-01 08:40:38,2026-10-01 15:40:38,2026-10-02,1,"Ruta 2-A: Clásico Diseñada",600,261,339,322,678
2026-10-01T13:52:43.920Z,2026-10-01 08:52:43,2026-10-01 15:52:43,2026-10-02,1,"Ruta 1-A: Montaña Machupicchu",50,0,50,330,670
2026-10-01T13:52:43.920Z,2026-10-01 08:52:43,2026-10-01 15:52:43,2026-10-02,1,"Ruta 2-A: Clásico Diseñada",600,263,337,330,670
2026-10-01T14:07:40.110Z,2026-10-01 09:07:40,2026-10-01 16:07:40,2026-10-02,1,"Ruta 1-A: Montaña Machupicchu",50,0,50,335,665
2026-10-01T14:07:40.110Z,2026-10-01 09:07:40,2026-10-01 16:07:40,2026-10-02,1,"Ruta 2-A: Clásico Diseñada",600,272,328,335,665
2026-10-01T14:30:58.035Z,2026-10-01 09:30:58,2026-10-01 16:30:58,2026-10-02,1,"Ruta 1-A: Montaña Machupicchu",50,0,50,351,649
2026-10-01T14:30:58.035Z,2026-10-01 09:30:58,2026-10-01 16:30:58,2026-10-02,1,"Ruta 2-A: Clásico Diseñada",600,280,320,351,649
2026-10-01T15:28:44.264Z,2026-10-01 10:28:44,2026-10-01 17:28:44,2026-10-02,1,"Ruta 1-A: Montaña Machupicchu",50,0,50,381,619
2026-10-01T15:28:44.264Z,2026-10-01 10:28:44,2026-10-01 17:28:44,2026-10-02,1,"Ruta 2-A: Clásico Diseñada",600,294,306,381,619
2026-10-01T15:43:09.067Z,2026-10-01 10:43:09,2026-10-01 17:43:09,2026-10-02,1,"Ruta 1-A: Montaña Machupicchu",50,0,50,391,609
2026-10-01T15:43:09.067Z,2026-10-01 10:43:09,2026-10-01 17:43:09,2026-10-02,1,"Ruta 2-A: Clásico Diseñada",600,309,291,391,609
2026-10-01T15:53:48.912Z,2026-10-01 10:53:48,2026-10-01 17:53:48,2026-10-02,1,"Ruta 1-A: Montaña Machupicchu",50,0,50,394,606
2026-10-01T15:53:48.912Z,2026-10-01 10:53:48,2026-10-01 17:53:48,2026-10-02,1,"Ruta 2-A: Clásico Diseñada",600,312,288,394,606
2026-10-01T16:08:16.186Z,2026-10-01 11:08:16,2026-10-01 18:08:16,2026-10-02,1,"Ruta 1-A: Montaña Machupicchu",50,0,50,419,581
2026-10-01T16:08:16.186Z,2026-10-01 11:08:16,2026-10-01 18:08:16,2026-10-02,1,"Ruta 2-A: Clásico Diseñada",600,327,273,419,581
2026-10-01T16:29:20.119Z,2026-10-01 11:29:20,2026-10-01 18:29:20,2026-10-02,1,"Ruta 1-A: Montaña Machupicchu",50,0,50,438,562
2026-10-01T16:29:20.119Z,2026-10-01 11:29:20,2026-10-01 18:29:20,2026-10-02,1,"Ruta 2-A: Clásico Diseñada",600,352,248,438,562
2026-10-01T16:43:31.123Z,2026-10-01 11:43:31,2026-10-01 18:43:31,2026-10-02,1,"Ruta 1-A: Montaña Machupicchu",50,0,50,438,562
2026-10-01T16:43:31.123Z,2026-10-01 11:43:31,2026-10-01 18:43:31,2026-10-02,1,"Ruta 2-A: Clásico Diseñada",600,352,248,438,562
2026-10-01T17:06:46.622Z,2026-10-01 12:06:46,2026-10-01 19:06:46,2026-10-02,1,"Ruta 1-A: Montaña Machupicchu",50,0,50,462,538
2026-10-01T17:06:46.622Z,2026-10-01 12:06:46,2026-10-01 19:06:46,2026-10-02,1,"Ruta 2-A: Clásico Diseñada",600,358,242,462,538
2026-10-01T17:26:09.653Z,2026-10-01 12:26:09,2026-10-01 19:26:09,2026-10-02,1,"Ruta 1-A: Montaña Machupicchu",50,0,50,484,516
2026-10-01T17:26:09.653Z,2026-10-01 12:26:09,2026-10-01 19:26:09,2026-10-02,1,"Ruta 2-A: Clásico Diseñada",600,372,228,484,516
2026-10-01T17:43:36.003Z,2026-10-01 12:43:36,2026-10-01 19:43:36,2026-10-02,1,"Ruta 1-A: Montaña Machupicchu",50,0,50,502,498
2026-10-01T17:43:36.003Z,2026-10-01 12:43:36,2026-10-01 19:43:36,2026-10-02,1,"Ruta 2-A: Clásico Diseñada",600,405,195,502,498
2026-10-01T17:51:03.823Z,2026-10-01 12:51:03,2026-10-01 19:51:03,2026-10-02,1,"Ruta 1-A: Montaña Machupicchu",50,0,50,505,495
2026-10-01T17:51:03.823Z,2026-10-01 12:51:03,2026-10-01 19:51:03,2026-10-02,1,"Ruta 2-A: Clásico Diseñada",600,405,195,505,495
2026-10-01T18:07:56.560Z,2026-10-01 13:07:56,2026-10-01 20:07:56,2026-10-02,1,"Ruta 1-A: Montaña Machupicchu",50,0,50,513,487
2026-10-01T18:07:56.560Z,2026-10-01 13:07:56,2026-10-01 20:07:56,2026-10-02,1,"Ruta 2-A: Clásico Diseñada",600,412,188,513,487
2026-10-01T18:32:59.698Z,2026-10-01 13:32:59,2026-10-01 20:32:59,2026-10-02,1,"Ruta 1-A: Montaña Machupicchu",50,0,50,525,475
2026-10-01T18:32:59.698Z,2026-10-01 13:32:59,2026-10-01 20:32:59,2026-10-02,1,"Ruta 2-A: Clásico Diseñada",600,417,183,525,475
2026-10-01T18:50:23.218Z,2026-10-01 13:50:23,2026-10-01 20:50:23,2026-10-02,1,"Ruta 1-A: Montaña Machupicchu",50,0,50,530,470
2026-10-01T18:50:23.218Z,2026-10-01 13:50:23,2026-10-01 20:50:23,2026-10-02,1,"Ruta 2-A: Clásico Diseñada",600,418,182,530,470
2026-10-01T18:55:14.751Z,2026-10-01 13:55:14,2026-10-01 20:55:14,2026-10-02,1,"Ruta 1-A: Montaña Machupicchu",50,0,50,532,468
2026-10-01T18:55:14.751Z,2026-10-01 13:55:14,2026-10-01 20:55:14,2026-10-02,1,"Ruta 2-A: Clásico Diseñada",600,420,180,532,468
2026-10-01T19:06:07.250Z,2026-10-01 14:06:07,2026-10-01 21:06:07,2026-10-02,1,"Ruta 1-A: Montaña Machupicchu",50,0,50,532,468
2026-10-01T19:06:07.250Z,2026-10-01 14:06:07,2026-10-01 21:06:07,2026-10-02,1,"Ruta 2-A: Clásico Diseñada",600,420,180,532,468
2026-10-01T19:14:33.539Z,2026-10-01 14:14:33,2026-10-01 21:14:33,2026-10-02,1,"Ruta 1-A: Montaña Machupicchu",50,0,50,551,449
2026-10-01T19:14:33.539Z,2026-10-01 14:14:33,2026-10-01 21:14:33,2026-10-02,1,"Ruta 2-A: Clásico Diseñada",600,420,180,551,449
2026-10-01T19:25:28.453Z,2026-10-01 14:25:28,2026-10-01 21:25:28,2026-10-02,1,"Ruta 1-A: Montaña Machupicchu",50,0,50,563,437
2026-10-01T19:25:28.453Z,2026-10-01 14:25:28,2026-10-01 21:25:28,2026-10-02,1,"Ruta 2-A: Clásico Diseñada",600,426,174,563,437
2026-10-01T19:28:00.951Z,2026-10-01 14:28:00,2026-10-01 21:28:00,2026-10-02,1,"Ruta 1-A: Montaña Machupicchu",50,0,50,563,437
2026-10-01T19:28:00.951Z,2026-10-01 14:28:00,2026-10-01 21:28:00,2026-10-02,1,"Ruta 2-A: Clásico Diseñada",600,426,174,563,437
2026-10-01T19:40:42.955Z,2026-10-01 14:40:42,2026-10-01 21:40:42,2026-10-02,1,"Ruta 1-A: Montaña Machupicchu",50,0,50,575,425
2026-10-01T19:40:42.955Z,2026-10-01 14:40:42,2026-10-01 21:40:42,2026-10-02,1,"Ruta 2-A: Clásico Diseñada",600,430,170,575,425
2026-10-01T19:48:42.788Z,2026-10-01 14:48:42,2026-10-01 21:48:42,2026-10-02,1,"Ruta 1-A: Montaña Machupicchu",50,1,49,601,399
2026-10-01T19:48:42.788Z,2026-10-01 14:48:42,2026-10-01 21:48:42,2026-10-02,1,"Ruta 2-A: Clásico Diseñada",600,435,165,601,399
2026-10-01T19:52:40.125Z,2026-10-01 14:52:40,2026-10-01 21:52:40,2026-10-02,1,"Ruta 1-A: Montaña Machupicchu",50,1,49,612,388
2026-10-01T19:52:40.125Z,2026-10-01 14:52:40,2026-10-01 21:52:40,2026-10-02,1,"Ruta 2-A: Clásico Diseñada",600,441,159,612,388
2026-10-01T20:02:54.609Z,2026-10-01 15:02:54,2026-10-01 22:02:54,2026-10-02,1,"Ruta 1-A: Montaña Machupicchu",50,1,49,615,385
2026-10-01T20:02:54.609Z,2026-10-01 15:02:54,2026-10-01 22:02:54,2026-10-02,1,"Ruta 2-A: Clásico Diseñada",600,443,157,615,385
2026-10-01T20:07:41.300Z,2026-10-01 15:07:41,2026-10-01 22:07:41,2026-10-02,1,"Ruta 1-A: Montaña Machupicchu",50,3,47,621,379
2026-10-01T20:07:41.300Z,2026-10-01 15:07:41,2026-10-01 22:07:41,2026-10-02,1,"Ruta 2-A: Clásico Diseñada",600,455,145,621,379
2026-10-01T20:19:59.603Z,2026-10-01 15:19:59,2026-10-01 22:19:59,2026-10-02,1,"Ruta 1-A: Montaña Machupicchu",50,3,47,642,358
2026-10-01T20:19:59.603Z,2026-10-01 15:19:59,2026-10-01 22:19:59,2026-10-02,1,"Ruta 2-A: Clásico Diseñada",600,463,137,642,358
2026-10-01T20:30:13.962Z,2026-10-01 15:30:13,2026-10-01 22:30:13,2026-10-02,1,"Ruta 1-A: Montaña Machupicchu",50,3,47,645,355
2026-10-01T20:30:13.962Z,2026-10-01 15:30:13,2026-10-01 22:30:13,2026-10-02,1,"Ruta 2-A: Clásico Diseñada",600,470,130,645,355
2026-10-01T20:37:24.080Z,2026-10-01 15:37:24,2026-10-01 22:37:24,2026-10-02,1,"Ruta 1-A: Montaña Machupicchu",50,3,47,646,354
2026-10-01T20:37:24.080Z,2026-10-01 15:37:24,2026-10-01 22:37:24,2026-10-02,1,"Ruta 2-A: Clásico Diseñada",600,470,130,646,354
2026-10-01T20:50:58.908Z,2026-10-01 15:50:58,2026-10-01 22:50:58,2026-10-02,1,"Ruta 1-A: Montaña Machupicchu",50,4,46,659,341
2026-10-01T20:50:58.908Z,2026-10-01 15:50:58,2026-10-01 22:50:58,2026-10-02,1,"Ruta 2-A: Clásico Diseñada",600,473,127,659,341
2026-10-01T20:53:44.643Z,2026-10-01 15:53:44,2026-10-01 22:53:44,2026-10-02,1,"Ruta 1-A: Montaña Machupicchu",50,4,46,665,335
2026-10-01T20:53:44.643Z,2026-10-01 15:53:44,2026-10-01 22:53:44,2026-10-02,1,"Ruta 2-A: Clásico Diseñada",600,473,127,665,335
2026-10-01T20:55:48.087Z,2026-10-01 15:55:48,2026-10-01 22:55:48,2026-10-02,1,"Ruta 1-A: Montaña Machupicchu",50,4,46,669,331
2026-10-01T20:55:48.087Z,2026-10-01 15:55:48,2026-10-01 22:55:48,2026-10-02,1,"Ruta 2-A: Clásico Diseñada",600,475,125,669,331
2026-10-01T21:02:12.137Z,2026-10-01 16:02:12,2026-10-01 23:02:12,2026-10-02,1,"Ruta 1-A: Montaña Machupicchu",50,4,46,669,331
2026-10-01T21:02:12.137Z,2026-10-01 16:02:12,2026-10-01 23:02:12,2026-10-02,1,"Ruta 2-A: Clásico Diseñada",600,479,121,669,331
2026-10-01T21:25:55.794Z,2026-10-01 16:25:55,2026-10-01 23:25:55,2026-10-02,1,"Ruta 1-A: Montaña Machupicchu",50,4,46,676,324
2026-10-01T21:25:55.794Z,2026-10-01 16:25:55,2026-10-01 23:25:55,2026-10-02,1,"Ruta 2-A: Clásico Diseñada",600,484,116,676,324
2026-10-01T21:37:59.710Z,2026-10-01 16:37:59,2026-10-01 23:37:59,2026-10-02,1,"Ruta 1-A: Montaña Machupicchu",50,4,46,686,314
2026-10-01T21:37:59.710Z,2026-10-01 16:37:59,2026-10-01 23:37:59,2026-10-02,1,"Ruta 2-A: Clásico Diseñada",600,485,115,686,314
2026-10-01T21:50:37.879Z,2026-10-01 16:50:37,2026-10-01 23:50:37,2026-10-02,1,"Ruta 1-A: Montaña Machupicchu",50,4,46,695,305
2026-10-01T21:50:37.879Z,2026-10-01 16:50:37,2026-10-01 23:50:37,2026-10-02,1,"Ruta 2-A: Clásico Diseñada",600,493,107,695,305
2026-10-01T22:06:55.078Z,2026-10-01 17:06:55,2026-10-02 00:06:55,2026-10-02,1,"Ruta 1-A: Montaña Machupicchu",50,4,46,704,296
2026-10-01T22:06:55.078Z,2026-10-01 17:06:55,2026-10-02 00:06:55,2026-10-02,1,"Ruta 2-A: Clásico Diseñada",600,499,101,704,296
2026-10-01T22:25:20.631Z,2026-10-01 17:25:20,2026-10-02 00:25:20,2026-10-02,1,"Ruta 1-A: Montaña Machupicchu",50,4,46,716,284
2026-10-01T22:25:20.631Z,2026-10-01 17:25:20,2026-10-02 00:25:20,2026-10-02,1,"Ruta 2-A: Clásico Diseñada",600,504,96,716,284
2026-10-01T22:40:06.206Z,2026-10-01 17:40:06,2026-10-02 00:40:06,2026-10-02,1,"Ruta 1-A: Montaña Machupicchu",50,4,46,730,270
2026-10-01T22:40:06.206Z,2026-10-01 17:40:06,2026-10-02 00:40:06,2026-10-02,1,"Ruta 2-A: Clásico Diseñada",600,516,84,730,270
2026-10-01T22:49:14.504Z,2026-10-01 17:49:14,2026-10-02 00:49:14,2026-10-02,1,"Ruta 1-A: Montaña Machupicchu",50,4,46,731,269
2026-10-01T22:49:14.504Z,2026-10-01 17:49:14,2026-10-02 00:49:14,2026-10-02,1,"Ruta 2-A: Clásico Diseñada",600,516,84,731,269
2026-10-01T23:06:05.472Z,2026-10-01 18:06:05,2026-10-02 01:06:05,2026-10-02,1,"Ruta 1-A: Montaña Machupicchu",50,4,46,731,269
2026-10-01T23:06:05.472Z,2026-10-01 18:06:05,2026-10-02 01:06:05,2026-10-02,1,"Ruta 2-A: Clásico Diseñada",600,517,83,731,269
2026-10-01T23:24:19.013Z,2026-10-01 18:24:19,2026-10-02 01:24:19,2026-10-02,1,"Ruta 1-A: Montaña Machupicchu",50,4,46,731,269
2026-10-01T23:24:19.013Z,2026-10-01 18:24:19,2026-10-02 01:24:19,2026-10-02,1,"Ruta 2-A: Clásico Diseñada",600,517,83,731,269
2026-10-01T23:35:34.331Z,2026-10-01 18:35:34,2026-10-02 01:35:34,2026-10-02,1,"Ruta 1-A: Montaña Machupicchu",50,4,46,743,257
2026-10-01T23:35:34.331Z,2026-10-01 18:35:34,2026-10-02 01:35:34,2026-10-02,1,"Ruta 2-A: Clásico Diseñada",600,519,81,743,257
2026-10-01T23:48:46.801Z,2026-10-01 18:48:46,2026-10-02 01:48:46,2026-10-02,1,"Ruta 1-A: Montaña Machupicchu",50,4,46,768,232
2026-10-01T23:48:46.801Z,2026-10-01 18:48:46,2026-10-02 01:48:46,2026-10-02,1,"Ruta 2-A: Clásico Diseñada",600,526,74,768,232
2026-10-02T00:17:02.507Z,2026-10-01 19:17:02,2026-10-02 02:17:02,2026-10-03,2,"Ruta 1-A: Montaña Machupicchu",50,0,50,0,1000
2026-10-02T00:17:02.507Z,2026-10-01 19:17:02,2026-10-02 02:17:02,2026-10-03,2,"Ruta 2-A: Clásico Diseñada",600,0,600,0,1000
2026-10-02T01:08:40.963Z,2026-10-01 20:08:40,2026-10-02 03:08:40,2026-10-03,2,"Ruta 1-A: Montaña Machupicchu",50,0,50,0,1000
2026-10-02T01:08:40.963Z,2026-10-01 20:08:40,2026-10-02 03:08:40,2026-10-03,2,"Ruta 2-A: Clásico Diseñada",600,0,600,0,1000
2026-10-02T01:42:23.890Z,2026-10-01 20:42:23,2026-10-02 03:42:23,2026-10-03,2,"Ruta 1-A: Montaña Machupicchu",50,0,50,0,1000
2026-10-02T01:42:23.890Z,2026-10-01 20:42:23,2026-10-02 03:42:23,2026-10-03,2,"Ruta 2-A: Clásico Diseñada",600,0,600,0,1000
2026-10-02T02:03:45.763Z,2026-10-01 21:03:45,2026-10-02 04:03:45,2026-10-03,2,"Ruta 1-A: Montaña Machupicchu",50,0,50,0,1000
2026-10-02T02:03:45.763Z,2026-10-01 21:03:45,2026-10-02 04:03:45,2026-10-03,2,"Ruta 2-A: Clásico Diseñada",600,0,600,0,1000
2026-10-02T02:38:44.154Z,2026-10-01 21:38:44,2026-10-02 04:38:44,2026-10-03,2,"Ruta 1-A: Montaña Machupicchu",50,0,50,0,1000
2026-10-02T02:38:44.154Z,2026-10-01 21:38:44,2026-10-02 04:38:44,2026-10-03,2,"Ruta 2-A: Clásico Diseñada",600,0,600,0,1000
2026-10-02T02:57:29.768Z,2026-10-01 21:57:29,2026-10-02 04:57:29,2026-10-03,2,"Ruta 1-A: Montaña Machupicchu",50,0,50,0,1000
2026-10-02T02:57:29.768Z,2026-10-01 21:57:29,2026-10-02 04:57:29,2026-10-03,2,"Ruta 2-A: Clásico Diseñada",600,0,600,0,1000
2026-10-02T03:12:55.565Z,2026-10-01 22:12:55,2026-10-02 05:12:55,2026-10-03,2,"Ruta 1-A: Montaña Machupicchu",50,0,50,0,1000
2026-10-02T03:12:55.565Z,2026-10-01 22:12:55,2026-10-02 05:12:55,2026-10-03,2,"Ruta 2-A: Clásico Diseñada",600,0,600,0,1000
2026-10-02T03:33:17.187Z,2026-10-01 22:33:17,2026-10-02 05:33:17,2026-10-03,2,"Ruta 1-A: Montaña Machupicchu",50,0,50,0,1000
2026-10-02T03:33:17.187Z,2026-10-01 22:33:17,2026-10-02 05:33:17,2026-10-03,2,"Ruta 2-A: Clásico Diseñada",600,0,600,0,1000
2026-10-02T03:54:34.366Z,2026-10-01 22:54:34,2026-10-02 05:54:34,2026-10-03,2,"Ruta 1-A: Montaña Machupicchu",50,0,50,0,1000
2026-10-02T03:54:34.366Z,2026-10-01 22:54:34,2026-10-02 05:54:34,2026-10-03,2,"Ruta 2-A: Clásico Diseñada",600,0,600,0,1000
2026-10-02T04:31:42.668Z,2026-10-01 23:31:42,2026-10-02 06:31:42,2026-10-03,2,"Ruta 1-A: Montaña Machupicchu",50,0,50,0,1000
2026-10-02T04:31:42.668Z,2026-10-01 23:31:42,2026-10-02 06:31:42,2026-10-03,2,"Ruta 2-A: Clásico Diseñada",600,0,600,0,1000
2026-10-02T04:53:58.446Z,2026-10-01 23:53:58,2026-10-02 06:53:58,2026-10-03,2,"Ruta 1-A: Montaña Machupicchu",50,0,50,0,1000
2026-10-02T04:53:58.446Z,2026-10-01 23:53:58,2026-10-02 06:53:58,2026-10-03,2,"Ruta 2-A: Clásico Diseñada",600,0,600,0,1000
2026-10-02T05:07:07.417Z,2026-10-02 00:07:07,2026-10-02 07:07:07,2026-10-03,1,"Ruta 1-A: Montaña Machupicchu",50,0,50,0,1000
2026-10-02T05:07:07.417Z,2026-10-02 00:07:07,2026-10-02 07:07:07,2026-10-03,1,"Ruta 2-A: Clásico Diseñada",600,0,600,0,1000
2026-10-02T05:28:07.603Z,2026-10-02 00:28:07,2026-10-02 07:28:07,2026-10-03,1,"Ruta 1-A: Montaña Machupicchu",50,0,50,0,1000
2026-10-02T05:28:07.603Z,2026-10-02 00:28:07,2026-10-02 07:28:07,2026-10-03,1,"Ruta 2-A: Clásico Diseñada",600,0,600,0,1000
2026-10-02T05:41:57.075Z,2026-10-02 00:41:57,2026-10-02 07:41:57,2026-10-03,1,"Ruta 1-A: Montaña Machupicchu",50,0,50,0,1000
2026-10-02T05:41:57.075Z,2026-10-02 00:41:57,2026-10-02 07:41:57,2026-10-03,1,"Ruta 2-A: Clásico Diseñada",600,0,600,0,1000
2026-10-02T05:52:24.297Z,2026-10-02 00:52:24,2026-10-02 07:52:24,2026-10-03,1,"Ruta 1-A: Montaña Machupicchu",50,0,50,0,1000
2026-10-02T05:52:24.297Z,2026-10-02 00:52:24,2026-10-02 07:52:24,2026-10-03,1,"Ruta 2-A: Clásico Diseñada",600,0,600,0,1000
2026-10-02T06:10:57.644Z,2026-10-02 01:10:57,2026-10-02 08:10:57,2026-10-03,1,"Ruta 1-A: Montaña Machupicchu",50,0,50,0,1000
2026-10-02T06:10:57.644Z,2026-10-02 01:10:57,2026-10-02 08:10:57,2026-10-03,1,"Ruta 2-A: Clásico Diseñada",600,0,600,0,1000
2026-10-02T06:43:19.383Z,2026-10-02 01:43:19,2026-10-02 08:43:19,2026-10-03,1,"Ruta 1-A: Montaña Machupicchu",50,0,50,0,1000
2026-10-02T06:43:19.383Z,2026-10-02 01:43:19,2026-10-02 08:43:19,2026-10-03,1,"Ruta 2-A: Clásico Diseñada",600,0,600,0,1000
2026-10-02T07:05:22.840Z,2026-10-02 02:05:22,2026-10-02 09:05:22,2026-10-03,1,"Ruta 1-A: Montaña Machupicchu",50,0,50,0,1000
2026-10-02T07:05:22.840Z,2026-10-02 02:05:22,2026-10-02 09:05:22,2026-10-03,1,"Ruta 2-A: Clásico Diseñada",600,0,600,0,1000
2026-10-02T07:35:24.165Z,2026-10-02 02:35:24,2026-10-02 09:35:24,2026-10-03,1,"Ruta 1-A: Montaña Machupicchu",50,0,50,0,1000
2026-10-02T07:35:24.165Z,2026-10-02 02:35:24,2026-10-02 09:35:24,2026-10-03,1,"Ruta 2-A: Clásico Diseñada",600,0,600,0,1000
2026-10-02T07:55:06.406Z,2026-10-02 02:55:06,2026-10-02 09:55:06,2026-10-03,1,"Ruta 1-A: Montaña Machupicchu",50,0,50,0,1000
2026-10-02T07:55:06.406Z,2026-10-02 02:55:06,2026-10-02 09:55:06,2026-10-03,1,"Ruta 2-A: Clásico Diseñada",600,0,600,0,1000
2026-10-02T08:08:49.684Z,2026-10-02 03:08:49,2026-10-02 10:08:49,2026-10-03,1,"Ruta 1-A: Montaña Machupicchu",50,0,50,0,1000
2026-10-02T08:08:49.684Z,2026-10-02 03:08:49,2026-10-02 10:08:49,2026-10-03,1,"Ruta 2-A: Clásico Diseñada",600,0,600,0,1000
2026-10-02T08:35:31.941Z,2026-10-02 03:35:31,2026-10-02 10:35:31,2026-10-03,1,"Ruta 1-A: Montaña Machupicchu",50,0,50,0,1000
2026-10-02T08:35:31.941Z,2026-10-02 03:35:31,2026-10-02 10:35:31,2026-10-03,1,"Ruta 2-A: Clásico Diseñada",600,0,600,0,1000
2026-10-02T08:54:28.315Z,2026-10-02 03:54:28,2026-10-02 10:54:28,2026-10-03,1,"Ruta 1-A: Montaña Machupicchu",50,0,50,0,1000
2026-10-02T08:54:28.315Z,2026-10-02 03:54:28,2026-10-02 10:54:28,2026-10-03,1,"Ruta 2-A: Clásico Diseñada",600,0,600,0,1000
2026-10-02T09:07:39.049Z,2026-10-02 04:07:39,2026-10-02 11:07:39,2026-10-03,1,"Ruta 1-A: Montaña Machupicchu",50,0,50,0,1000
2026-10-02T09:07:39.049Z,2026-10-02 04:07:39,2026-10-02 11:07:39,2026-10-03,1,"Ruta 2-A: Clásico Diseñada",600,0,600,0,1000
2026-10-02T09:30:38.888Z,2026-10-02 04:30:38,2026-10-02 11:30:38,2026-10-03,1,"Ruta 1-A: Montaña Machupicchu",50,0,50,0,1000
2026-10-02T09:30:38.888Z,2026-10-02 04:30:38,2026-10-02 11:30:38,2026-10-03,1,"Ruta 2-A: Clásico Diseñada",600,0,600,0,1000
2026-10-02T09:46:39.444Z,2026-10-02 04:46:39,2026-10-02 11:46:39,2026-10-03,1,"Ruta 1-A: Montaña Machupicchu",50,0,50,0,1000
2026-10-02T09:46:39.444Z,2026-10-02 04:46:39,2026-10-02 11:46:39,2026-10-03,1,"Ruta 2-A: Clásico Diseñada",600,0,600,0,1000
2026-10-02T09:55:19.211Z,2026-10-02 04:55:19,2026-10-02 11:55:19,2026-10-03,1,"Ruta 1-A: Montaña Machupicchu",50,0,50,0,1000
2026-10-02T09:55:19.211Z,2026-10-02 04:55:19,2026-10-02 11:55:19,2026-10-03,1,"Ruta 2-A: Clásico Diseñada",600,0,600,0,1000
2026-10-02T10:07:43.254Z,2026-10-02 05:07:43,2026-10-02 12:07:43,2026-10-03,1,"Ruta 1-A: Montaña Machupicchu",50,0,50,0,1000
2026-10-02T10:07:43.254Z,2026-10-02 05:07:43,2026-10-02 12:07:43,2026-10-03,1,"Ruta 2-A: Clásico Diseñada",600,0,600,0,1000
2026-10-02T10:27:52.911Z,2026-10-02 05:27:52,2026-10-02 12:27:52,2026-10-03,1,"Ruta 1-A: Montaña Machupicchu",50,0,50,0,1000
2026-10-02T10:27:52.911Z,2026-10-02 05:27:52,2026-10-02 12:27:52,2026-10-03,1,"Ruta 2-A: Clásico Diseñada",600,0,600,0,1000
2026-10-02T10:40:19.406Z,2026-10-02 05:40:19,2026-10-02 12:40:19,2026-10-03,1,"Ruta 1-A: Montaña Machupicchu",50,0,50,0,1000
2026-10-02T10:40:19.406Z,2026-10-02 05:40:19,2026-10-02 12:40:19,2026-10-03,1,"Ruta 2-A: Clásico Diseñada",600,0,600,0,1000
2026-10-02T10:51:18.911Z,2026-10-02 05:51:18,2026-10-02 12:51:18,2026-10-03,1,"Ruta 1-A: Montaña Machupicchu",50,0,50,0,1000
2026-10-02T10:51:18.911Z,2026-10-02 05:51:18,2026-10-02 12:51:18,2026-10-03,1,"Ruta 2-A: Clásico Diseñada",600,0,600,0,1000
2026-10-02T11:06:29.413Z,2026-10-02 06:06:29,2026-10-02 13:06:29,2026-10-03,1,"Ruta 1-A: Montaña Machupicchu",50,0,50,14,986
2026-10-02T11:06:29.413Z,2026-10-02 06:06:29,2026-10-02 13:06:29,2026-10-03,1,"Ruta 2-A: Clásico Diseñada",600,2,598,14,986
2026-10-02T11:25:55.095Z,2026-10-02 06:25:55,2026-10-02 13:25:55,2026-10-03,1,"Ruta 1-A: Montaña Machupicchu",50,0,50,86,914
2026-10-02T11:25:55.095Z,2026-10-02 06:25:55,2026-10-02 13:25:55,2026-10-03,1,"Ruta 2-A: Clásico Diseñada",600,59,541,86,914
2026-10-02T11:38:22.177Z,2026-10-02 06:38:22,2026-10-02 13:38:22,2026-10-03,1,"Ruta 1-A: Montaña Machupicchu",50,0,50,132,868
2026-10-02T11:38:22.177Z,2026-10-02 06:38:22,2026-10-02 13:38:22,2026-10-03,1,"Ruta 2-A: Clásico Diseñada",600,77,523,132,868
2026-10-02T11:50:39.085Z,2026-10-02 06:50:39,2026-10-02 13:50:39,2026-10-03,1,"Ruta 1-A: Montaña Machupicchu",50,0,50,139,861
2026-10-02T11:50:39.085Z,2026-10-02 06:50:39,2026-10-02 13:50:39,2026-10-03,1,"Ruta 2-A: Clásico Diseñada",600,85,515,139,861
2026-10-02T12:09:55.978Z,2026-10-02 07:09:55,2026-10-02 14:09:55,2026-10-03,1,"Ruta 1-A: Montaña Machupicchu",50,0,50,214,786
2026-10-02T12:09:55.978Z,2026-10-02 07:09:55,2026-10-02 14:09:55,2026-10-03,1,"Ruta 2-A: Clásico Diseñada",600,146,454,214,786
2026-10-02T12:39:40.268Z,2026-10-02 07:39:40,2026-10-02 14:39:40,2026-10-03,1,"Ruta 1-A: Montaña Machupicchu",50,0,50,245,755
2026-10-02T12:39:40.268Z,2026-10-02 07:39:40,2026-10-02 14:39:40,2026-10-03,1,"Ruta 2-A: Clásico Diseñada",600,199,401,245,755
2026-10-02T12:59:50.523Z,2026-10-02 07:59:50,2026-10-02 14:59:50,2026-10-03,1,"Ruta 1-A: Montaña Machupicchu",50,0,50,267,733
2026-10-02T12:59:50.523Z,2026-10-02 07:59:50,2026-10-02 14:59:50,2026-10-03,1,"Ruta 2-A: Clásico Diseñada",600,205,395,267,733
2026-10-02T13:39:28.220Z,2026-10-02 08:39:28,2026-10-02 15:39:28,2026-10-03,1,"Ruta 1-A: Montaña Machupicchu",50,0,50,389,611
2026-10-02T13:39:28.220Z,2026-10-02 08:39:28,2026-10-02 15:39:28,2026-10-03,1,"Ruta 2-A: Clásico Diseñada",600,275,325,389,611
2026-10-02T13:51:28.367Z,2026-10-02 08:51:28,2026-10-02 15:51:28,2026-10-03,1,"Ruta 1-A: Montaña Machupicchu",50,0,50,396,604
2026-10-02T13:51:28.367Z,2026-10-02 08:51:28,2026-10-02 15:51:28,2026-10-03,1,"Ruta 2-A: Clásico Diseñada",600,311,289,396,604
2026-10-02T14:07:34.896Z,2026-10-02 09:07:34,2026-10-02 16:07:34,2026-10-03,1,"Ruta 1-A: Montaña Machupicchu",50,0,50,406,594
2026-10-02T14:07:34.896Z,2026-10-02 09:07:34,2026-10-02 16:07:34,2026-10-03,1,"Ruta 2-A: Clásico Diseñada",600,330,270,406,594
2026-10-02T14:30:22.373Z,2026-10-02 09:30:22,2026-10-02 16:30:22,2026-10-03,1,"Ruta 1-A: Montaña Machupicchu",50,0,50,409,591
2026-10-02T14:30:22.373Z,2026-10-02 09:30:22,2026-10-02 16:30:22,2026-10-03,1,"Ruta 2-A: Clásico Diseñada",600,331,269,409,591
2026-10-02T14:47:29.985Z,2026-10-02 09:47:29,2026-10-02 16:47:29,2026-10-03,1,"Ruta 1-A: Montaña Machupicchu",50,0,50,436,564
2026-10-02T14:47:29.985Z,2026-10-02 09:47:29,2026-10-02 16:47:29,2026-10-03,1,"Ruta 2-A: Clásico Diseñada",600,333,267,436,564
2026-10-02T15:07:09.487Z,2026-10-02 10:07:09,2026-10-02 17:07:09,2026-10-03,1,"Ruta 1-A: Montaña Machupicchu",50,0,50,441,559
2026-10-02T15:07:09.487Z,2026-10-02 10:07:09,2026-10-02 17:07:09,2026-10-03,1,"Ruta 2-A: Clásico Diseñada",600,339,261,441,559
2026-10-02T15:42:35.945Z,2026-10-02 10:42:35,2026-10-02 17:42:35,2026-10-03,1,"Ruta 1-A: Montaña Machupicchu",50,0,50,466,534
2026-10-02T15:42:35.945Z,2026-10-02 10:42:35,2026-10-02 17:42:35,2026-10-03,1,"Ruta 2-A: Clásico Diseñada",600,368,232,466,534
2026-10-02T15:52:20.967Z,2026-10-02 10:52:20,2026-10-02 17:52:20,2026-10-03,1,"Ruta 1-A: Montaña Machupicchu",50,0,50,467,533
2026-10-02T15:52:20.967Z,2026-10-02 10:52:20,2026-10-02 17:52:20,2026-10-03,1,"Ruta 2-A: Clásico Diseñada",600,370,230,467,533
2026-10-02T16:13:07.083Z,2026-10-02 11:13:07,2026-10-02 18:13:07,2026-10-03,1,"Ruta 1-A: Montaña Machupicchu",50,0,50,490,510
2026-10-02T16:13:07.083Z,2026-10-02 11:13:07,2026-10-02 18:13:07,2026-10-03,1,"Ruta 2-A: Clásico Diseñada",600,373,227,490,510
2026-10-02T16:29:39.171Z,2026-10-02 11:29:39,2026-10-02 18:29:39,2026-10-03,1,"Ruta 1-A: Montaña Machupicchu",50,0,50,493,507
2026-10-02T16:29:39.171Z,2026-10-02 11:29:39,2026-10-02 18:29:39,2026-10-03,1,"Ruta 2-A: Clásico Diseñada",600,388,212,493,507
2026-10-02T16:54:37.285Z,2026-10-02 11:54:37,2026-10-02 18:54:37,2026-10-03,1,"Ruta 1-A: Montaña Machupicchu",50,0,50,494,506
2026-10-02T16:54:37.285Z,2026-10-02 11:54:37,2026-10-02 18:54:37,2026-10-03,1,"Ruta 2-A: Clásico Diseñada",600,389,211,494,506
2026-10-02T17:06:16.431Z,2026-10-02 12:06:16,2026-10-02 19:06:16,2026-10-03,1,"Ruta 1-A: Montaña Machupicchu",50,0,50,505,495
2026-10-02T17:06:16.431Z,2026-10-02 12:06:16,2026-10-02 19:06:16,2026-10-03,1,"Ruta 2-A: Clásico Diseñada",600,395,205,505,495
2026-10-02T17:26:27.254Z,2026-10-02 12:26:27,2026-10-02 19:26:27,2026-10-03,1,"Ruta 1-A: Montaña Machupicchu",50,0,50,545,455
2026-10-02T17:26:27.254Z,2026-10-02 12:26:27,2026-10-02 19:26:27,2026-10-03,1,"Ruta 2-A: Clásico Diseñada",600,433,167,545,455
2026-10-02T17:37:44.207Z,2026-10-02 12:37:44,2026-10-02 19:37:44,2026-10-03,1,"Ruta 1-A: Montaña Machupicchu",50,0,50,548,452
2026-10-02T17:37:44.207Z,2026-10-02 12:37:44,2026-10-02 19:37:44,2026-10-03,1,"Ruta 2-A: Clásico Diseñada",600,433,167,548,452
2026-10-02T17:49:19.274Z,2026-10-02 12:49:19,2026-10-02 19:49:19,2026-10-03,1,"Ruta 1-A: Montaña Machupicchu",50,2,48,562,438
2026-10-02T17:49:19.274Z,2026-10-02 12:49:19,2026-10-02 19:49:19,2026-10-03,1,"Ruta 2-A: Clásico Diseñada",600,437,163,562,438
2026-10-02T18:07:29.618Z,2026-10-02 13:07:29,2026-10-02 20:07:29,2026-10-03,1,"Ruta 1-A: Montaña Machupicchu",50,2,48,583,417
2026-10-02T18:07:29.618Z,2026-10-02 13:07:29,2026-10-02 20:07:29,2026-10-03,1,"Ruta 2-A: Clásico Diseñada",600,455,145,583,417
2026-10-02T18:31:39.972Z,2026-10-02 13:31:39,2026-10-02 20:31:39,2026-10-03,1,"Ruta 1-A: Montaña Machupicchu",50,2,48,589,411
2026-10-02T18:31:39.972Z,2026-10-02 13:31:39,2026-10-02 20:31:39,2026-10-03,1,"Ruta 2-A: Clásico Diseñada",600,455,145,589,411
2026-10-02T18:48:34.717Z,2026-10-02 13:48:34,2026-10-02 20:48:34,2026-10-03,1,"Ruta 1-A: Montaña Machupicchu",50,2,48,593,407
2026-10-02T18:48:34.717Z,2026-10-02 13:48:34,2026-10-02 20:48:34,2026-10-03,1,"Ruta 2-A: Clásico Diseñada",600,457,143,593,407
2026-10-02T18:53:31.872Z,2026-10-02 13:53:31,2026-10-02 20:53:31,2026-10-03,1,"Ruta 1-A: Montaña Machupicchu",50,2,48,599,401
2026-10-02T18:53:31.872Z,2026-10-02 13:53:31,2026-10-02 20:53:31,2026-10-03,1,"Ruta 2-A: Clásico Diseñada",600,461,139,599,401
2026-10-02T18:57:59.265Z,2026-10-02 13:57:59,2026-10-02 20:57:59,2026-10-03,1,"Ruta 1-A: Montaña Machupicchu",50,2,48,599,401
2026-10-02T18:57:59.265Z,2026-10-02 13:57:59,2026-10-02 20:57:59,2026-10-03,1,"Ruta 2-A: Clásico Diseñada",600,461,139,599,401
2026-10-02T19:06:15.187Z,2026-10-02 14:06:15,2026-10-02 21:06:15,2026-10-03,1,"Ruta 1-A: Montaña Machupicchu",50,2,48,602,398
2026-10-02T19:06:15.187Z,2026-10-02 14:06:15,2026-10-02 21:06:15,2026-10-03,1,"Ruta 2-A: Clásico Diseñada",600,461,139,602,398
2026-10-02T19:10:26.997Z,2026-10-02 14:10:26,2026-10-02 21:10:26,2026-10-03,1,"Ruta 1-A: Montaña Machupicchu",50,3,47,606,394
2026-10-02T19:10:26.997Z,2026-10-02 14:10:26,2026-10-02 21:10:26,2026-10-03,1,"Ruta 2-A: Clásico Diseñada",600,461,139,606,394
2026-10-02T19:23:36.352Z,2026-10-02 14:23:36,2026-10-02 21:23:36,2026-10-03,1,"Ruta 1-A: Montaña Machupicchu",50,3,47,608,392
2026-10-02T19:23:36.352Z,2026-10-02 14:23:36,2026-10-02 21:23:36,2026-10-03,1,"Ruta 2-A: Clásico Diseñada",600,468,132,608,392
2026-10-02T19:34:22.323Z,2026-10-02 14:34:22,2026-10-02 21:34:22,2026-10-03,1,"Ruta 1-A: Montaña Machupicchu",50,3,47,609,391
2026-10-02T19:34:22.323Z,2026-10-02 14:34:22,2026-10-02 21:34:22,2026-10-03,1,"Ruta 2-A: Clásico Diseñada",600,468,132,609,391
2026-10-02T19:37:06.023Z,2026-10-02 14:37:06,2026-10-02 21:37:06,2026-10-03,1,"Ruta 1-A: Montaña Machupicchu",50,3,47,611,389
2026-10-02T19:37:06.023Z,2026-10-02 14:37:06,2026-10-02 21:37:06,2026-10-03,1,"Ruta 2-A: Clásico Diseñada",600,468,132,611,389
2026-10-02T19:45:10.028Z,2026-10-02 14:45:10,2026-10-02 21:45:10,2026-10-03,1,"Ruta 1-A: Montaña Machupicchu",50,3,47,612,388
2026-10-02T19:45:10.028Z,2026-10-02 14:45:10,2026-10-02 21:45:10,2026-10-03,1,"Ruta 2-A: Clásico Diseñada",600,470,130,612,388
2026-10-02T19:49:34.643Z,2026-10-02 14:49:34,2026-10-02 21:49:34,2026-10-03,1,"Ruta 1-A: Montaña Machupicchu",50,3,47,612,388
2026-10-02T19:49:34.643Z,2026-10-02 14:49:34,2026-10-02 21:49:34,2026-10-03,1,"Ruta 2-A: Clásico Diseñada",600,470,130,612,388
2026-10-02T19:53:10.371Z,2026-10-02 14:53:10,2026-10-02 21:53:10,2026-10-03,1,"Ruta 1-A: Montaña Machupicchu",50,3,47,614,386
2026-10-02T19:53:10.371Z,2026-10-02 14:53:10,2026-10-02 21:53:10,2026-10-03,1,"Ruta 2-A: Clásico Diseñada",600,470,130,614,386
2026-10-02T19:58:52.097Z,2026-10-02 14:58:52,2026-10-02 21:58:52,2026-10-03,1,"Ruta 1-A: Montaña Machupicchu",50,3,47,618,382
2026-10-02T19:58:52.097Z,2026-10-02 14:58:52,2026-10-02 21:58:52,2026-10-03,1,"Ruta 2-A: Clásico Diseñada",600,470,130,618,382
2026-10-02T20:07:03.103Z,2026-10-02 15:07:03,2026-10-02 22:07:03,2026-10-03,1,"Ruta 1-A: Montaña Machupicchu",50,5,45,622,378
2026-10-02T20:07:03.103Z,2026-10-02 15:07:03,2026-10-02 22:07:03,2026-10-03,1,"Ruta 2-A: Clásico Diseñada",600,470,130,622,378
2026-10-02T20:16:49.707Z,2026-10-02 15:16:49,2026-10-02 22:16:49,2026-10-03,1,"Ruta 1-A: Montaña Machupicchu",50,5,45,623,377
2026-10-02T20:16:49.707Z,2026-10-02 15:16:49,2026-10-02 22:16:49,2026-10-03,1,"Ruta 2-A: Clásico Diseñada",600,472,128,623,377
2026-10-02T20:27:12.974Z,2026-10-02 15:27:12,2026-10-02 22:27:12,2026-10-03,1,"Ruta 1-A: Montaña Machupicchu",50,5,45,631,369
2026-10-02T20:27:12.974Z,2026-10-02 15:27:12,2026-10-02 22:27:12,2026-10-03,1,"Ruta 2-A: Clásico Diseñada",600,477,123,631,369
2026-10-02T20:31:30.580Z,2026-10-02 15:31:30,2026-10-02 22:31:30,2026-10-03,1,"Ruta 1-A: Montaña Machupicchu",50,5,45,635,365
2026-10-02T20:31:30.580Z,2026-10-02 15:31:30,2026-10-02 22:31:30,2026-10-03,1,"Ruta 2-A: Clásico Diseñada",600,479,121,635,365
2026-10-02T20:38:59.656Z,2026-10-02 15:38:59,2026-10-02 22:38:59,2026-10-03,1,"Ruta 1-A: Montaña Machupicchu",50,5,45,635,365
2026-10-02T20:38:59.656Z,2026-10-02 15:38:59,2026-10-02 22:38:59,2026-10-03,1,"Ruta 2-A: Clásico Diseñada",600,483,117,635,365
2026-10-02T20:44:26.040Z,2026-10-02 15:44:26,2026-10-02 22:44:26,2026-10-03,1,"Ruta 1-A: Montaña Machupicchu",50,5,45,635,365
2026-10-02T20:44:26.040Z,2026-10-02 15:44:26,2026-10-02 22:44:26,2026-10-03,1,"Ruta 2-A: Clásico Diseñada",600,483,117,635,365
2026-10-02T20:51:32.748Z,2026-10-02 15:51:32,2026-10-02 22:51:32,2026-10-03,1,"Ruta 1-A: Montaña Machupicchu",50,5,45,643,357
2026-10-02T20:51:32.748Z,2026-10-02 15:51:32,2026-10-02 22:51:32,2026-10-03,1,"Ruta 2-A: Clásico Diseñada",600,485,115,643,357
2026-10-02T20:53:19.106Z,2026-10-02 15:53:19,2026-10-02 22:53:19,2026-10-03,1,"Ruta 1-A: Montaña Machupicchu",50,5,45,643,357
2026-10-02T20:53:19.106Z,2026-10-02 15:53:19,2026-10-02 22:53:19,2026-10-03,1,"Ruta 2-A: Clásico Diseñada",600,487,113,643,357
2026-10-02T20:59:17.083Z,2026-10-02 15:59:17,2026-10-02 22:59:17,2026-10-03,1,"Ruta 1-A: Montaña Machupicchu",50,5,45,650,350
2026-10-02T20:59:17.083Z,2026-10-02 15:59:17,2026-10-02 22:59:17,2026-10-03,1,"Ruta 2-A: Clásico Diseñada",600,492,108,650,350
2026-10-02T21:06:36.665Z,2026-10-02 16:06:36,2026-10-02 23:06:36,2026-10-03,1,"Ruta 1-A: Montaña Machupicchu",50,5,45,656,344
2026-10-02T21:06:36.665Z,2026-10-02 16:06:36,2026-10-02 23:06:36,2026-10-03,1,"Ruta 2-A: Clásico Diseñada",600,496,104,656,344
2026-10-02T21:25:19.701Z,2026-10-02 16:25:19,2026-10-02 23:25:19,2026-10-03,1,"Ruta 1-A: Montaña Machupicchu",50,5,45,668,332
2026-10-02T21:25:19.701Z,2026-10-02 16:25:19,2026-10-02 23:25:19,2026-10-03,1,"Ruta 2-A: Clásico Diseñada",600,498,102,668,332
2026-10-02T21:37:01.291Z,2026-10-02 16:37:01,2026-10-02 23:37:01,2026-10-03,1,"Ruta 1-A: Montaña Machupicchu",50,7,43,674,326
2026-10-02T21:37:01.291Z,2026-10-02 16:37:01,2026-10-02 23:37:01,2026-10-03,1,"Ruta 2-A: Clásico Diseñada",600,500,100,674,326
2026-10-02T21:49:07.304Z,2026-10-02 16:49:07,2026-10-02 23:49:07,2026-10-03,1,"Ruta 1-A: Montaña Machupicchu",50,7,43,693,307
2026-10-02T21:49:07.304Z,2026-10-02 16:49:07,2026-10-02 23:49:07,2026-10-03,1,"Ruta 2-A: Clásico Diseñada",600,500,100,693,307
2026-10-02T22:06:40.379Z,2026-10-02 17:06:40,2026-10-03 00:06:40,2026-10-03,1,"Ruta 1-A: Montaña Machupicchu",50,7,43,701,299
2026-10-02T22:06:40.379Z,2026-10-02 17:06:40,2026-10-03 00:06:40,2026-10-03,1,"Ruta 2-A: Clásico Diseñada",600,520,80,701,299
2026-10-02T22:26:07.753Z,2026-10-02 17:26:07,2026-10-03 00:26:07,2026-10-03,1,"Ruta 1-A: Montaña Machupicchu",50,7,43,713,287
2026-10-02T22:26:07.753Z,2026-10-02 17:26:07,2026-10-03 00:26:07,2026-10-03,1,"Ruta 2-A: Clásico Diseñada",600,522,78,713,287
2026-10-02T22:37:43.177Z,2026-10-02 17:37:43,2026-10-03 00:37:43,2026-10-03,1,"Ruta 1-A: Montaña Machupicchu",50,7,43,713,287
2026-10-02T22:37:43.177Z,2026-10-02 17:37:43,2026-10-03 00:37:43,2026-10-03,1,"Ruta 2-A: Clásico Diseñada",600,522,78,713,287
2026-10-02T22:49:27.332Z,2026-10-02 17:49:27,2026-10-03 00:49:27,2026-10-03,1,"Ruta 1-A: Montaña Machupicchu",50,7,43,713,287
2026-10-02T22:49:27.332Z,2026-10-02 17:49:27,2026-10-03 00:49:27,2026-10-03,1,"Ruta 2-A: Clásico Diseñada",600,522,78,713,287
2026-10-02T23:05:59.573Z,2026-10-02 18:05:59,2026-10-03 01:05:59,2026-10-03,1,"Ruta 1-A: Montaña Machupicchu",50,7,43,717,283
2026-10-02T23:05:59.573Z,2026-10-02 18:05:59,2026-10-03 01:05:59,2026-10-03,1,"Ruta 2-A: Clásico Diseñada",600,523,77,717,283
2026-10-02T23:23:32.812Z,2026-10-02 18:23:32,2026-10-03 01:23:32,2026-10-03,1,"Ruta 1-A: Montaña Machupicchu",50,7,43,717,283
2026-10-02T23:23:32.812Z,2026-10-02 18:23:32,2026-10-03 01:23:32,2026-10-03,1,"Ruta 2-A: Clásico Diseñada",600,525,75,717,283
2026-10-02T23:35:03.187Z,2026-10-02 18:35:03,2026-10-03 01:35:03,2026-10-03,1,"Ruta 1-A: Montaña Machupicchu",50,7,43,718,282
2026-10-02T23:35:03.187Z,2026-10-02 18:35:03,2026-10-03 01:35:03,2026-10-03,1,"Ruta 2-A: Clásico Diseñada",600,525,75,718,282
2026-10-02T23:48:08.750Z,2026-10-02 18:48:08,2026-10-03 01:48:08,2026-10-03,1,"Ruta 1-A: Montaña Machupicchu",50,7,43,733,267
2026-10-02T23:48:08.750Z,2026-10-02 18:48:08,2026-10-03 01:48:08,2026-10-03,1,"Ruta 2-A: Clásico Diseñada",600,526,74,733,267
2026-10-03T00:15:31.762Z,2026-10-02 19:15:31,2026-10-03 02:15:31,2026-10-04,2,"Ruta 1-A: Montaña Machupicchu",50,0,50,0,1000
2026-10-03T00:15:31.762Z,2026-10-02 19:15:31,2026-10-03 02:15:31,2026-10-04,2,"Ruta 2-A: Clásico Diseñada",600,0,600,0,1000
2026-10-03T01:04:37.672Z,2026-10-02 20:04:37,2026-10-03 03:04:37,2026-10-04,2,"Ruta 1-A: Montaña Machupicchu",50,0,50,0,1000
2026-10-03T01:04:37.672Z,2026-10-02 20:04:37,2026-10-03 03:04:37,2026-10-04,2,"Ruta 2-A: Clásico Diseñada",600,0,600,0,1000
2026-10-03T01:37:48.252Z,2026-10-02 20:37:48,2026-10-03 03:37:48,2026-10-04,2,"Ruta 1-A: Montaña Machupicchu",50,0,50,0,1000
2026-10-03T01:37:48.252Z,2026-10-02 20:37:48,2026-10-03 03:37:48,2026-10-04,2,"Ruta 2-A: Clásico Diseñada",600,0,600,0,1000
2026-10-03T01:58:26.834Z,2026-10-02 20:58:26,2026-10-03 03:58:26,2026-10-04,2,"Ruta 1-A: Montaña Machupicchu",50,0,50,0,1000
2026-10-03T01:58:26.834Z,2026-10-02 20:58:26,2026-10-03 03:58:26,2026-10-04,2,"Ruta 2-A: Clásico Diseñada",600,0,600,0,1000
2026-10-03T02:22:08.231Z,2026-10-02 21:22:08,2026-10-03 04:22:08,2026-10-04,2,"Ruta 1-A: Montaña Machupicchu",50,0,50,0,1000
2026-10-03T02:22:08.231Z,2026-10-02 21:22:08,2026-10-03 04:22:08,2026-10-04,2,"Ruta 2-A: Clásico Diseñada",600,0,600,0,1000
2026-10-03T02:51:59.445Z,2026-10-02 21:51:59,2026-10-03 04:51:59,2026-10-04,2,"Ruta 1-A: Montaña Machupicchu",50,0,50,0,1000
2026-10-03T02:51:59.445Z,2026-10-02 21:51:59,2026-10-03 04:51:59,2026-10-04,2,"Ruta 2-A: Clásico Diseñada",600,0,600,0,1000
2026-10-03T03:17:49.787Z,2026-10-02 22:17:49,2026-10-03 05:17:49,2026-10-04,2,"Ruta 1-A: Montaña Machupicchu",50,0,50,0,1000
2026-10-03T03:17:49.787Z,2026-10-02 22:17:49,2026-10-03 05:17:49,2026-10-04,2,"Ruta 2-A: Clásico Diseñada",600,0,600,0,1000
2026-10-03T03:55:24.868Z,2026-10-02 22:55:24,2026-10-03 05:55:24,2026-10-04,2,"Ruta 1-A: Montaña Machupicchu",50,0,50,0,1000
2026-10-03T03:55:24.868Z,2026-10-02 22:55:24,2026-10-03 05:55:24,2026-10-04,2,"Ruta 2-A: Clásico Diseñada",600,0,600,0,1000
2026-10-03T04:12:44.109Z,2026-10-02 23:12:44,2026-10-03 06:12:44,2026-10-04,2,"Ruta 1-A: Montaña Machupicchu",50,0,50,0,1000
2026-10-03T04:12:44.109Z,2026-10-02 23:12:44,2026-10-03 06:12:44,2026-10-04,2,"Ruta 2-A: Clásico Diseñada",600,0,600,0,1000
2026-10-03T04:33:50.282Z,2026-10-02 23:33:50,2026-10-03 06:33:50,2026-10-04,2,"Ruta 1-A: Montaña Machupicchu",50,0,50,0,1000
2026-10-03T04:33:50.282Z,2026-10-02 23:33:50,2026-10-03 06:33:50,2026-10-04,2,"Ruta 2-A: Clásico Diseñada",600,0,600,0,1000
2026-10-03T04:52:55.792Z,2026-10-02 23:52:55,2026-10-03 06:52:55,2026-10-04,2,"Ruta 1-A: Montaña Machupicchu",50,0,50,0,1000
2026-10-03T04:52:55.792Z,2026-10-02 23:52:55,2026-10-03 06:52:55,2026-10-04,2,"Ruta 2-A: Clásico Diseñada",600,0,600,0,1000
2026-10-03T05:06:27.711Z,2026-10-03 00:06:27,2026-10-03 07:06:27,2026-10-04,1,"Ruta 1-A: Montaña Machupicchu",50,0,50,0,1000
2026-10-03T05:06:27.711Z,2026-10-03 00:06:27,2026-10-03 07:06:27,2026-10-04,1,"Ruta 2-A: Clásico Diseñada",600,0,600,0,1000
2026-10-03T05:34:59.143Z,2026-10-03 00:34:59,2026-10-03 07:34:59,2026-10-04,1,"Ruta 1-A: Montaña Machupicchu",50,0,50,0,1000
2026-10-03T05:34:59.143Z,2026-10-03 00:34:59,2026-10-03 07:34:59,2026-10-04,1,"Ruta 2-A: Clásico Diseñada",600,0,600,0,1000
2026-10-03T05:53:24.798Z,2026-10-03 00:53:24,2026-10-03 07:53:24,2026-10-04,1,"Ruta 1-A: Montaña Machupicchu",50,0,50,0,1000
2026-10-03T05:53:24.798Z,2026-10-03 00:53:24,2026-10-03 07:53:24,2026-10-04,1,"Ruta 2-A: Clásico Diseñada",600,0,600,0,1000
2026-10-03T06:12:37.034Z,2026-10-03 01:12:37,2026-10-03 08:12:37,2026-10-04,1,"Ruta 1-A: Montaña Machupicchu",50,0,50,0,1000
2026-10-03T06:12:37.034Z,2026-10-03 01:12:37,2026-10-03 08:12:37,2026-10-04,1,"Ruta 2-A: Clásico Diseñada",600,0,600,0,1000
2026-10-03T06:47:45.606Z,2026-10-03 01:47:45,2026-10-03 08:47:45,2026-10-04,1,"Ruta 1-A: Montaña Machupicchu",50,0,50,0,1000
2026-10-03T06:47:45.606Z,2026-10-03 01:47:45,2026-10-03 08:47:45,2026-10-04,1,"Ruta 2-A: Clásico Diseñada",600,0,600,0,1000
2026-10-03T07:15:08.774Z,2026-10-03 02:15:08,2026-10-03 09:15:08,2026-10-04,1,"Ruta 1-A: Montaña Machupicchu",50,0,50,0,1000
2026-10-03T07:15:08.774Z,2026-10-03 02:15:08,2026-10-03 09:15:08,2026-10-04,1,"Ruta 2-A: Clásico Diseñada",600,0,600,0,1000
2026-10-03T07:38:27.921Z,2026-10-03 02:38:27,2026-10-03 09:38:27,2026-10-04,1,"Ruta 1-A: Montaña Machupicchu",50,0,50,0,1000
2026-10-03T07:38:27.921Z,2026-10-03 02:38:27,2026-10-03 09:38:27,2026-10-04,1,"Ruta 2-A: Clásico Diseñada",600,0,600,0,1000
2026-10-03T07:53:26.946Z,2026-10-03 02:53:26,2026-10-03 09:53:26,2026-10-04,1,"Ruta 1-A: Montaña Machupicchu",50,0,50,0,1000
2026-10-03T07:53:26.946Z,2026-10-03 02:53:26,2026-10-03 09:53:26,2026-10-04,1,"Ruta 2-A: Clásico Diseñada",600,0,600,0,1000
2026-10-03T08:08:56.198Z,2026-10-03 03:08:56,2026-10-03 10:08:56,2026-10-04,1,"Ruta 1-A: Montaña Machupicchu",50,0,50,0,1000
2026-10-03T08:08:56.198Z,2026-10-03 03:08:56,2026-10-03 10:08:56,2026-10-04,1,"Ruta 2-A: Clásico Diseñada",600,0,600,0,1000
2026-10-03T08:32:29.842Z,2026-10-03 03:32:29,2026-10-03 10:32:29,2026-10-04,1,"Ruta 1-A: Montaña Machupicchu",50,0,50,0,1000
2026-10-03T08:32:29.842Z,2026-10-03 03:32:29,2026-10-03 10:32:29,2026-10-04,1,"Ruta 2-A: Clásico Diseñada",600,0,600,0,1000
2026-10-03T08:54:53.742Z,2026-10-03 03:54:53,2026-10-03 10:54:53,2026-10-04,1,"Ruta 1-A: Montaña Machupicchu",50,0,50,0,1000
2026-10-03T08:54:53.742Z,2026-10-03 03:54:53,2026-10-03 10:54:53,2026-10-04,1,"Ruta 2-A: Clásico Diseñada",600,0,600,0,1000
2026-10-03T09:07:20.035Z,2026-10-03 04:07:20,2026-10-03 11:07:20,2026-10-04,1,"Ruta 1-A: Montaña Machupicchu",50,0,50,0,1000
2026-10-03T09:07:20.035Z,2026-10-03 04:07:20,2026-10-03 11:07:20,2026-10-04,1,"Ruta 2-A: Clásico Diseñada",600,0,600,0,1000
2026-10-03T09:27:06.819Z,2026-10-03 04:27:06,2026-10-03 11:27:06,2026-10-04,1,"Ruta 1-A: Montaña Machupicchu",50,0,50,0,1000
2026-10-03T09:27:06.819Z,2026-10-03 04:27:06,2026-10-03 11:27:06,2026-10-04,1,"Ruta 2-A: Clásico Diseñada",600,0,600,0,1000
2026-10-03T09:38:16.149Z,2026-10-03 04:38:16,2026-10-03 11:38:16,2026-10-04,1,"Ruta 1-A: Montaña Machupicchu",50,0,50,0,1000
2026-10-03T09:38:16.149Z,2026-10-03 04:38:16,2026-10-03 11:38:16,2026-10-04,1,"Ruta 2-A: Clásico Diseñada",600,0,600,0,1000
2026-10-03T10:06:11.744Z,2026-10-03 05:06:11,2026-10-03 12:06:11,2026-10-04,1,"Ruta 1-A: Montaña Machupicchu",50,0,50,0,1000
2026-10-03T10:06:11.744Z,2026-10-03 05:06:11,2026-10-03 12:06:11,2026-10-04,1,"Ruta 2-A: Clásico Diseñada",600,0,600,0,1000
2026-10-03T10:24:59.631Z,2026-10-03 05:24:59,2026-10-03 12:24:59,2026-10-04,1,"Ruta 1-A: Montaña Machupicchu",50,0,50,0,1000
2026-10-03T10:24:59.631Z,2026-10-03 05:24:59,2026-10-03 12:24:59,2026-10-04,1,"Ruta 2-A: Clásico Diseñada",600,0,600,0,1000
2026-10-03T10:39:36.559Z,2026-10-03 05:39:36,2026-10-03 12:39:36,2026-10-04,1,"Ruta 1-A: Montaña Machupicchu",50,0,50,0,1000
2026-10-03T10:39:36.559Z,2026-10-03 05:39:36,2026-10-03 12:39:36,2026-10-04,1,"Ruta 2-A: Clásico Diseñada",600,0,600,0,1000
2026-10-03T11:03:13.544Z,2026-10-03 06:03:13,2026-10-03 13:03:13,2026-10-04,1,"Ruta 1-A: Montaña Machupicchu",50,0,50,0,1000
2026-10-03T11:03:13.544Z,2026-10-03 06:03:13,2026-10-03 13:03:13,2026-10-04,1,"Ruta 2-A: Clásico Diseñada",600,0,600,0,1000
2026-10-03T12:23:05.014Z,2026-10-03 07:23:05,2026-10-03 14:23:05,2026-10-04,1,"Ruta 1-A: Montaña Machupicchu",50,0,50,183,817
2026-10-03T12:23:05.014Z,2026-10-03 07:23:05,2026-10-03 14:23:05,2026-10-04,1,"Ruta 2-A: Clásico Diseñada",600,134,466,183,817
2026-10-03T14:14:46.735Z,2026-10-03 09:14:46,2026-10-03 16:14:46,2026-10-04,1,"Ruta 1-A: Montaña Machupicchu",50,0,50,329,671
2026-10-03T14:14:46.735Z,2026-10-03 09:14:46,2026-10-03 16:14:46,2026-10-04,1,"Ruta 2-A: Clásico Diseñada",600,258,342,329,671
2026-10-03T15:22:19.472Z,2026-10-03 10:22:19,2026-10-03 17:22:19,2026-10-04,1,"Ruta 1-A: Montaña Machupicchu",50,0,50,391,609
2026-10-03T15:22:19.472Z,2026-10-03 10:22:19,2026-10-03 17:22:19,2026-10-04,1,"Ruta 2-A: Clásico Diseñada",600,325,275,391,609
2026-10-03T16:49:32.319Z,2026-10-03 11:49:32,2026-10-03 18:49:32,2026-10-04,1,"Ruta 1-A: Montaña Machupicchu",50,0,50,416,584
2026-10-03T16:49:32.319Z,2026-10-03 11:49:32,2026-10-03 18:49:32,2026-10-04,1,"Ruta 2-A: Clásico Diseñada",600,337,263,416,584
2026-10-03T18:11:49.132Z,2026-10-03 13:11:49,2026-10-03 20:11:49,2026-10-04,1,"Ruta 1-A: Montaña Machupicchu",50,0,50,528,472
2026-10-03T18:11:49.132Z,2026-10-03 13:11:49,2026-10-03 20:11:49,2026-10-04,1,"Ruta 2-A: Clásico Diseñada",600,406,194,528,472
2026-10-03T18:37:59.426Z,2026-10-03 13:37:59,2026-10-03 20:37:59,2026-10-04,1,"Ruta 1-A: Montaña Machupicchu",50,0,50,534,466
2026-10-03T18:37:59.426Z,2026-10-03 13:37:59,2026-10-03 20:37:59,2026-10-04,1,"Ruta 2-A: Clásico Diseñada",600,421,179,534,466
2026-10-03T19:00:00.308Z,2026-10-03 14:00:00,2026-10-03 21:00:00,2026-10-04,1,"Ruta 1-A: Montaña Machupicchu",50,0,50,536,464
2026-10-03T19:00:00.308Z,2026-10-03 14:00:00,2026-10-03 21:00:00,2026-10-04,1,"Ruta 2-A: Clásico Diseñada",600,423,177,536,464
2026-10-03T19:35:03.021Z,2026-10-03 14:35:03,2026-10-03 21:35:03,2026-10-04,1,"Ruta 1-A: Montaña Machupicchu",50,0,50,557,443
2026-10-03T19:35:03.021Z,2026-10-03 14:35:03,2026-10-03 21:35:03,2026-10-04,1,"Ruta 2-A: Clásico Diseñada",600,432,168,557,443
2026-10-03T19:57:47.609Z,2026-10-03 14:57:47,2026-10-03 21:57:47,2026-10-04,1,"Ruta 1-A: Montaña Machupicchu",50,0,50,625,375
2026-10-03T19:57:47.609Z,2026-10-03 14:57:47,2026-10-03 21:57:47,2026-10-04,1,"Ruta 2-A: Clásico Diseñada",600,446,154,625,375
2026-10-03T20:29:04.843Z,2026-10-03 15:29:04,2026-10-03 22:29:04,2026-10-04,1,"Ruta 1-A: Montaña Machupicchu",50,2,48,669,331
2026-10-03T20:29:04.843Z,2026-10-03 15:29:04,2026-10-03 22:29:04,2026-10-04,1,"Ruta 2-A: Clásico Diseñada",600,498,102,669,331
2026-10-03T21:02:27.294Z,2026-10-03 16:02:27,2026-10-03 23:02:27,2026-10-04,1,"Ruta 1-A: Montaña Machupicchu",50,4,46,701,299
2026-10-03T21:02:27.294Z,2026-10-03 16:02:27,2026-10-03 23:02:27,2026-10-04,1,"Ruta 2-A: Clásico Diseñada",600,516,84,701,299
2026-10-03T21:35:59.960Z,2026-10-03 16:35:59,2026-10-03 23:35:59,2026-10-04,1,"Ruta 1-A: Montaña Machupicchu",50,5,45,727,273
2026-10-03T21:35:59.960Z,2026-10-03 16:35:59,2026-10-03 23:35:59,2026-10-04,1,"Ruta 2-A: Clásico Diseñada",600,533,67,727,273
2026-10-03T22:13:01.136Z,2026-10-03 17:13:01,2026-10-04 00:13:01,2026-10-04,1,"Ruta 1-A: Montaña Machupicchu",50,5,45,738,262
2026-10-03T22:13:01.136Z,2026-10-03 17:13:01,2026-10-04 00:13:01,2026-10-04,1,"Ruta 2-A: Clásico Diseñada",600,546,54,738,262
2026-10-03T23:12:39.108Z,2026-10-03 18:12:39,2026-10-04 01:12:39,2026-10-04,1,"Ruta 1-A: Montaña Machupicchu",50,7,43,805,195
2026-10-03T23:12:39.108Z,2026-10-03 18:12:39,2026-10-04 01:12:39,2026-10-04,1,"Ruta 2-A: Clásico Diseñada",600,581,19,805,195
2026-10-04T00:03:35.734Z,2026-10-03 19:03:35,2026-10-04 02:03:35,2026-10-05,2,"Ruta 1-A: Montaña Machupicchu",50,0,50,0,1000
2026-10-04T00:03:35.734Z,2026-10-03 19:03:35,2026-10-04 02:03:35,2026-10-05,2,"Ruta 2-A: Clásico Diseñada",600,0,600,0,1000
2026-10-04T01:32:51.371Z,2026-10-03 20:32:51,2026-10-04 03:32:51,2026-10-05,2,"Ruta 1-A: Montaña Machupicchu",50,0,50,0,1000
2026-10-04T01:32:51.371Z,2026-10-03 20:32:51,2026-10-04 03:32:51,2026-10-05,2,"Ruta 2-A: Clásico Diseñada",600,0,600,0,1000
2026-10-04T02:32:25.814Z,2026-10-03 21:32:25,2026-10-04 04:32:25,2026-10-05,2,"Ruta 1-A: Montaña Machupicchu",50,0,50,0,1000
2026-10-04T02:32:25.814Z,2026-10-03 21:32:25,2026-10-04 04:32:25,2026-10-05,2,"Ruta 2-A: Clásico Diseñada",600,0,600,0,1000
2026-10-04T03:55:37.226Z,2026-10-03 22:55:37,2026-10-04 05:55:37,2026-10-05,2,"Ruta 1-A: Montaña Machupicchu",50,0,50,0,1000
2026-10-04T03:55:37.226Z,2026-10-03 22:55:37,2026-10-04 05:55:37,2026-10-05,2,"Ruta 2-A: Clásico Diseñada",600,0,600,0,1000
2026-10-04T05:27:02.104Z,2026-10-04 00:27:02,2026-10-04 07:27:02,2026-10-05,1,"Ruta 1-A: Montaña Machupicchu",50,0,50,0,1000
2026-10-04T05:27:02.104Z,2026-10-04 00:27:02,2026-10-04 07:27:02,2026-10-05,1,"Ruta 2-A: Clásico Diseñada",600,0,600,0,1000
2026-10-04T07:24:34.652Z,2026-10-04 02:24:34,2026-10-04 09:24:34,2026-10-05,1,"Ruta 1-A: Montaña Machupicchu",50,0,50,0,1000
2026-10-04T07:24:34.652Z,2026-10-04 02:24:34,2026-10-04 09:24:34,2026-10-05,1,"Ruta 2-A: Clásico Diseñada",600,0,600,0,1000
2026-10-04T09:41:47.346Z,2026-10-04 04:41:47,2026-10-04 11:41:47,2026-10-05,1,"Ruta 1-A: Montaña Machupicchu",50,0,50,0,1000
2026-10-04T09:41:47.346Z,2026-10-04 04:41:47,2026-10-04 11:41:47,2026-10-05,1,"Ruta 2-A: Clásico Diseñada",600,0,600,0,1000
2026-10-04T11:14:24.434Z,2026-10-04 06:14:24,2026-10-04 13:14:24,2026-10-05,1,"Ruta 1-A: Montaña Machupicchu",50,0,50,48,952
2026-10-04T11:14:24.434Z,2026-10-04 06:14:24,2026-10-04 13:14:24,2026-10-05,1,"Ruta 2-A: Clásico Diseñada",600,27,573,48,952
2026-10-04T12:08:54.904Z,2026-10-04 07:08:54,2026-10-04 14:08:54,2026-10-05,1,"Ruta 1-A: Montaña Machupicchu",50,2,48,143,857
2026-10-04T12:08:54.904Z,2026-10-04 07:08:54,2026-10-04 14:08:54,2026-10-05,1,"Ruta 2-A: Clásico Diseñada",600,124,476,143,857
2026-10-04T12:16:05.395Z,2026-10-04 07:16:05,2026-10-04 14:16:05,2026-10-05,1,"Ruta 1-A: Montaña Machupicchu",50,2,48,144,856
2026-10-04T12:16:05.395Z,2026-10-04 07:16:05,2026-10-04 14:16:05,2026-10-05,1,"Ruta 2-A: Clásico Diseñada",600,124,476,144,856
2026-10-04T12:31:05.595Z,2026-10-04 07:31:05,2026-10-04 14:31:05,2026-10-05,1,"Ruta 1-A: Montaña Machupicchu",50,2,48,149,851
2026-10-04T12:31:05.595Z,2026-10-04 07:31:05,2026-10-04 14:31:05,2026-10-05,1,"Ruta 2-A: Clásico Diseñada",600,124,476,149,851
2026-10-04T12:46:04.830Z,2026-10-04 07:46:04,2026-10-04 14:46:04,2026-10-05,1,"Ruta 1-A: Montaña Machupicchu",50,2,48,149,851
2026-10-04T12:46:04.830Z,2026-10-04 07:46:04,2026-10-04 14:46:04,2026-10-05,1,"Ruta 2-A: Clásico Diseñada",600,129,471,149,851
2026-10-04T14:52:28.351Z,2026-10-04 09:52:28,2026-10-04 16:52:28,2026-10-05,1,"Ruta 1-A: Montaña Machupicchu",50,3,47,301,699
2026-10-04T14:52:28.351Z,2026-10-04 09:52:28,2026-10-04 16:52:28,2026-10-05,1,"Ruta 2-A: Clásico Diseñada",600,258,342,301,699
2026-10-04T16:19:59.980Z,2026-10-04 11:19:59,2026-10-04 18:19:59,2026-10-05,1,"Ruta 1-A: Montaña Machupicchu",50,5,45,347,653
2026-10-04T16:19:59.980Z,2026-10-04 11:19:59,2026-10-04 18:19:59,2026-10-05,1,"Ruta 2-A: Clásico Diseñada",600,290,310,347,653
2026-10-04T16:31:05.871Z,2026-10-04 11:31:05,2026-10-04 18:31:05,2026-10-05,1,"Ruta 1-A: Montaña Machupicchu",50,5,45,371,629
2026-10-04T16:31:05.871Z,2026-10-04 11:31:05,2026-10-04 18:31:05,2026-10-05,1,"Ruta 2-A: Clásico Diseñada",600,299,301,371,629
2026-10-04T16:46:05.270Z,2026-10-04 11:46:05,2026-10-04 18:46:05,2026-10-05,1,"Ruta 1-A: Montaña Machupicchu",50,5,45,385,615
2026-10-04T16:46:05.270Z,2026-10-04 11:46:05,2026-10-04 18:46:05,2026-10-05,1,"Ruta 2-A: Clásico Diseñada",600,304,296,385,615
2026-10-04T18:05:40.475Z,2026-10-04 13:05:40,2026-10-04 20:05:40,2026-10-05,1,"Ruta 1-A: Montaña Machupicchu",50,5,45,460,540
2026-10-04T18:05:40.475Z,2026-10-04 13:05:40,2026-10-04 20:05:40,2026-10-05,1,"Ruta 2-A: Clásico Diseñada",600,371,229,460,540
2026-10-04T18:11:05.891Z,2026-10-04 13:11:05,2026-10-04 20:11:05,2026-10-05,1,"Ruta 1-A: Montaña Machupicchu",50,5,45,462,538
2026-10-04T18:11:05.891Z,2026-10-04 13:11:05,2026-10-04 20:11:05,2026-10-05,1,"Ruta 2-A: Clásico Diseñada",600,377,223,462,538
2026-10-04T18:16:05.319Z,2026-10-04 13:16:05,2026-10-04 20:16:05,2026-10-05,1,"Ruta 1-A: Montaña Machupicchu",50,5,45,464,536
2026-10-04T18:16:05.319Z,2026-10-04 13:16:05,2026-10-04 20:16:05,2026-10-05,1,"Ruta 2-A: Clásico Diseñada",600,377,223,464,536
2026-10-04T18:21:06.198Z,2026-10-04 13:21:06,2026-10-04 20:21:06,2026-10-05,1,"Ruta 1-A: Montaña Machupicchu",50,5,45,464,536
2026-10-04T18:21:06.198Z,2026-10-04 13:21:06,2026-10-04 20:21:06,2026-10-05,1,"Ruta 2-A: Clásico Diseñada",600,377,223,464,536
2026-10-04T18:26:05.503Z,2026-10-04 13:26:05,2026-10-04 20:26:05,2026-10-05,1,"Ruta 1-A: Montaña Machupicchu",50,5,45,465,535
2026-10-04T18:26:05.503Z,2026-10-04 13:26:05,2026-10-04 20:26:05,2026-10-05,1,"Ruta 2-A: Clásico Diseñada",600,377,223,465,535
2026-10-04T18:31:06.008Z,2026-10-04 13:31:06,2026-10-04 20:31:06,2026-10-05,1,"Ruta 1-A: Montaña Machupicchu",50,5,45,467,533
2026-10-04T18:31:06.008Z,2026-10-04 13:31:06,2026-10-04 20:31:06,2026-10-05,1,"Ruta 2-A: Clásico Diseñada",600,380,220,467,533
2026-10-04T18:36:05.143Z,2026-10-04 13:36:05,2026-10-04 20:36:05,2026-10-05,1,"Ruta 1-A: Montaña Machupicchu",50,5,45,469,531
2026-10-04T18:36:05.143Z,2026-10-04 13:36:05,2026-10-04 20:36:05,2026-10-05,1,"Ruta 2-A: Clásico Diseñada",600,380,220,469,531
2026-10-04T18:41:05.400Z,2026-10-04 13:41:05,2026-10-04 20:41:05,2026-10-05,1,"Ruta 1-A: Montaña Machupicchu",50,5,45,477,523
2026-10-04T18:41:05.400Z,2026-10-04 13:41:05,2026-10-04 20:41:05,2026-10-05,1,"Ruta 2-A: Clásico Diseñada",600,384,216,477,523
2026-10-04T18:46:05.478Z,2026-10-04 13:46:05,2026-10-04 20:46:05,2026-10-05,1,"Ruta 1-A: Montaña Machupicchu",50,5,45,483,517
2026-10-04T18:46:05.478Z,2026-10-04 13:46:05,2026-10-04 20:46:05,2026-10-05,1,"Ruta 2-A: Clásico Diseñada",600,387,213,483,517
2026-10-04T18:51:05.417Z,2026-10-04 13:51:05,2026-10-04 20:51:05,2026-10-05,1,"Ruta 1-A: Montaña Machupicchu",50,5,45,491,509
2026-10-04T18:51:05.417Z,2026-10-04 13:51:05,2026-10-04 20:51:05,2026-10-05,1,"Ruta 2-A: Clásico Diseñada",600,391,209,491,509
2026-10-04T20:02:20.974Z,2026-10-04 15:02:20,2026-10-04 22:02:20,2026-10-05,1,"Ruta 1-A: Montaña Machupicchu",50,5,45,586,414
2026-10-04T20:02:20.974Z,2026-10-04 15:02:20,2026-10-04 22:02:20,2026-10-05,1,"Ruta 2-A: Clásico Diseñada",600,465,135,586,414
2026-10-04T20:16:05.392Z,2026-10-04 15:16:05,2026-10-04 22:16:05,2026-10-05,1,"Ruta 1-A: Montaña Machupicchu",50,5,45,609,391
2026-10-04T20:16:05.392Z,2026-10-04 15:16:05,2026-10-04 22:16:05,2026-10-05,1,"Ruta 2-A: Clásico Diseñada",600,470,130,609,391
2026-10-04T20:31:05.562Z,2026-10-04 15:31:05,2026-10-04 22:31:05,2026-10-05,1,"Ruta 1-A: Montaña Machupicchu",50,5,45,637,363
2026-10-04T20:31:05.562Z,2026-10-04 15:31:05,2026-10-04 22:31:05,2026-10-05,1,"Ruta 2-A: Clásico Diseñada",600,470,130,637,363
2026-10-04T20:46:05.307Z,2026-10-04 15:46:05,2026-10-04 22:46:05,2026-10-05,1,"Ruta 1-A: Montaña Machupicchu",50,5,45,669,331
2026-10-04T20:46:05.307Z,2026-10-04 15:46:05,2026-10-04 22:46:05,2026-10-05,1,"Ruta 2-A: Clásico Diseñada",600,497,103,669,331
2026-10-04T21:24:33.542Z,2026-10-04 16:24:33,2026-10-04 23:24:33,2026-10-05,1,"Ruta 1-A: Montaña Machupicchu",50,5,45,700,300
2026-10-04T21:24:33.542Z,2026-10-04 16:24:33,2026-10-04 23:24:33,2026-10-05,1,"Ruta 2-A: Clásico Diseñada",600,554,46,700,300
2026-10-04T21:31:05.720Z,2026-10-04 16:31:05,2026-10-04 23:31:05,2026-10-05,1,"Ruta 1-A: Montaña Machupicchu",50,5,45,701,299
2026-10-04T21:31:05.720Z,2026-10-04 16:31:05,2026-10-04 23:31:05,2026-10-05,1,"Ruta 2-A: Clásico Diseñada",600,554,46,701,299
2026-10-04T21:46:06.051Z,2026-10-04 16:46:06,2026-10-04 23:46:06,2026-10-05,1,"Ruta 1-A: Montaña Machupicchu",50,5,45,710,290
2026-10-04T21:46:06.051Z,2026-10-04 16:46:06,2026-10-04 23:46:06,2026-10-05,1,"Ruta 2-A: Clásico Diseñada",600,554,46,710,290
2026-10-04T22:11:50.324Z,2026-10-04 17:11:50,2026-10-05 00:11:50,2026-10-05,1,"Ruta 1-A: Montaña Machupicchu",50,5,45,720,280
2026-10-04T22:11:50.324Z,2026-10-04 17:11:50,2026-10-05 00:11:50,2026-10-05,1,"Ruta 2-A: Clásico Diseñada",600,559,41,720,280
2026-10-04T23:11:31.217Z,2026-10-04 18:11:31,2026-10-05 01:11:31,2026-10-05,1,"Ruta 1-A: Montaña Machupicchu",50,5,45,760,240
2026-10-04T23:11:31.217Z,2026-10-04 18:11:31,2026-10-05 01:11:31,2026-10-05,1,"Ruta 2-A: Clásico Diseñada",600,569,31,760,240
2026-10-05T01:36:10.650Z,2026-10-04 20:36:10,2026-10-05 03:36:10,2026-10-06,2,"Ruta 1-A: Montaña Machupicchu",50,0,50,0,1000
2026-10-05T01:36:10.650Z,2026-10-04 20:36:10,2026-10-05 03:36:10,2026-10-06,2,"Ruta 2-A: Clásico Diseñada",600,0,600,0,1000
2026-10-05T02:27:51.176Z,2026-10-04 21:27:51,2026-10-05 04:27:51,2026-10-06,2,"Ruta 1-A: Montaña Machupicchu",50,0,50,0,1000
2026-10-05T02:27:51.176Z,2026-10-04 21:27:51,2026-10-05 04:27:51,2026-10-06,2,"Ruta 2-A: Clásico Diseñada",600,0,600,0,1000
2026-10-05T03:20:51.762Z,2026-10-04 22:20:51,2026-10-05 05:20:51,2026-10-06,2,"Ruta 1-A: Montaña Machupicchu",50,0,50,0,1000
2026-10-05T03:20:51.762Z,2026-10-04 22:20:51,2026-10-05 05:20:51,2026-10-06,2,"Ruta 2-A: Clásico Diseñada",600,0,600,0,1000
2026-10-05T04:20:30.189Z,2026-10-04 23:20:30,2026-10-05 06:20:30,2026-10-06,2,"Ruta 1-A: Montaña Machupicchu",50,0,50,0,1000
2026-10-05T04:20:30.189Z,2026-10-04 23:20:30,2026-10-05 06:20:30,2026-10-06,2,"Ruta 2-A: Clásico Diseñada",600,0,600,0,1000
2026-10-05T05:28:08.154Z,2026-10-05 00:28:08,2026-10-05 07:28:08,2026-10-06,1,"Ruta 1-A: Montaña Machupicchu",50,0,50,0,1000
2026-10-05T05:28:08.154Z,2026-10-05 00:28:08,2026-10-05 07:28:08,2026-10-06,1,"Ruta 2-A: Clásico Diseñada",600,0,600,0,1000
2026-10-05T06:31:52.912Z,2026-10-05 01:31:52,2026-10-05 08:31:52,2026-10-06,1,"Ruta 1-A: Montaña Machupicchu",50,0,50,0,1000
2026-10-05T06:31:52.912Z,2026-10-05 01:31:52,2026-10-05 08:31:52,2026-10-06,1,"Ruta 2-A: Clásico Diseñada",600,0,600,0,1000
2026-10-05T07:34:20.757Z,2026-10-05 02:34:20,2026-10-05 09:34:20,2026-10-06,1,"Ruta 1-A: Montaña Machupicchu",50,0,50,0,1000
2026-10-05T07:34:20.757Z,2026-10-05 02:34:20,2026-10-05 09:34:20,2026-10-06,1,"Ruta 2-A: Clásico Diseñada",600,0,600,0,1000
2026-10-05T08:25:20.405Z,2026-10-05 03:25:20,2026-10-05 10:25:20,2026-10-06,1,"Ruta 1-A: Montaña Machupicchu",50,0,50,0,1000
2026-10-05T08:25:20.405Z,2026-10-05 03:25:20,2026-10-05 10:25:20,2026-10-06,1,"Ruta 2-A: Clásico Diseñada",600,0,600,0,1000
2026-10-05T10:16:20.696Z,2026-10-05 05:16:20,2026-10-05 12:16:20,2026-10-06,1,"Ruta 1-A: Montaña Machupicchu",50,0,50,0,1000
2026-10-05T10:16:20.696Z,2026-10-05 05:16:20,2026-10-05 12:16:20,2026-10-06,1,"Ruta 2-A: Clásico Diseñada",600,0,600,0,1000
2026-10-05T11:12:25.363Z,2026-10-05 06:12:25,2026-10-05 13:12:25,2026-10-06,1,"Ruta 1-A: Montaña Machupicchu",50,0,50,34,966
2026-10-05T11:12:25.363Z,2026-10-05 06:12:25,2026-10-05 13:12:25,2026-10-06,1,"Ruta 2-A: Clásico Diseñada",600,25,575,34,966
2026-10-05T11:16:06.316Z,2026-10-05 06:16:06,2026-10-05 13:16:06,2026-10-06,1,"Ruta 1-A: Montaña Machupicchu",50,0,50,46,954
2026-10-05T11:16:06.316Z,2026-10-05 06:16:06,2026-10-05 13:16:06,2026-10-06,1,"Ruta 2-A: Clásico Diseñada",600,35,565,46,954
2026-10-05T11:31:06.562Z,2026-10-05 06:31:06,2026-10-05 13:31:06,2026-10-06,1,"Ruta 1-A: Montaña Machupicchu",50,0,50,101,899
2026-10-05T11:31:06.562Z,2026-10-05 06:31:06,2026-10-05 13:31:06,2026-10-06,1,"Ruta 2-A: Clásico Diseñada",600,70,530,101,899
2026-10-05T11:46:05.857Z,2026-10-05 06:46:05,2026-10-05 13:46:05,2026-10-06,1,"Ruta 1-A: Montaña Machupicchu",50,0,50,118,882
2026-10-05T11:46:05.857Z,2026-10-05 06:46:05,2026-10-05 13:46:05,2026-10-06,1,"Ruta 2-A: Clásico Diseñada",600,90,510,118,882
2026-10-05T12:20:01.795Z,2026-10-05 07:20:01,2026-10-05 14:20:01,2026-10-06,1,"Ruta 1-A: Montaña Machupicchu",50,0,50,192,808
2026-10-05T12:20:01.795Z,2026-10-05 07:20:01,2026-10-05 14:20:01,2026-10-06,1,"Ruta 2-A: Clásico Diseñada",600,162,438,192,808
2026-10-05T12:31:05.686Z,2026-10-05 07:31:05,2026-10-05 14:31:05,2026-10-06,1,"Ruta 1-A: Montaña Machupicchu",50,0,50,192,808
2026-10-05T12:31:05.686Z,2026-10-05 07:31:05,2026-10-05 14:31:05,2026-10-06,1,"Ruta 2-A: Clásico Diseñada",600,162,438,192,808
2026-10-05T12:46:04.839Z,2026-10-05 07:46:04,2026-10-05 14:46:04,2026-10-06,1,"Ruta 1-A: Montaña Machupicchu",50,0,50,196,804
2026-10-05T12:46:04.839Z,2026-10-05 07:46:04,2026-10-05 14:46:04,2026-10-06,1,"Ruta 2-A: Clásico Diseñada",600,164,436,196,804
2026-10-05T13:19:39.518Z,2026-10-05 08:19:39,2026-10-05 15:19:39,2026-10-06,1,"Ruta 1-A: Montaña Machupicchu",50,0,50,229,771
2026-10-05T13:19:39.518Z,2026-10-05 08:19:39,2026-10-05 15:19:39,2026-10-06,1,"Ruta 2-A: Clásico Diseñada",600,187,413,229,771
2026-10-05T13:31:05.348Z,2026-10-05 08:31:05,2026-10-05 15:31:05,2026-10-06,1,"Ruta 1-A: Montaña Machupicchu",50,0,50,276,724
2026-10-05T13:31:05.348Z,2026-10-05 08:31:05,2026-10-05 15:31:05,2026-10-06,1,"Ruta 2-A: Clásico Diseñada",600,216,384,276,724
2026-10-05T13:46:05.908Z,2026-10-05 08:46:05,2026-10-05 15:46:05,2026-10-06,1,"Ruta 1-A: Montaña Machupicchu",50,0,50,320,680
2026-10-05T13:46:05.908Z,2026-10-05 08:46:05,2026-10-05 15:46:05,2026-10-06,1,"Ruta 2-A: Clásico Diseñada",600,250,350,320,680
2026-10-05T14:16:10.021Z,2026-10-05 09:16:10,2026-10-05 16:16:10,2026-10-06,1,"Ruta 1-A: Montaña Machupicchu",50,0,50,404,596
2026-10-05T14:16:10.021Z,2026-10-05 09:16:10,2026-10-05 16:16:10,2026-10-06,1,"Ruta 2-A: Clásico Diseñada",600,287,313,404,596
2026-10-05T14:31:06.118Z,2026-10-05 09:31:06,2026-10-05 16:31:06,2026-10-06,1,"Ruta 1-A: Montaña Machupicchu",50,0,50,418,582
2026-10-05T14:31:06.118Z,2026-10-05 09:31:06,2026-10-05 16:31:06,2026-10-06,1,"Ruta 2-A: Clásico Diseñada",600,305,295,418,582
2026-10-05T14:46:05.708Z,2026-10-05 09:46:05,2026-10-05 16:46:05,2026-10-06,1,"Ruta 1-A: Montaña Machupicchu",50,0,50,447,553
2026-10-05T14:46:05.708Z,2026-10-05 09:46:05,2026-10-05 16:46:05,2026-10-06,1,"Ruta 2-A: Clásico Diseñada",600,309,291,447,553
2026-10-05T15:13:42.419Z,2026-10-05 10:13:42,2026-10-05 17:13:42,2026-10-06,1,"Ruta 1-A: Montaña Machupicchu",50,0,50,503,497
2026-10-05T15:13:42.419Z,2026-10-05 10:13:42,2026-10-05 17:13:42,2026-10-06,1,"Ruta 2-A: Clásico Diseñada",600,358,242,503,497
2026-10-05T15:16:04.817Z,2026-10-05 10:16:04,2026-10-05 17:16:04,2026-10-06,1,"Ruta 1-A: Montaña Machupicchu",50,0,50,503,497
2026-10-05T15:16:04.817Z,2026-10-05 10:16:04,2026-10-05 17:16:04,2026-10-06,1,"Ruta 2-A: Clásico Diseñada",600,358,242,503,497
2026-10-05T15:31:04.749Z,2026-10-05 10:31:04,2026-10-05 17:31:04,2026-10-06,1,"Ruta 1-A: Montaña Machupicchu",50,0,50,504,496
2026-10-05T15:31:04.749Z,2026-10-05 10:31:04,2026-10-05 17:31:04,2026-10-06,1,"Ruta 2-A: Clásico Diseñada",600,381,219,504,496
2026-10-05T15:46:04.748Z,2026-10-05 10:46:04,2026-10-05 17:46:04,2026-10-06,1,"Ruta 1-A: Montaña Machupicchu",50,0,50,509,491
2026-10-05T15:46:04.748Z,2026-10-05 10:46:04,2026-10-05 17:46:04,2026-10-06,1,"Ruta 2-A: Clásico Diseñada",600,381,219,509,491
2026-10-05T17:11:41.332Z,2026-10-05 12:11:41,2026-10-05 19:11:41,2026-10-06,1,"Ruta 1-A: Montaña Machupicchu",50,2,48,528,472
2026-10-05T17:11:41.332Z,2026-10-05 12:11:41,2026-10-05 19:11:41,2026-10-06,1,"Ruta 2-A: Clásico Diseñada",600,393,207,528,472
2026-10-05T17:16:05.340Z,2026-10-05 12:16:05,2026-10-05 19:16:05,2026-10-06,1,"Ruta 1-A: Montaña Machupicchu",50,2,48,543,457
2026-10-05T17:16:05.340Z,2026-10-05 12:16:05,2026-10-05 19:16:05,2026-10-06,1,"Ruta 2-A: Clásico Diseñada",600,398,202,543,457
2026-10-05T17:31:05.454Z,2026-10-05 12:31:05,2026-10-05 19:31:05,2026-10-06,1,"Ruta 1-A: Montaña Machupicchu",50,3,47,605,395
2026-10-05T17:31:05.454Z,2026-10-05 12:31:05,2026-10-05 19:31:05,2026-10-06,1,"Ruta 2-A: Clásico Diseñada",600,435,165,605,395
2026-10-05T17:46:05.695Z,2026-10-05 12:46:05,2026-10-05 19:46:05,2026-10-06,1,"Ruta 1-A: Montaña Machupicchu",50,3,47,630,370
2026-10-05T17:46:05.695Z,2026-10-05 12:46:05,2026-10-05 19:46:05,2026-10-06,1,"Ruta 2-A: Clásico Diseñada",600,449,151,630,370
2026-10-05T18:16:34.471Z,2026-10-05 13:16:34,2026-10-05 20:16:34,2026-10-06,1,"Ruta 1-A: Montaña Machupicchu",50,3,47,638,362
2026-10-05T18:16:34.471Z,2026-10-05 13:16:34,2026-10-05 20:16:34,2026-10-06,1,"Ruta 2-A: Clásico Diseñada",600,463,137,638,362
2026-10-05T18:21:05.621Z,2026-10-05 13:21:05,2026-10-05 20:21:05,2026-10-06,1,"Ruta 1-A: Montaña Machupicchu",50,3,47,638,362
2026-10-05T18:21:05.621Z,2026-10-05 13:21:05,2026-10-05 20:21:05,2026-10-06,1,"Ruta 2-A: Clásico Diseñada",600,463,137,638,362
2026-10-05T18:26:06.217Z,2026-10-05 13:26:06,2026-10-05 20:26:06,2026-10-06,1,"Ruta 1-A: Montaña Machupicchu",50,3,47,640,360
2026-10-05T18:26:06.217Z,2026-10-05 13:26:06,2026-10-05 20:26:06,2026-10-06,1,"Ruta 2-A: Clásico Diseñada",600,463,137,640,360
2026-10-05T18:31:05.969Z,2026-10-05 13:31:05,2026-10-05 20:31:05,2026-10-06,1,"Ruta 1-A: Montaña Machupicchu",50,3,47,640,360
2026-10-05T18:31:05.969Z,2026-10-05 13:31:05,2026-10-05 20:31:05,2026-10-06,1,"Ruta 2-A: Clásico Diseñada",600,463,137,640,360
2026-10-05T18:36:04.747Z,2026-10-05 13:36:04,2026-10-05 20:36:04,2026-10-06,1,"Ruta 1-A: Montaña Machupicchu",50,3,47,641,359
2026-10-05T18:36:04.747Z,2026-10-05 13:36:04,2026-10-05 20:36:04,2026-10-06,1,"Ruta 2-A: Clásico Diseñada",600,463,137,641,359
2026-10-05T18:41:03.835Z,2026-10-05 13:41:03,2026-10-05 20:41:03,2026-10-06,1,"Ruta 1-A: Montaña Machupicchu",50,3,47,642,358
2026-10-05T18:41:03.835Z,2026-10-05 13:41:03,2026-10-05 20:41:03,2026-10-06,1,"Ruta 2-A: Clásico Diseñada",600,465,135,642,358
2026-10-05T18:46:04.597Z,2026-10-05 13:46:04,2026-10-05 20:46:04,2026-10-06,1,"Ruta 1-A: Montaña Machupicchu",50,3,47,642,358
2026-10-05T18:46:04.597Z,2026-10-05 13:46:04,2026-10-05 20:46:04,2026-10-06,1,"Ruta 2-A: Clásico Diseñada",600,465,135,642,358
2026-10-05T18:51:04.655Z,2026-10-05 13:51:04,2026-10-05 20:51:04,2026-10-06,1,"Ruta 1-A: Montaña Machupicchu",50,3,47,643,357
2026-10-05T18:51:04.655Z,2026-10-05 13:51:04,2026-10-05 20:51:04,2026-10-06,1,"Ruta 2-A: Clásico Diseñada",600,465,135,643,357
2026-10-05T19:12:56.037Z,2026-10-05 14:12:56,2026-10-05 21:12:56,2026-10-06,1,"Ruta 1-A: Montaña Machupicchu",50,3,47,653,347
2026-10-05T19:12:56.037Z,2026-10-05 14:12:56,2026-10-05 21:12:56,2026-10-06,1,"Ruta 2-A: Clásico Diseñada",600,471,129,653,347
2026-10-05T19:16:06.210Z,2026-10-05 14:16:06,2026-10-05 21:16:06,2026-10-06,1,"Ruta 1-A: Montaña Machupicchu",50,4,46,664,336
2026-10-05T19:16:06.210Z,2026-10-05 14:16:06,2026-10-05 21:16:06,2026-10-06,1,"Ruta 2-A: Clásico Diseñada",600,471,129,664,336
2026-10-05T19:21:04.698Z,2026-10-05 14:21:04,2026-10-05 21:21:04,2026-10-06,1,"Ruta 1-A: Montaña Machupicchu",50,4,46,674,326
2026-10-05T19:21:04.698Z,2026-10-05 14:21:04,2026-10-05 21:21:04,2026-10-06,1,"Ruta 2-A: Clásico Diseñada",600,475,125,674,326
2026-10-05T19:26:05.113Z,2026-10-05 14:26:05,2026-10-05 21:26:05,2026-10-06,1,"Ruta 1-A: Montaña Machupicchu",50,4,46,674,326
2026-10-05T19:26:05.113Z,2026-10-05 14:26:05,2026-10-05 21:26:05,2026-10-06,1,"Ruta 2-A: Clásico Diseñada",600,479,121,674,326
2026-10-05T19:31:06.007Z,2026-10-05 14:31:06,2026-10-05 21:31:06,2026-10-06,1,"Ruta 1-A: Montaña Machupicchu",50,4,46,676,324
2026-10-05T19:31:06.007Z,2026-10-05 14:31:06,2026-10-05 21:31:06,2026-10-06,1,"Ruta 2-A: Clásico Diseñada",600,481,119,676,324
2026-10-05T19:36:05.885Z,2026-10-05 14:36:05,2026-10-05 21:36:05,2026-10-06,1,"Ruta 1-A: Montaña Machupicchu",50,4,46,681,319
2026-10-05T19:36:05.885Z,2026-10-05 14:36:05,2026-10-05 21:36:05,2026-10-06,1,"Ruta 2-A: Clásico Diseñada",600,481,119,681,319
2026-10-05T19:41:05.962Z,2026-10-05 14:41:05,2026-10-05 21:41:05,2026-10-06,1,"Ruta 1-A: Montaña Machupicchu",50,4,46,684,316
2026-10-05T19:41:05.962Z,2026-10-05 14:41:05,2026-10-05 21:41:05,2026-10-06,1,"Ruta 2-A: Clásico Diseñada",600,481,119,684,316
2026-10-05T19:46:05.631Z,2026-10-05 14:46:05,2026-10-05 21:46:05,2026-10-06,1,"Ruta 1-A: Montaña Machupicchu",50,4,46,688,312
2026-10-05T19:46:05.631Z,2026-10-05 14:46:05,2026-10-05 21:46:05,2026-10-06,1,"Ruta 2-A: Clásico Diseñada",600,482,118,688,312
2026-10-05T19:51:05.505Z,2026-10-05 14:51:05,2026-10-05 21:51:05,2026-10-06,1,"Ruta 1-A: Montaña Machupicchu",50,6,44,691,309
2026-10-05T19:51:05.505Z,2026-10-05 14:51:05,2026-10-05 21:51:05,2026-10-06,1,"Ruta 2-A: Clásico Diseñada",600,484,116,691,309
2026-10-05T21:17:19.363Z,2026-10-05 16:17:19,2026-10-05 23:17:19,2026-10-06,1,"Ruta 1-A: Montaña Machupicchu",50,7,43,729,271
2026-10-05T21:17:19.363Z,2026-10-05 16:17:19,2026-10-05 23:17:19,2026-10-06,1,"Ruta 2-A: Clásico Diseñada",600,500,100,729,271
2026-10-05T21:31:05.245Z,2026-10-05 16:31:05,2026-10-05 23:31:05,2026-10-06,1,"Ruta 1-A: Montaña Machupicchu",50,7,43,742,258
2026-10-05T21:31:05.245Z,2026-10-05 16:31:05,2026-10-05 23:31:05,2026-10-06,1,"Ruta 2-A: Clásico Diseñada",600,510,90,742,258
2026-10-05T21:46:06.163Z,2026-10-05 16:46:06,2026-10-05 23:46:06,2026-10-06,1,"Ruta 1-A: Montaña Machupicchu",50,7,43,748,252
2026-10-05T21:46:06.163Z,2026-10-05 16:46:06,2026-10-05 23:46:06,2026-10-06,1,"Ruta 2-A: Clásico Diseñada",600,516,84,748,252
2026-10-05T22:12:49.340Z,2026-10-05 17:12:49,2026-10-06 00:12:49,2026-10-06,1,"Ruta 1-A: Montaña Machupicchu",50,7,43,777,223
2026-10-05T22:12:49.340Z,2026-10-05 17:12:49,2026-10-06 00:12:49,2026-10-06,1,"Ruta 2-A: Clásico Diseñada",600,529,71,777,223
2026-10-05T23:12:07.950Z,2026-10-05 18:12:07,2026-10-06 01:12:07,2026-10-06,1,"Ruta 1-A: Montaña Machupicchu",50,7,43,876,124
2026-10-05T23:12:07.950Z,2026-10-05 18:12:07,2026-10-06 01:12:07,2026-10-06,1,"Ruta 2-A: Clásico Diseñada",600,575,25,876,124
2026-10-06T00:33:22.068Z,2026-10-05 19:33:22,2026-10-06 02:33:22,2026-10-07,2,"Ruta 1-A: Montaña Machupicchu",50,0,50,0,1000
2026-10-06T00:33:22.068Z,2026-10-05 19:33:22,2026-10-06 02:33:22,2026-10-07,2,"Ruta 2-A: Clásico Diseñada",600,0,600,0,1000
2026-10-06T02:20:49.544Z,2026-10-05 21:20:49,2026-10-06 04:20:49,2026-10-07,2,"Ruta 1-A: Montaña Machupicchu",50,0,50,0,1000
2026-10-06T02:20:49.544Z,2026-10-05 21:20:49,2026-10-06 04:20:49,2026-10-07,2,"Ruta 2-A: Clásico Diseñada",600,0,600,0,1000
2026-10-06T03:15:41.485Z,2026-10-05 22:15:41,2026-10-06 05:15:41,2026-10-07,2,"Ruta 1-A: Montaña Machupicchu",50,0,50,0,1000
2026-10-06T03:15:41.485Z,2026-10-05 22:15:41,2026-10-06 05:15:41,2026-10-07,2,"Ruta 2-A: Clásico Diseñada",600,0,600,0,1000
2026-10-06T04:15:10.907Z,2026-10-05 23:15:10,2026-10-06 06:15:10,2026-10-07,2,"Ruta 1-A: Montaña Machupicchu",50,0,50,0,1000
2026-10-06T04:15:10.907Z,2026-10-05 23:15:10,2026-10-06 06:15:10,2026-10-07,2,"Ruta 2-A: Clásico Diseñada",600,0,600,0,1000
2026-10-06T05:13:01.536Z,2026-10-06 00:13:01,2026-10-06 07:13:01,2026-10-07,1,"Ruta 1-A: Montaña Machupicchu",50,0,50,0,1000
2026-10-06T05:13:01.536Z,2026-10-06 00:13:01,2026-10-06 07:13:01,2026-10-07,1,"Ruta 2-A: Clásico Diseñada",600,0,600,0,1000
2026-10-06T06:21:25.320Z,2026-10-06 01:21:25,2026-10-06 08:21:25,2026-10-07,1,"Ruta 1-A: Montaña Machupicchu",50,0,50,0,1000
2026-10-06T06:21:25.320Z,2026-10-06 01:21:25,2026-10-06 08:21:25,2026-10-07,1,"Ruta 2-A: Clásico Diseñada",600,0,600,0,1000
2026-10-06T07:20:18.098Z,2026-10-06 02:20:18,2026-10-06 09:20:18,2026-10-07,1,"Ruta 1-A: Montaña Machupicchu",50,0,50,0,1000
2026-10-06T07:20:18.098Z,2026-10-06 02:20:18,2026-10-06 09:20:18,2026-10-07,1,"Ruta 2-A: Clásico Diseñada",600,0,600,0,1000
2026-10-06T08:16:55.309Z,2026-10-06 03:16:55,2026-10-06 10:16:55,2026-10-07,1,"Ruta 1-A: Montaña Machupicchu",50,0,50,0,1000
2026-10-06T08:16:55.309Z,2026-10-06 03:16:55,2026-10-06 10:16:55,2026-10-07,1,"Ruta 2-A: Clásico Diseñada",600,0,600,0,1000
2026-10-06T09:14:34.346Z,2026-10-06 04:14:34,2026-10-06 11:14:34,2026-10-07,1,"Ruta 1-A: Montaña Machupicchu",50,0,50,0,1000
2026-10-06T09:14:34.346Z,2026-10-06 04:14:34,2026-10-06 11:14:34,2026-10-07,1,"Ruta 2-A: Clásico Diseñada",600,0,600,0,1000
2026-10-06T10:13:06.130Z,2026-10-06 05:13:06,2026-10-06 12:13:06,2026-10-07,1,"Ruta 1-A: Montaña Machupicchu",50,0,50,0,1000
2026-10-06T10:13:06.130Z,2026-10-06 05:13:06,2026-10-06 12:13:06,2026-10-07,1,"Ruta 2-A: Clásico Diseñada",600,0,600,0,1000
2026-10-06T11:12:29.310Z,2026-10-06 06:12:29,2026-10-06 13:12:29,2026-10-07,1,"Ruta 1-A: Montaña Machupicchu",50,0,50,26,974
2026-10-06T11:12:29.310Z,2026-10-06 06:12:29,2026-10-06 13:12:29,2026-10-07,1,"Ruta 2-A: Clásico Diseñada",600,5,595,26,974
2026-10-06T11:16:06.514Z,2026-10-06 06:16:06,2026-10-06 13:16:06,2026-10-07,1,"Ruta 1-A: Montaña Machupicchu",50,0,50,49,951
2026-10-06T11:16:06.514Z,2026-10-06 06:16:06,2026-10-06 13:16:06,2026-10-07,1,"Ruta 2-A: Clásico Diseñada",600,25,575,49,951
2026-10-06T11:31:05.822Z,2026-10-06 06:31:05,2026-10-06 13:31:05,2026-10-07,1,"Ruta 1-A: Montaña Machupicchu",50,0,50,113,887
2026-10-06T11:31:05.822Z,2026-10-06 06:31:05,2026-10-06 13:31:05,2026-10-07,1,"Ruta 2-A: Clásico Diseñada",600,66,534,113,887
2026-10-06T11:46:05.816Z,2026-10-06 06:46:05,2026-10-06 13:46:05,2026-10-07,1,"Ruta 1-A: Montaña Machupicchu",50,0,50,168,832
2026-10-06T11:46:05.816Z,2026-10-06 06:46:05,2026-10-06 13:46:05,2026-10-07,1,"Ruta 2-A: Clásico Diseñada",600,112,488,168,832
2026-10-06T12:18:25.261Z,2026-10-06 07:18:25,2026-10-06 14:18:25,2026-10-07,1,"Ruta 1-A: Montaña Machupicchu",50,0,50,316,684
2026-10-06T12:18:25.261Z,2026-10-06 07:18:25,2026-10-06 14:18:25,2026-10-07,1,"Ruta 2-A: Clásico Diseñada",600,236,364,316,684
2026-10-06T12:31:06.397Z,2026-10-06 07:31:06,2026-10-06 14:31:06,2026-10-07,1,"Ruta 1-A: Montaña Machupicchu",50,0,50,351,649
2026-10-06T12:31:06.397Z,2026-10-06 07:31:06,2026-10-06 14:31:06,2026-10-07,1,"Ruta 2-A: Clásico Diseñada",600,272,328,351,649
2026-10-06T12:46:06.084Z,2026-10-06 07:46:06,2026-10-06 14:46:06,2026-10-07,1,"Ruta 1-A: Montaña Machupicchu",50,0,50,441,559
2026-10-06T12:46:06.084Z,2026-10-06 07:46:06,2026-10-06 14:46:06,2026-10-07,1,"Ruta 2-A: Clásico Diseñada",600,343,257,441,559
2026-10-06T13:14:03.042Z,2026-10-06 08:14:03,2026-10-06 15:14:03,2026-10-07,1,"Ruta 1-A: Montaña Machupicchu",50,0,50,489,511
2026-10-06T13:14:03.042Z,2026-10-06 08:14:03,2026-10-06 15:14:03,2026-10-07,1,"Ruta 2-A: Clásico Diseñada",600,415,185,489,511
2026-10-06T13:16:04.883Z,2026-10-06 08:16:04,2026-10-06 15:16:04,2026-10-07,1,"Ruta 1-A: Montaña Machupicchu",50,0,50,489,511
2026-10-06T13:16:04.883Z,2026-10-06 08:16:04,2026-10-06 15:16:04,2026-10-07,1,"Ruta 2-A: Clásico Diseñada",600,417,183,489,511
2026-10-06T13:31:05.098Z,2026-10-06 08:31:05,2026-10-06 15:31:05,2026-10-07,1,"Ruta 1-A: Montaña Machupicchu",50,0,50,514,486
2026-10-06T13:31:05.098Z,2026-10-06 08:31:05,2026-10-06 15:31:05,2026-10-07,1,"Ruta 2-A: Clásico Diseñada",600,427,173,514,486
2026-10-06T13:46:05.157Z,2026-10-06 08:46:05,2026-10-06 15:46:05,2026-10-07,1,"Ruta 1-A: Montaña Machupicchu",50,0,50,526,474
2026-10-06T13:46:05.157Z,2026-10-06 08:46:05,2026-10-06 15:46:05,2026-10-07,1,"Ruta 2-A: Clásico Diseñada",600,436,164,526,474
2026-10-06T14:13:46.549Z,2026-10-06 09:13:46,2026-10-06 16:13:46,2026-10-07,1,"Ruta 1-A: Montaña Machupicchu",50,0,50,576,424
2026-10-06T14:13:46.549Z,2026-10-06 09:13:46,2026-10-06 16:13:46,2026-10-07,1,"Ruta 2-A: Clásico Diseñada",600,458,142,576,424
2026-10-06T14:16:05.264Z,2026-10-06 09:16:05,2026-10-06 16:16:05,2026-10-07,1,"Ruta 1-A: Montaña Machupicchu",50,0,50,581,419
2026-10-06T14:16:05.264Z,2026-10-06 09:16:05,2026-10-06 16:16:05,2026-10-07,1,"Ruta 2-A: Clásico Diseñada",600,461,139,581,419
2026-10-06T14:31:06.126Z,2026-10-06 09:31:06,2026-10-06 16:31:06,2026-10-07,1,"Ruta 1-A: Montaña Machupicchu",50,0,50,598,402
2026-10-06T14:31:06.126Z,2026-10-06 09:31:06,2026-10-06 16:31:06,2026-10-07,1,"Ruta 2-A: Clásico Diseñada",600,483,117,598,402
2026-10-06T14:46:05.532Z,2026-10-06 09:46:05,2026-10-06 16:46:05,2026-10-07,1,"Ruta 1-A: Montaña Machupicchu",50,0,50,599,401
2026-10-06T14:46:05.532Z,2026-10-06 09:46:05,2026-10-06 16:46:05,2026-10-07,1,"Ruta 2-A: Clásico Diseñada",600,483,117,599,401
2026-10-06T15:12:57.547Z,2026-10-06 10:12:57,2026-10-06 17:12:57,2026-10-07,1,"Ruta 1-A: Montaña Machupicchu",50,0,50,609,391
2026-10-06T15:12:57.547Z,2026-10-06 10:12:57,2026-10-06 17:12:57,2026-10-07,1,"Ruta 2-A: Clásico Diseñada",600,488,112,609,391
2026-10-06T15:16:06.465Z,2026-10-06 10:16:06,2026-10-06 17:16:06,2026-10-07,1,"Ruta 1-A: Montaña Machupicchu",50,0,50,609,391
2026-10-06T15:16:06.465Z,2026-10-06 10:16:06,2026-10-06 17:16:06,2026-10-07,1,"Ruta 2-A: Clásico Diseñada",600,488,112,609,391
2026-10-06T15:31:06.094Z,2026-10-06 10:31:06,2026-10-06 17:31:06,2026-10-07,1,"Ruta 1-A: Montaña Machupicchu",50,0,50,612,388
2026-10-06T15:31:06.094Z,2026-10-06 10:31:06,2026-10-06 17:31:06,2026-10-07,1,"Ruta 2-A: Clásico Diseñada",600,488,112,612,388
2026-10-06T15:46:06.081Z,2026-10-06 10:46:06,2026-10-06 17:46:06,2026-10-07,1,"Ruta 1-A: Montaña Machupicchu",50,0,50,615,385
2026-10-06T15:46:06.081Z,2026-10-06 10:46:06,2026-10-06 17:46:06,2026-10-07,1,"Ruta 2-A: Clásico Diseñada",600,491,109,615,385
2026-10-06T16:15:04.351Z,2026-10-06 11:15:04,2026-10-06 18:15:04,2026-10-07,1,"Ruta 1-A: Montaña Machupicchu",50,0,50,638,362
2026-10-06T16:15:04.351Z,2026-10-06 11:15:04,2026-10-06 18:15:04,2026-10-07,1,"Ruta 2-A: Clásico Diseñada",600,499,101,638,362
2026-10-06T16:31:05.697Z,2026-10-06 11:31:05,2026-10-06 18:31:05,2026-10-07,1,"Ruta 1-A: Montaña Machupicchu",50,0,50,664,336
2026-10-06T16:31:05.697Z,2026-10-06 11:31:05,2026-10-06 18:31:05,2026-10-07,1,"Ruta 2-A: Clásico Diseñada",600,523,77,664,336
2026-10-06T16:46:06.200Z,2026-10-06 11:46:06,2026-10-06 18:46:06,2026-10-07,1,"Ruta 1-A: Montaña Machupicchu",50,0,50,679,321
2026-10-06T16:46:06.200Z,2026-10-06 11:46:06,2026-10-06 18:46:06,2026-10-07,1,"Ruta 2-A: Clásico Diseñada",600,531,69,679,321
2026-10-06T17:10:56.989Z,2026-10-06 12:10:56,2026-10-06 19:10:56,2026-10-07,1,"Ruta 1-A: Montaña Machupicchu",50,2,48,704,296
2026-10-06T17:10:56.989Z,2026-10-06 12:10:56,2026-10-06 19:10:56,2026-10-07,1,"Ruta 2-A: Clásico Diseñada",600,547,53,704,296
2026-10-06T17:16:06.278Z,2026-10-06 12:16:06,2026-10-06 19:16:06,2026-10-07,1,"Ruta 1-A: Montaña Machupicchu",50,2,48,706,294
2026-10-06T17:16:06.278Z,2026-10-06 12:16:06,2026-10-06 19:16:06,2026-10-07,1,"Ruta 2-A: Clásico Diseñada",600,547,53,706,294
2026-10-06T17:31:04.732Z,2026-10-06 12:31:04,2026-10-06 19:31:04,2026-10-07,1,"Ruta 1-A: Montaña Machupicchu",50,2,48,708,292
2026-10-06T17:31:04.732Z,2026-10-06 12:31:04,2026-10-06 19:31:04,2026-10-07,1,"Ruta 2-A: Clásico Diseñada",600,549,51,708,292
2026-10-06T17:46:05.717Z,2026-10-06 12:46:05,2026-10-06 19:46:05,2026-10-07,1,"Ruta 1-A: Montaña Machupicchu",50,2,48,713,287
2026-10-06T17:46:05.717Z,2026-10-06 12:46:05,2026-10-06 19:46:05,2026-10-07,1,"Ruta 2-A: Clásico Diseñada",600,549,51,713,287
2026-10-06T19:10:19.117Z,2026-10-06 14:10:19,2026-10-06 21:10:19,2026-10-07,1,"Ruta 1-A: Montaña Machupicchu",50,4,46,823,177
2026-10-06T19:10:19.117Z,2026-10-06 14:10:19,2026-10-06 21:10:19,2026-10-07,1,"Ruta 2-A: Clásico Diseñada",600,600,0,823,177
2026-10-06T19:16:06.234Z,2026-10-06 14:16:06,2026-10-06 21:16:06,2026-10-07,1,"Ruta 1-A: Montaña Machupicchu",50,4,46,832,168
2026-10-06T19:16:06.234Z,2026-10-06 14:16:06,2026-10-06 21:16:06,2026-10-07,1,"Ruta 2-A: Clásico Diseñada",600,600,0,832,168
2026-10-06T19:21:05.567Z,2026-10-06 14:21:05,2026-10-06 21:21:05,2026-10-07,1,"Ruta 1-A: Montaña Machupicchu",50,4,46,837,163
2026-10-06T19:21:05.567Z,2026-10-06 14:21:05,2026-10-06 21:21:05,2026-10-07,1,"Ruta 2-A: Clásico Diseñada",600,600,0,837,163
2026-10-06T19:26:06.000Z,2026-10-06 14:26:06,2026-10-06 21:26:06,2026-10-07,1,"Ruta 1-A: Montaña Machupicchu",50,4,46,845,155
2026-10-06T19:26:06.000Z,2026-10-06 14:26:06,2026-10-06 21:26:06,2026-10-07,1,"Ruta 2-A: Clásico Diseñada",600,600,0,845,155
2026-10-06T19:31:06.100Z,2026-10-06 14:31:06,2026-10-06 21:31:06,2026-10-07,1,"Ruta 1-A: Montaña Machupicchu",50,4,46,861,139
2026-10-06T19:31:06.100Z,2026-10-06 14:31:06,2026-10-06 21:31:06,2026-10-07,1,"Ruta 2-A: Clásico Diseñada",600,600,0,861,139
2026-10-06T19:36:05.982Z,2026-10-06 14:36:05,2026-10-06 21:36:05,2026-10-07,1,"Ruta 1-A: Montaña Machupicchu",50,4,46,867,133
2026-10-06T19:36:05.982Z,2026-10-06 14:36:05,2026-10-06 21:36:05,2026-10-07,1,"Ruta 2-A: Clásico Diseñada",600,600,0,867,133
2026-10-06T19:41:06.472Z,2026-10-06 14:41:06,2026-10-06 21:41:06,2026-10-07,1,"Ruta 1-A: Montaña Machupicchu",50,5,45,872,128
2026-10-06T19:41:06.472Z,2026-10-06 14:41:06,2026-10-06 21:41:06,2026-10-07,1,"Ruta 2-A: Clásico Diseñada",600,600,0,872,128
2026-10-06T19:46:05.274Z,2026-10-06 14:46:05,2026-10-06 21:46:05,2026-10-07,1,"Ruta 1-A: Montaña Machupicchu",50,5,45,872,128
2026-10-06T19:46:05.274Z,2026-10-06 14:46:05,2026-10-06 21:46:05,2026-10-07,1,"Ruta 2-A: Clásico Diseñada",600,600,0,872,128
2026-10-06T19:51:06.086Z,2026-10-06 14:51:06,2026-10-06 21:51:06,2026-10-07,1,"Ruta 1-A: Montaña Machupicchu",50,5,45,878,122
2026-10-06T19:51:06.086Z,2026-10-06 14:51:06,2026-10-06 21:51:06,2026-10-07,1,"Ruta 2-A: Clásico Diseñada",600,600,0,878,122
2026-10-06T20:13:52.239Z,2026-10-06 15:13:52,2026-10-06 22:13:52,2026-10-07,1,"Ruta 1-A: Montaña Machupicchu",50,5,45,884,116
2026-10-06T20:13:52.239Z,2026-10-06 15:13:52,2026-10-06 22:13:52,2026-10-07,1,"Ruta 2-A: Clásico Diseñada",600,600,0,884,116
2026-10-06T20:16:05.428Z,2026-10-06 15:16:05,2026-10-06 22:16:05,2026-10-07,1,"Ruta 1-A: Montaña Machupicchu",50,5,45,884,116
2026-10-06T20:16:05.428Z,2026-10-06 15:16:05,2026-10-06 22:16:05,2026-10-07,1,"Ruta 2-A: Clásico Diseñada",600,600,0,884,116
2026-10-06T20:31:04.384Z,2026-10-06 15:31:04,2026-10-06 22:31:04,2026-10-07,1,"Ruta 1-A: Montaña Machupicchu",50,5,45,893,107
2026-10-06T20:31:04.384Z,2026-10-06 15:31:04,2026-10-06 22:31:04,2026-10-07,1,"Ruta 2-A: Clásico Diseñada",600,600,0,893,107
2026-10-06T20:46:05.542Z,2026-10-06 15:46:05,2026-10-06 22:46:05,2026-10-07,1,"Ruta 1-A: Montaña Machupicchu",50,8,42,930,70
2026-10-06T20:46:05.542Z,2026-10-06 15:46:05,2026-10-06 22:46:05,2026-10-07,1,"Ruta 2-A: Clásico Diseñada",600,600,0,930,70
2026-10-06T21:11:54.363Z,2026-10-06 16:11:54,2026-10-06 23:11:54,2026-10-07,1,"Ruta 1-A: Montaña Machupicchu",50,12,38,980,20
2026-10-06T21:11:54.363Z,2026-10-06 16:11:54,2026-10-06 23:11:54,2026-10-07,1,"Ruta 2-A: Clásico Diseñada",600,600,0,980,20
2026-10-06T21:16:05.438Z,2026-10-06 16:16:05,2026-10-06 23:16:05,2026-10-07,1,"Ruta 1-A: Montaña Machupicchu",50,20,30,982,18
2026-10-06T21:16:05.438Z,2026-10-06 16:16:05,2026-10-06 23:16:05,2026-10-07,1,"Ruta 2-A: Clásico Diseñada",600,600,0,982,18
2026-10-06T21:31:05.764Z,2026-10-06 16:31:05,2026-10-06 23:31:05,2026-10-07,1,"Ruta 1-A: Montaña Machupicchu",50,24,26,986,14
2026-10-06T21:31:05.764Z,2026-10-06 16:31:05,2026-10-06 23:31:05,2026-10-07,1,"Ruta 2-A: Clásico Diseñada",600,600,0,986,14
2026-10-06T21:46:05.783Z,2026-10-06 16:46:05,2026-10-06 23:46:05,2026-10-07,1,"Ruta 1-A: Montaña Machupicchu",50,24,26,987,13
2026-10-06T21:46:05.783Z,2026-10-06 16:46:05,2026-10-06 23:46:05,2026-10-07,1,"Ruta 2-A: Clásico Diseñada",600,600,0,987,13
2026-10-06T22:12:53.016Z,2026-10-06 17:12:53,2026-10-07 00:12:53,2026-10-07,1,"Ruta 1-A: Montaña Machupicchu",50,25,25,990,10
2026-10-06T22:12:53.016Z,2026-10-06 17:12:53,2026-10-07 00:12:53,2026-10-07,1,"Ruta 2-A: Clásico Diseñada",600,600,0,990,10
2026-10-06T23:12:07.219Z,2026-10-06 18:12:07,2026-10-07 01:12:07,2026-10-07,1,"Ruta 1-A: Montaña Machupicchu",50,41,9,1000,0
2026-10-06T23:12:07.219Z,2026-10-06 18:12:07,2026-10-07 01:12:07,2026-10-07,1,"Ruta 2-A: Clásico Diseñada",600,600,0,1000,0
2026-10-07T00:34:03.031Z,2026-10-06 19:34:03,2026-10-07 02:34:03,2026-10-08,2,"Ruta 1-A: Montaña Machupicchu",50,0,50,0,1000
2026-10-07T00:34:03.031Z,2026-10-06 19:34:03,2026-10-07 02:34:03,2026-10-08,2,"Ruta 2-A: Clásico Diseñada",600,0,600,0,1000
2026-10-07T01:33:19.538Z,2026-10-06 20:33:19,2026-10-07 03:33:19,2026-10-08,2,"Ruta 1-A: Montaña Machupicchu",50,0,50,0,1000
2026-10-07T01:33:19.538Z,2026-10-06 20:33:19,2026-10-07 03:33:19,2026-10-08,2,"Ruta 2-A: Clásico Diseñada",600,0,600,0,1000
2026-10-07T02:25:39.992Z,2026-10-06 21:25:39,2026-10-07 04:25:39,2026-10-08,2,"Ruta 1-A: Montaña Machupicchu",50,0,50,0,1000
2026-10-07T02:25:39.992Z,2026-10-06 21:25:39,2026-10-07 04:25:39,2026-10-08,2,"Ruta 2-A: Clásico Diseñada",600,0,600,0,1000
2026-10-07T03:18:10.074Z,2026-10-06 22:18:10,2026-10-07 05:18:10,2026-10-08,2,"Ruta 1-A: Montaña Machupicchu",50,0,50,0,1000
2026-10-07T03:18:10.074Z,2026-10-06 22:18:10,2026-10-07 05:18:10,2026-10-08,2,"Ruta 2-A: Clásico Diseñada",600,0,600,0,1000
2026-10-07T04:15:54.919Z,2026-10-06 23:15:54,2026-10-07 06:15:54,2026-10-08,2,"Ruta 1-A: Montaña Machupicchu",50,0,50,0,1000
2026-10-07T04:15:54.919Z,2026-10-06 23:15:54,2026-10-07 06:15:54,2026-10-08,2,"Ruta 2-A: Clásico Diseñada",600,0,600,0,1000
2026-10-07T05:13:51.472Z,2026-10-07 00:13:51,2026-10-07 07:13:51,2026-10-08,1,"Ruta 1-A: Montaña Machupicchu",50,0,50,0,1000
2026-10-07T05:13:51.472Z,2026-10-07 00:13:51,2026-10-07 07:13:51,2026-10-08,1,"Ruta 2-A: Clásico Diseñada",600,0,600,0,1000
2026-10-07T06:20:16.264Z,2026-10-07 01:20:16,2026-10-07 08:20:16,2026-10-08,1,"Ruta 1-A: Montaña Machupicchu",50,0,50,0,1000
2026-10-07T06:20:16.264Z,2026-10-07 01:20:16,2026-10-07 08:20:16,2026-10-08,1,"Ruta 2-A: Clásico Diseñada",600,0,600,0,1000
2026-10-07T07:21:25.017Z,2026-10-07 02:21:25,2026-10-07 09:21:25,2026-10-08,1,"Ruta 1-A: Montaña Machupicchu",50,0,50,0,1000
2026-10-07T07:21:25.017Z,2026-10-07 02:21:25,2026-10-07 09:21:25,2026-10-08,1,"Ruta 2-A: Clásico Diseñada",600,0,600,0,1000
2026-10-07T08:18:06.210Z,2026-10-07 03:18:06,2026-10-07 10:18:06,2026-10-08,1,"Ruta 1-A: Montaña Machupicchu",50,0,50,0,1000
2026-10-07T08:18:06.210Z,2026-10-07 03:18:06,2026-10-07 10:18:06,2026-10-08,1,"Ruta 2-A: Clásico Diseñada",600,0,600,0,1000
2026-10-07T09:15:25.055Z,2026-10-07 04:15:25,2026-10-07 11:15:25,2026-10-08,1,"Ruta 1-A: Montaña Machupicchu",50,0,50,0,1000
2026-10-07T09:15:25.055Z,2026-10-07 04:15:25,2026-10-07 11:15:25,2026-10-08,1,"Ruta 2-A: Clásico Diseñada",600,0,600,0,1000
2026-10-07T11:11:46.759Z,2026-10-07 06:11:46,2026-10-07 13:11:46,2026-10-08,1,"Ruta 1-A: Montaña Machupicchu",50,0,50,53,947
2026-10-07T11:11:46.759Z,2026-10-07 06:11:46,2026-10-07 13:11:46,2026-10-08,1,"Ruta 2-A: Clásico Diseñada",600,17,583,53,947
2026-10-07T11:16:05.121Z,2026-10-07 06:16:05,2026-10-07 13:16:05,2026-10-08,1,"Ruta 1-A: Montaña Machupicchu",50,0,50,72,928
2026-10-07T11:16:05.121Z,2026-10-07 06:16:05,2026-10-07 13:16:05,2026-10-08,1,"Ruta 2-A: Clásico Diseñada",600,26,574,72,928
2026-10-07T11:31:05.269Z,2026-10-07 06:31:05,2026-10-07 13:31:05,2026-10-08,1,"Ruta 1-A: Montaña Machupicchu",50,0,50,165,835
2026-10-07T11:31:05.269Z,2026-10-07 06:31:05,2026-10-07 13:31:05,2026-10-08,1,"Ruta 2-A: Clásico Diseñada",600,70,530,165,835
2026-10-07T11:46:05.779Z,2026-10-07 06:46:05,2026-10-07 13:46:05,2026-10-08,1,"Ruta 1-A: Montaña Machupicchu",50,0,50,252,748
2026-10-07T11:46:05.779Z,2026-10-07 06:46:05,2026-10-07 13:46:05,2026-10-08,1,"Ruta 2-A: Clásico Diseñada",600,124,476,252,748
2026-10-07T12:19:42.403Z,2026-10-07 07:19:42,2026-10-07 14:19:42,2026-10-08,1,"Ruta 1-A: Montaña Machupicchu",50,0,50,377,623
2026-10-07T12:19:42.403Z,2026-10-07 07:19:42,2026-10-07 14:19:42,2026-10-08,1,"Ruta 2-A: Clásico Diseñada",600,228,372,377,623
2026-10-07T12:31:05.341Z,2026-10-07 07:31:05,2026-10-07 14:31:05,2026-10-08,1,"Ruta 1-A: Montaña Machupicchu",50,0,50,402,598
2026-10-07T12:31:05.341Z,2026-10-07 07:31:05,2026-10-07 14:31:05,2026-10-08,1,"Ruta 2-A: Clásico Diseñada",600,257,343,402,598
2026-10-07T12:46:05.013Z,2026-10-07 07:46:05,2026-10-07 14:46:05,2026-10-08,1,"Ruta 1-A: Montaña Machupicchu",50,0,50,458,542
2026-10-07T12:46:05.013Z,2026-10-07 07:46:05,2026-10-07 14:46:05,2026-10-08,1,"Ruta 2-A: Clásico Diseñada",600,326,274,458,542
2026-10-07T13:17:23.795Z,2026-10-07 08:17:23,2026-10-07 15:17:23,2026-10-08,1,"Ruta 1-A: Montaña Machupicchu",50,0,50,568,432
2026-10-07T13:17:23.795Z,2026-10-07 08:17:23,2026-10-07 15:17:23,2026-10-08,1,"Ruta 2-A: Clásico Diseñada",600,390,210,568,432
2026-10-07T13:31:05.738Z,2026-10-07 08:31:05,2026-10-07 15:31:05,2026-10-08,1,"Ruta 1-A: Montaña Machupicchu",50,0,50,585,415
2026-10-07T13:31:05.738Z,2026-10-07 08:31:05,2026-10-07 15:31:05,2026-10-08,1,"Ruta 2-A: Clásico Diseñada",600,394,206,585,415
2026-10-07T13:46:04.642Z,2026-10-07 08:46:04,2026-10-07 15:46:04,2026-10-08,1,"Ruta 1-A: Montaña Machupicchu",50,1,49,604,396
2026-10-07T13:46:04.642Z,2026-10-07 08:46:04,2026-10-07 15:46:04,2026-10-08,1,"Ruta 2-A: Clásico Diseñada",600,481,119,604,396
2026-10-07T14:13:03.652Z,2026-10-07 09:13:03,2026-10-07 16:13:03,2026-10-08,1,"Ruta 1-A: Montaña Machupicchu",50,1,49,655,345
2026-10-07T14:13:03.652Z,2026-10-07 09:13:03,2026-10-07 16:13:03,2026-10-08,1,"Ruta 2-A: Clásico Diseñada",600,520,80,655,345
2026-10-07T14:16:05.192Z,2026-10-07 09:16:05,2026-10-07 16:16:05,2026-10-08,1,"Ruta 1-A: Montaña Machupicchu",50,1,49,660,340
2026-10-07T14:16:05.192Z,2026-10-07 09:16:05,2026-10-07 16:16:05,2026-10-08,1,"Ruta 2-A: Clásico Diseñada",600,520,80,660,340
2026-10-07T14:31:05.516Z,2026-10-07 09:31:05,2026-10-07 16:31:05,2026-10-08,1,"Ruta 1-A: Montaña Machupicchu",50,1,49,712,288
2026-10-07T14:31:05.516Z,2026-10-07 09:31:05,2026-10-07 16:31:05,2026-10-08,1,"Ruta 2-A: Clásico Diseñada",600,541,59,712,288
2026-10-07T14:46:05.284Z,2026-10-07 09:46:05,2026-10-07 16:46:05,2026-10-08,1,"Ruta 1-A: Montaña Machupicchu",50,2,48,773,227
2026-10-07T14:46:05.284Z,2026-10-07 09:46:05,2026-10-07 16:46:05,2026-10-08,1,"Ruta 2-A: Clásico Diseñada",600,555,45,773,227
2026-10-07T15:22:32.539Z,2026-10-07 10:22:32,2026-10-07 17:22:32,2026-10-08,1,"Ruta 1-A: Montaña Machupicchu",50,2,48,792,208
2026-10-07T15:22:32.539Z,2026-10-07 10:22:32,2026-10-07 17:22:32,2026-10-08,1,"Ruta 2-A: Clásico Diseñada",600,600,0,792,208
2026-10-07T15:31:05.117Z,2026-10-07 10:31:05,2026-10-07 17:31:05,2026-10-08,1,"Ruta 1-A: Montaña Machupicchu",50,2,48,798,202
2026-10-07T15:31:05.117Z,2026-10-07 10:31:05,2026-10-07 17:31:05,2026-10-08,1,"Ruta 2-A: Clásico Diseñada",600,600,0,798,202
2026-10-07T15:46:05.459Z,2026-10-07 10:46:05,2026-10-07 17:46:05,2026-10-08,1,"Ruta 1-A: Montaña Machupicchu",50,2,48,803,197
2026-10-07T15:46:05.459Z,2026-10-07 10:46:05,2026-10-07 17:46:05,2026-10-08,1,"Ruta 2-A: Clásico Diseñada",600,600,0,803,197
2026-10-07T16:14:39.191Z,2026-10-07 11:14:39,2026-10-07 18:14:39,2026-10-08,1,"Ruta 1-A: Montaña Machupicchu",50,3,47,807,193
2026-10-07T16:14:39.191Z,2026-10-07 11:14:39,2026-10-07 18:14:39,2026-10-08,1,"Ruta 2-A: Clásico Diseñada",600,600,0,807,193
2026-10-07T16:16:05.813Z,2026-10-07 11:16:05,2026-10-07 18:16:05,2026-10-08,1,"Ruta 1-A: Montaña Machupicchu",50,3,47,807,193
2026-10-07T16:16:05.813Z,2026-10-07 11:16:05,2026-10-07 18:16:05,2026-10-08,1,"Ruta 2-A: Clásico Diseñada",600,600,0,807,193
2026-10-07T16:31:05.552Z,2026-10-07 11:31:05,2026-10-07 18:31:05,2026-10-08,1,"Ruta 1-A: Montaña Machupicchu",50,3,47,811,189
2026-10-07T16:31:05.552Z,2026-10-07 11:31:05,2026-10-07 18:31:05,2026-10-08,1,"Ruta 2-A: Clásico Diseñada",600,600,0,811,189
2026-10-07T16:46:05.993Z,2026-10-07 11:46:05,2026-10-07 18:46:05,2026-10-08,1,"Ruta 1-A: Montaña Machupicchu",50,3,47,835,165
2026-10-07T16:46:05.993Z,2026-10-07 11:46:05,2026-10-07 18:46:05,2026-10-08,1,"Ruta 2-A: Clásico Diseñada",600,600,0,835,165
2026-10-07T17:19:17.063Z,2026-10-07 12:19:17,2026-10-07 19:19:17,2026-10-08,1,"Ruta 1-A: Montaña Machupicchu",50,3,47,860,140
2026-10-07T17:19:17.063Z,2026-10-07 12:19:17,2026-10-07 19:19:17,2026-10-08,1,"Ruta 2-A: Clásico Diseñada",600,600,0,860,140
2026-10-07T17:31:05.892Z,2026-10-07 12:31:05,2026-10-07 19:31:05,2026-10-08,1,"Ruta 1-A: Montaña Machupicchu",50,3,47,894,106
2026-10-07T17:31:05.892Z,2026-10-07 12:31:05,2026-10-07 19:31:05,2026-10-08,1,"Ruta 2-A: Clásico Diseñada",600,600,0,894,106
2026-10-07T17:46:05.246Z,2026-10-07 12:46:05,2026-10-07 19:46:05,2026-10-08,1,"Ruta 1-A: Montaña Machupicchu",50,5,45,924,76
2026-10-07T17:46:05.246Z,2026-10-07 12:46:05,2026-10-07 19:46:05,2026-10-08,1,"Ruta 2-A: Clásico Diseñada",600,600,0,924,76
2026-10-07T18:19:09.639Z,2026-10-07 13:19:09,2026-10-07 20:19:09,2026-10-08,1,"Ruta 1-A: Montaña Machupicchu",50,20,30,950,50
2026-10-07T18:19:09.639Z,2026-10-07 13:19:09,2026-10-07 20:19:09,2026-10-08,1,"Ruta 2-A: Clásico Diseñada",600,600,0,950,50
2026-10-07T18:21:05.104Z,2026-10-07 13:21:05,2026-10-07 20:21:05,2026-10-08,1,"Ruta 1-A: Montaña Machupicchu",50,20,30,950,50
2026-10-07T18:21:05.104Z,2026-10-07 13:21:05,2026-10-07 20:21:05,2026-10-08,1,"Ruta 2-A: Clásico Diseñada",600,600,0,950,50
2026-10-07T18:26:05.122Z,2026-10-07 13:26:05,2026-10-07 20:26:05,2026-10-08,1,"Ruta 1-A: Montaña Machupicchu",50,20,30,950,50
2026-10-07T18:26:05.122Z,2026-10-07 13:26:05,2026-10-07 20:26:05,2026-10-08,1,"Ruta 2-A: Clásico Diseñada",600,600,0,950,50
2026-10-07T18:31:05.141Z,2026-10-07 13:31:05,2026-10-07 20:31:05,2026-10-08,1,"Ruta 1-A: Montaña Machupicchu",50,20,30,952,48
2026-10-07T18:31:05.141Z,2026-10-07 13:31:05,2026-10-07 20:31:05,2026-10-08,1,"Ruta 2-A: Clásico Diseñada",600,600,0,952,48
2026-10-07T18:36:05.223Z,2026-10-07 13:36:05,2026-10-07 20:36:05,2026-10-08,1,"Ruta 1-A: Montaña Machupicchu",50,20,30,954,46
2026-10-07T18:36:05.223Z,2026-10-07 13:36:05,2026-10-07 20:36:05,2026-10-08,1,"Ruta 2-A: Clásico Diseñada",600,600,0,954,46
2026-10-07T18:41:05.104Z,2026-10-07 13:41:05,2026-10-07 20:41:05,2026-10-08,1,"Ruta 1-A: Montaña Machupicchu",50,20,30,955,45
2026-10-07T18:41:05.104Z,2026-10-07 13:41:05,2026-10-07 20:41:05,2026-10-08,1,"Ruta 2-A: Clásico Diseñada",600,600,0,955,45
2026-10-07T18:46:04.805Z,2026-10-07 13:46:04,2026-10-07 20:46:04,2026-10-08,1,"Ruta 1-A: Montaña Machupicchu",50,20,30,957,43
2026-10-07T18:46:04.805Z,2026-10-07 13:46:04,2026-10-07 20:46:04,2026-10-08,1,"Ruta 2-A: Clásico Diseñada",600,600,0,957,43
2026-10-07T18:51:04.438Z,2026-10-07 13:51:04,2026-10-07 20:51:04,2026-10-08,1,"Ruta 1-A: Montaña Machupicchu",50,20,30,958,42
2026-10-07T18:51:04.438Z,2026-10-07 13:51:04,2026-10-07 20:51:04,2026-10-08,1,"Ruta 2-A: Clásico Diseñada",600,600,0,958,42
2026-10-07T19:12:55.274Z,2026-10-07 14:12:55,2026-10-07 21:12:55,2026-10-08,1,"Ruta 1-A: Montaña Machupicchu",50,22,28,976,24
2026-10-07T19:12:55.274Z,2026-10-07 14:12:55,2026-10-07 21:12:55,2026-10-08,1,"Ruta 2-A: Clásico Diseñada",600,600,0,976,24
2026-10-07T19:16:04.846Z,2026-10-07 14:16:04,2026-10-07 21:16:04,2026-10-08,1,"Ruta 1-A: Montaña Machupicchu",50,22,28,978,22
2026-10-07T19:16:04.846Z,2026-10-07 14:16:04,2026-10-07 21:16:04,2026-10-08,1,"Ruta 2-A: Clásico Diseñada",600,600,0,978,22
2026-10-07T19:21:04.541Z,2026-10-07 14:21:04,2026-10-07 21:21:04,2026-10-08,1,"Ruta 1-A: Montaña Machupicchu",50,24,26,981,19
2026-10-07T19:21:04.541Z,2026-10-07 14:21:04,2026-10-07 21:21:04,2026-10-08,1,"Ruta 2-A: Clásico Diseñada",600,600,0,981,19
2026-10-07T19:26:05.690Z,2026-10-07 14:26:05,2026-10-07 21:26:05,2026-10-08,1,"Ruta 1-A: Montaña Machupicchu",50,26,24,981,19
2026-10-07T19:26:05.690Z,2026-10-07 14:26:05,2026-10-07 21:26:05,2026-10-08,1,"Ruta 2-A: Clásico Diseñada",600,600,0,981,19
2026-10-07T19:31:04.717Z,2026-10-07 14:31:04,2026-10-07 21:31:04,2026-10-08,1,"Ruta 1-A: Montaña Machupicchu",50,26,24,981,19
2026-10-07T19:31:04.717Z,2026-10-07 14:31:04,2026-10-07 21:31:04,2026-10-08,1,"Ruta 2-A: Clásico Diseñada",600,600,0,981,19
2026-10-07T19:36:04.744Z,2026-10-07 14:36:04,2026-10-07 21:36:04,2026-10-08,1,"Ruta 1-A: Montaña Machupicchu",50,26,24,981,19
2026-10-07T19:36:04.744Z,2026-10-07 14:36:04,2026-10-07 21:36:04,2026-10-08,1,"Ruta 2-A: Clásico Diseñada",600,600,0,981,19
2026-10-07T19:41:05.303Z,2026-10-07 14:41:05,2026-10-07 21:41:05,2026-10-08,1,"Ruta 1-A: Montaña Machupicchu",50,26,24,986,14
2026-10-07T19:41:05.303Z,2026-10-07 14:41:05,2026-10-07 21:41:05,2026-10-08,1,"Ruta 2-A: Clásico Diseñada",600,600,0,986,14
2026-10-07T19:46:05.185Z,2026-10-07 14:46:05,2026-10-07 21:46:05,2026-10-08,1,"Ruta 1-A: Montaña Machupicchu",50,30,20,996,4
2026-10-07T19:46:05.185Z,2026-10-07 14:46:05,2026-10-07 21:46:05,2026-10-08,1,"Ruta 2-A: Clásico Diseñada",600,600,0,996,4
2026-10-07T19:51:05.304Z,2026-10-07 14:51:05,2026-10-07 21:51:05,2026-10-08,1,"Ruta 1-A: Montaña Machupicchu",50,31,19,1000,0
2026-10-07T19:51:05.304Z,2026-10-07 14:51:05,2026-10-07 21:51:05,2026-10-08,1,"Ruta 2-A: Clásico Diseñada",600,600,0,1000,0
2026-10-07T20:14:10.587Z,2026-10-07 15:14:10,2026-10-07 22:14:10,2026-10-08,1,"Ruta 1-A: Montaña Machupicchu",50,31,19,1000,0
2026-10-07T20:14:10.587Z,2026-10-07 15:14:10,2026-10-07 22:14:10,2026-10-08,1,"Ruta 2-A: Clásico Diseñada",600,600,0,1000,0
2026-10-07T20:16:05.418Z,2026-10-07 15:16:05,2026-10-07 22:16:05,2026-10-08,1,"Ruta 1-A: Montaña Machupicchu",50,31,19,1000,0
2026-10-07T20:16:05.418Z,2026-10-07 15:16:05,2026-10-07 22:16:05,2026-10-08,1,"Ruta 2-A: Clásico Diseñada",600,600,0,1000,0
2026-10-07T20:31:05.348Z,2026-10-07 15:31:05,2026-10-07 22:31:05,2026-10-08,1,"Ruta 1-A: Montaña Machupicchu",50,31,19,1000,0
2026-10-07T20:31:05.348Z,2026-10-07 15:31:05,2026-10-07 22:31:05,2026-10-08,1,"Ruta 2-A: Clásico Diseñada",600,600,0,1000,0
2026-10-07T20:46:05.155Z,2026-10-07 15:46:05,2026-10-07 22:46:05,2026-10-08,1,"Ruta 1-A: Montaña Machupicchu",50,38,12,1000,0
2026-10-07T20:46:05.155Z,2026-10-07 15:46:05,2026-10-07 22:46:05,2026-10-08,1,"Ruta 2-A: Clásico Diseñada",600,600,0,1000,0
2026-10-07T22:12:23.032Z,2026-10-07 17:12:23,2026-10-08 00:12:23,2026-10-08,1,"Ruta 1-A: Montaña Machupicchu",50,50,0,1000,0
2026-10-07T22:12:23.032Z,2026-10-07 17:12:23,2026-10-08 00:12:23,2026-10-08,1,"Ruta 2-A: Clásico Diseñada",600,600,0,1000,0
2026-10-07T22:12:23.032Z,2026-10-07 17:12:23,2026-10-08 00:12:23,2026-10-09,2,"Ruta 1-A: Montaña Machupicchu",50,0,50,89,911
2026-10-07T22:12:23.032Z,2026-10-07 17:12:23,2026-10-08 00:12:23,2026-10-09,2,"Ruta 2-A: Clásico Diseñada",600,80,520,89,911
2026-10-07T23:11:22.602Z,2026-10-07 18:11:22,2026-10-08 01:11:22,2026-10-08,1,"Ruta 1-A: Montaña Machupicchu",50,50,0,1000,0
2026-10-07T23:11:22.602Z,2026-10-07 18:11:22,2026-10-08 01:11:22,2026-10-08,1,"Ruta 2-A: Clásico Diseñada",600,600,0,1000,0
2026-10-07T23:11:22.602Z,2026-10-07 18:11:22,2026-10-08 01:11:22,2026-10-09,2,"Ruta 1-A: Montaña Machupicchu",50,0,50,164,836
2026-10-07T23:11:22.602Z,2026-10-07 18:11:22,2026-10-08 01:11:22,2026-10-09,2,"Ruta 2-A: Clásico Diseñada",600,143,457,164,836
2026-10-08T00:32:56.429Z,2026-10-07 19:32:56,2026-10-08 02:32:56,2026-10-09,2,"Ruta 1-A: Montaña Machupicchu",50,0,50,214,786
2026-10-08T00:32:56.429Z,2026-10-07 19:32:56,2026-10-08 02:32:56,2026-10-09,2,"Ruta 2-A: Clásico Diseñada",600,177,423,214,786
2026-10-08T01:32:43.339Z,2026-10-07 20:32:43,2026-10-08 03:32:43,2026-10-09,2,"Ruta 1-A: Montaña Machupicchu",50,0,50,224,776
2026-10-08T01:32:43.339Z,2026-10-07 20:32:43,2026-10-08 03:32:43,2026-10-09,2,"Ruta 2-A: Clásico Diseñada",600,184,416,224,776
2026-10-08T02:24:41.839Z,2026-10-07 21:24:41,2026-10-08 04:24:41,2026-10-09,2,"Ruta 1-A: Montaña Machupicchu",50,0,50,330,670
2026-10-08T02:24:41.839Z,2026-10-07 21:24:41,2026-10-08 04:24:41,2026-10-09,2,"Ruta 2-A: Clásico Diseñada",600,268,332,330,670
2026-10-08T03:18:15.822Z,2026-10-07 22:18:15,2026-10-08 05:18:15,2026-10-09,2,"Ruta 1-A: Montaña Machupicchu",50,0,50,366,634
2026-10-08T03:18:15.822Z,2026-10-07 22:18:15,2026-10-08 05:18:15,2026-10-09,2,"Ruta 2-A: Clásico Diseñada",600,302,298,366,634
2026-10-08T04:15:51.773Z,2026-10-07 23:15:51,2026-10-08 06:15:51,2026-10-09,2,"Ruta 1-A: Montaña Machupicchu",50,0,50,366,634
2026-10-08T04:15:51.773Z,2026-10-07 23:15:51,2026-10-08 06:15:51,2026-10-09,2,"Ruta 2-A: Clásico Diseñada",600,302,298,366,634
2026-10-08T05:14:24.807Z,2026-10-08 00:14:24,2026-10-08 07:14:24,2026-10-09,1,"Ruta 1-A: Montaña Machupicchu",50,0,50,366,634
2026-10-08T05:14:24.807Z,2026-10-08 00:14:24,2026-10-08 07:14:24,2026-10-09,1,"Ruta 2-A: Clásico Diseñada",600,302,298,366,634
2026-10-08T06:22:26.008Z,2026-10-08 01:22:26,2026-10-08 08:22:26,2026-10-09,1,"Ruta 1-A: Montaña Machupicchu",50,0,50,366,634
2026-10-08T06:22:26.008Z,2026-10-08 01:22:26,2026-10-08 08:22:26,2026-10-09,1,"Ruta 2-A: Clásico Diseñada",600,302,298,366,634
2026-10-08T07:22:46.855Z,2026-10-08 02:22:46,2026-10-08 09:22:46,2026-10-09,1,"Ruta 1-A: Montaña Machupicchu",50,0,50,366,634
2026-10-08T07:22:46.855Z,2026-10-08 02:22:46,2026-10-08 09:22:46,2026-10-09,1,"Ruta 2-A: Clásico Diseñada",600,302,298,366,634
2026-10-08T08:19:09.526Z,2026-10-08 03:19:09,2026-10-08 10:19:09,2026-10-09,1,"Ruta 1-A: Montaña Machupicchu",50,0,50,366,634
2026-10-08T08:19:09.526Z,2026-10-08 03:19:09,2026-10-08 10:19:09,2026-10-09,1,"Ruta 2-A: Clásico Diseñada",600,302,298,366,634
2026-10-08T10:13:42.434Z,2026-10-08 05:13:42,2026-10-08 12:13:42,2026-10-09,1,"Ruta 1-A: Montaña Machupicchu",50,0,50,366,634
2026-10-08T10:13:42.434Z,2026-10-08 05:13:42,2026-10-08 12:13:42,2026-10-09,1,"Ruta 2-A: Clásico Diseñada",600,302,298,366,634
2026-10-08T11:12:29.114Z,2026-10-08 06:12:29,2026-10-08 13:12:29,2026-10-09,1,"Ruta 1-A: Montaña Machupicchu",50,0,50,413,587
2026-10-08T11:12:29.114Z,2026-10-08 06:12:29,2026-10-08 13:12:29,2026-10-09,1,"Ruta 2-A: Clásico Diseñada",600,314,286,413,587
2026-10-08T11:16:06.646Z,2026-10-08 06:16:06,2026-10-08 13:16:06,2026-10-09,1,"Ruta 1-A: Montaña Machupicchu",50,0,50,427,573
2026-10-08T11:16:06.646Z,2026-10-08 06:16:06,2026-10-08 13:16:06,2026-10-09,1,"Ruta 2-A: Clásico Diseñada",600,322,278,427,573
2026-10-08T11:31:05.506Z,2026-10-08 06:31:05,2026-10-08 13:31:05,2026-10-09,1,"Ruta 1-A: Montaña Machupicchu",50,0,50,481,519
2026-10-08T11:31:05.506Z,2026-10-08 06:31:05,2026-10-08 13:31:05,2026-10-09,1,"Ruta 2-A: Clásico Diseñada",600,357,243,481,519
2026-10-08T11:46:05.409Z,2026-10-08 06:46:05,2026-10-08 13:46:05,2026-10-09,1,"Ruta 1-A: Montaña Machupicchu",50,0,50,515,485
2026-10-08T11:46:05.409Z,2026-10-08 06:46:05,2026-10-08 13:46:05,2026-10-09,1,"Ruta 2-A: Clásico Diseñada",600,394,206,515,485
2026-10-08T12:19:18.024Z,2026-10-08 07:19:18,2026-10-08 14:19:18,2026-10-09,1,"Ruta 1-A: Montaña Machupicchu",50,0,50,522,478
2026-10-08T12:19:18.024Z,2026-10-08 07:19:18,2026-10-08 14:19:18,2026-10-09,1,"Ruta 2-A: Clásico Diseñada",600,398,202,522,478
2026-10-08T12:31:05.975Z,2026-10-08 07:31:05,2026-10-08 14:31:05,2026-10-09,1,"Ruta 1-A: Montaña Machupicchu",50,0,50,523,477
2026-10-08T12:31:05.975Z,2026-10-08 07:31:05,2026-10-08 14:31:05,2026-10-09,1,"Ruta 2-A: Clásico Diseñada",600,430,170,523,477
2026-10-08T12:46:06.031Z,2026-10-08 07:46:06,2026-10-08 14:46:06,2026-10-09,1,"Ruta 1-A: Montaña Machupicchu",50,0,50,524,476
2026-10-08T12:46:06.031Z,2026-10-08 07:46:06,2026-10-08 14:46:06,2026-10-09,1,"Ruta 2-A: Clásico Diseñada",600,430,170,524,476
2026-10-08T13:17:39.260Z,2026-10-08 08:17:39,2026-10-08 15:17:39,2026-10-09,1,"Ruta 1-A: Montaña Machupicchu",50,0,50,611,389
2026-10-08T13:17:39.260Z,2026-10-08 08:17:39,2026-10-08 15:17:39,2026-10-09,1,"Ruta 2-A: Clásico Diseñada",600,489,111,611,389
2026-10-08T13:31:05.714Z,2026-10-08 08:31:05,2026-10-08 15:31:05,2026-10-09,1,"Ruta 1-A: Montaña Machupicchu",50,0,50,661,339
2026-10-08T13:31:05.714Z,2026-10-08 08:31:05,2026-10-08 15:31:05,2026-10-09,1,"Ruta 2-A: Clásico Diseñada",600,509,91,661,339
2026-10-08T13:46:05.072Z,2026-10-08 08:46:05,2026-10-08 15:46:05,2026-10-09,1,"Ruta 1-A: Montaña Machupicchu",50,0,50,714,286
2026-10-08T13:46:05.072Z,2026-10-08 08:46:05,2026-10-08 15:46:05,2026-10-09,1,"Ruta 2-A: Clásico Diseñada",600,525,75,714,286
2026-10-08T14:14:09.273Z,2026-10-08 09:14:09,2026-10-08 16:14:09,2026-10-09,1,"Ruta 1-A: Montaña Machupicchu",50,0,50,862,138
2026-10-08T14:14:09.273Z,2026-10-08 09:14:09,2026-10-08 16:14:09,2026-10-09,1,"Ruta 2-A: Clásico Diseñada",600,599,1,862,138
2026-10-08T14:16:04.874Z,2026-10-08 09:16:04,2026-10-08 16:16:04,2026-10-09,1,"Ruta 1-A: Montaña Machupicchu",50,0,50,873,127
2026-10-08T14:16:04.874Z,2026-10-08 09:16:04,2026-10-08 16:16:04,2026-10-09,1,"Ruta 2-A: Clásico Diseñada",600,599,1,873,127
2026-10-08T14:31:05.461Z,2026-10-08 09:31:05,2026-10-08 16:31:05,2026-10-09,1,"Ruta 1-A: Montaña Machupicchu",50,2,48,914,86
2026-10-08T14:31:05.461Z,2026-10-08 09:31:05,2026-10-08 16:31:05,2026-10-09,1,"Ruta 2-A: Clásico Diseñada",600,600,0,914,86
2026-10-08T14:46:05.364Z,2026-10-08 09:46:05,2026-10-08 16:46:05,2026-10-09,1,"Ruta 1-A: Montaña Machupicchu",50,2,48,931,69
2026-10-08T14:46:05.364Z,2026-10-08 09:46:05,2026-10-08 16:46:05,2026-10-09,1,"Ruta 2-A: Clásico Diseñada",600,600,0,931,69
2026-10-08T16:15:38.262Z,2026-10-08 11:15:38,2026-10-08 18:15:38,2026-10-09,1,"Ruta 1-A: Montaña Machupicchu",50,40,10,1000,0
2026-10-08T16:15:38.262Z,2026-10-08 11:15:38,2026-10-08 18:15:38,2026-10-09,1,"Ruta 2-A: Clásico Diseñada",600,600,0,1000,0
2026-10-08T16:31:06.236Z,2026-10-08 11:31:06,2026-10-08 18:31:06,2026-10-09,1,"Ruta 1-A: Montaña Machupicchu",50,48,2,1000,0
2026-10-08T16:31:06.236Z,2026-10-08 11:31:06,2026-10-08 18:31:06,2026-10-09,1,"Ruta 2-A: Clásico Diseñada",600,600,0,1000,0
2026-10-08T16:46:05.903Z,2026-10-08 11:46:05,2026-10-08 18:46:05,2026-10-09,1,"Ruta 1-A: Montaña Machupicchu",50,50,0,1000,0
2026-10-08T16:46:05.903Z,2026-10-08 11:46:05,2026-10-08 18:46:05,2026-10-09,1,"Ruta 2-A: Clásico Diseñada",600,600,0,1000,0
2026-10-08T16:46:05.903Z,2026-10-08 11:46:05,2026-10-08 18:46:05,2026-10-10,2,"Ruta 1-A: Montaña Machupicchu",50,0,50,0,1000
2026-10-08T16:46:05.903Z,2026-10-08 11:46:05,2026-10-08 18:46:05,2026-10-10,2,"Ruta 2-A: Clásico Diseñada",600,0,600,0,1000
2026-10-08T17:11:51.242Z,2026-10-08 12:11:51,2026-10-08 19:11:51,2026-10-09,1,"Ruta 1-A: Montaña Machupicchu",50,50,0,1000,0
2026-10-08T17:11:51.242Z,2026-10-08 12:11:51,2026-10-08 19:11:51,2026-10-09,1,"Ruta 2-A: Clásico Diseñada",600,600,0,1000,0
2026-10-08T17:11:51.242Z,2026-10-08 12:11:51,2026-10-08 19:11:51,2026-10-10,2,"Ruta 1-A: Montaña Machupicchu",50,0,50,0,1000
2026-10-08T17:11:51.242Z,2026-10-08 12:11:51,2026-10-08 19:11:51,2026-10-10,2,"Ruta 2-A: Clásico Diseñada",600,0,600,0,1000
2026-10-08T17:16:05.615Z,2026-10-08 12:16:05,2026-10-08 19:16:05,2026-10-09,1,"Ruta 1-A: Montaña Machupicchu",50,50,0,1000,0
2026-10-08T17:16:05.615Z,2026-10-08 12:16:05,2026-10-08 19:16:05,2026-10-09,1,"Ruta 2-A: Clásico Diseñada",600,600,0,1000,0
2026-10-08T17:16:05.615Z,2026-10-08 12:16:05,2026-10-08 19:16:05,2026-10-10,2,"Ruta 1-A: Montaña Machupicchu",50,0,50,16,984
2026-10-08T17:16:05.615Z,2026-10-08 12:16:05,2026-10-08 19:16:05,2026-10-10,2,"Ruta 2-A: Clásico Diseñada",600,3,597,16,984
2026-10-08T17:31:05.313Z,2026-10-08 12:31:05,2026-10-08 19:31:05,2026-10-09,1,"Ruta 1-A: Montaña Machupicchu",50,50,0,1000,0
2026-10-08T17:31:05.313Z,2026-10-08 12:31:05,2026-10-08 19:31:05,2026-10-09,1,"Ruta 2-A: Clásico Diseñada",600,600,0,1000,0
2026-10-08T17:31:05.313Z,2026-10-08 12:31:05,2026-10-08 19:31:05,2026-10-10,2,"Ruta 1-A: Montaña Machupicchu",50,0,50,47,953
2026-10-08T17:31:05.313Z,2026-10-08 12:31:05,2026-10-08 19:31:05,2026-10-10,2,"Ruta 2-A: Clásico Diseñada",600,41,559,47,953
2026-10-08T17:46:06.145Z,2026-10-08 12:46:06,2026-10-08 19:46:06,2026-10-09,1,"Ruta 1-A: Montaña Machupicchu",50,50,0,1000,0
2026-10-08T17:46:06.145Z,2026-10-08 12:46:06,2026-10-08 19:46:06,2026-10-09,1,"Ruta 2-A: Clásico Diseñada",600,600,0,1000,0
2026-10-08T17:46:06.145Z,2026-10-08 12:46:06,2026-10-08 19:46:06,2026-10-10,2,"Ruta 1-A: Montaña Machupicchu",50,0,50,56,944
2026-10-08T17:46:06.145Z,2026-10-08 12:46:06,2026-10-08 19:46:06,2026-10-10,2,"Ruta 2-A: Clásico Diseñada",600,43,557,56,944
2026-10-08T18:15:49.787Z,2026-10-08 13:15:49,2026-10-08 20:15:49,2026-10-09,1,"Ruta 1-A: Montaña Machupicchu",50,50,0,1000,0
2026-10-08T18:15:49.787Z,2026-10-08 13:15:49,2026-10-08 20:15:49,2026-10-09,1,"Ruta 2-A: Clásico Diseñada",600,600,0,1000,0
2026-10-08T18:15:49.787Z,2026-10-08 13:15:49,2026-10-08 20:15:49,2026-10-10,2,"Ruta 1-A: Montaña Machupicchu",50,0,50,98,902
2026-10-08T18:15:49.787Z,2026-10-08 13:15:49,2026-10-08 20:15:49,2026-10-10,2,"Ruta 2-A: Clásico Diseñada",600,85,515,98,902
2026-10-08T18:21:05.636Z,2026-10-08 13:21:05,2026-10-08 20:21:05,2026-10-09,1,"Ruta 1-A: Montaña Machupicchu",50,50,0,1000,0
2026-10-08T18:21:05.636Z,2026-10-08 13:21:05,2026-10-08 20:21:05,2026-10-09,1,"Ruta 2-A: Clásico Diseñada",600,600,0,1000,0
2026-10-08T18:21:05.636Z,2026-10-08 13:21:05,2026-10-08 20:21:05,2026-10-10,2,"Ruta 1-A: Montaña Machupicchu",50,0,50,99,901
2026-10-08T18:21:05.636Z,2026-10-08 13:21:05,2026-10-08 20:21:05,2026-10-10,2,"Ruta 2-A: Clásico Diseñada",600,86,514,99,901
2026-10-08T18:26:04.548Z,2026-10-08 13:26:04,2026-10-08 20:26:04,2026-10-09,1,"Ruta 1-A: Montaña Machupicchu",50,50,0,1000,0
2026-10-08T18:26:04.548Z,2026-10-08 13:26:04,2026-10-08 20:26:04,2026-10-09,1,"Ruta 2-A: Clásico Diseñada",600,600,0,1000,0
2026-10-08T18:26:04.548Z,2026-10-08 13:26:04,2026-10-08 20:26:04,2026-10-10,2,"Ruta 1-A: Montaña Machupicchu",50,0,50,99,901
2026-10-08T18:26:04.548Z,2026-10-08 13:26:04,2026-10-08 20:26:04,2026-10-10,2,"Ruta 2-A: Clásico Diseñada",600,86,514,99,901
2026-10-08T18:31:05.021Z,2026-10-08 13:31:05,2026-10-08 20:31:05,2026-10-09,1,"Ruta 1-A: Montaña Machupicchu",50,50,0,1000,0
2026-10-08T18:31:05.021Z,2026-10-08 13:31:05,2026-10-08 20:31:05,2026-10-09,1,"Ruta 2-A: Clásico Diseñada",600,600,0,1000,0
2026-10-08T18:31:05.021Z,2026-10-08 13:31:05,2026-10-08 20:31:05,2026-10-10,2,"Ruta 1-A: Montaña Machupicchu",50,0,50,103,897
2026-10-08T18:31:05.021Z,2026-10-08 13:31:05,2026-10-08 20:31:05,2026-10-10,2,"Ruta 2-A: Clásico Diseñada",600,86,514,103,897
2026-10-08T18:36:05.577Z,2026-10-08 13:36:05,2026-10-08 20:36:05,2026-10-09,1,"Ruta 1-A: Montaña Machupicchu",50,50,0,1000,0
2026-10-08T18:36:05.577Z,2026-10-08 13:36:05,2026-10-08 20:36:05,2026-10-09,1,"Ruta 2-A: Clásico Diseñada",600,600,0,1000,0
2026-10-08T18:36:05.577Z,2026-10-08 13:36:05,2026-10-08 20:36:05,2026-10-10,2,"Ruta 1-A: Montaña Machupicchu",50,0,50,115,885
2026-10-08T18:36:05.577Z,2026-10-08 13:36:05,2026-10-08 20:36:05,2026-10-10,2,"Ruta 2-A: Clásico Diseñada",600,97,503,115,885
2026-10-08T18:41:05.468Z,2026-10-08 13:41:05,2026-10-08 20:41:05,2026-10-09,1,"Ruta 1-A: Montaña Machupicchu",50,50,0,1000,0
2026-10-08T18:41:05.468Z,2026-10-08 13:41:05,2026-10-08 20:41:05,2026-10-09,1,"Ruta 2-A: Clásico Diseñada",600,600,0,1000,0
2026-10-08T18:41:05.468Z,2026-10-08 13:41:05,2026-10-08 20:41:05,2026-10-10,2,"Ruta 1-A: Montaña Machupicchu",50,0,50,123,877
2026-10-08T18:41:05.468Z,2026-10-08 13:41:05,2026-10-08 20:41:05,2026-10-10,2,"Ruta 2-A: Clásico Diseñada",600,106,494,123,877
2026-10-08T18:46:04.466Z,2026-10-08 13:46:04,2026-10-08 20:46:04,2026-10-09,1,"Ruta 1-A: Montaña Machupicchu",50,50,0,1000,0
2026-10-08T18:46:04.466Z,2026-10-08 13:46:04,2026-10-08 20:46:04,2026-10-09,1,"Ruta 2-A: Clásico Diseñada",600,600,0,1000,0
2026-10-08T18:46:04.466Z,2026-10-08 13:46:04,2026-10-08 20:46:04,2026-10-10,2,"Ruta 1-A: Montaña Machupicchu",50,0,50,125,875
2026-10-08T18:46:04.466Z,2026-10-08 13:46:04,2026-10-08 20:46:04,2026-10-10,2,"Ruta 2-A: Clásico Diseñada",600,106,494,125,875
2026-10-08T18:51:04.878Z,2026-10-08 13:51:04,2026-10-08 20:51:04,2026-10-09,1,"Ruta 1-A: Montaña Machupicchu",50,50,0,1000,0
2026-10-08T18:51:04.878Z,2026-10-08 13:51:04,2026-10-08 20:51:04,2026-10-09,1,"Ruta 2-A: Clásico Diseñada",600,600,0,1000,0
2026-10-08T18:51:04.878Z,2026-10-08 13:51:04,2026-10-08 20:51:04,2026-10-10,2,"Ruta 1-A: Montaña Machupicchu",50,0,50,127,873
2026-10-08T18:51:04.878Z,2026-10-08 13:51:04,2026-10-08 20:51:04,2026-10-10,2,"Ruta 2-A: Clásico Diseñada",600,106,494,127,873
2026-10-08T19:11:54.085Z,2026-10-08 14:11:54,2026-10-08 21:11:54,2026-10-09,1,"Ruta 1-A: Montaña Machupicchu",50,50,0,1000,0
2026-10-08T19:11:54.085Z,2026-10-08 14:11:54,2026-10-08 21:11:54,2026-10-09,1,"Ruta 2-A: Clásico Diseñada",600,600,0,1000,0
2026-10-08T19:11:54.085Z,2026-10-08 14:11:54,2026-10-08 21:11:54,2026-10-10,2,"Ruta 1-A: Montaña Machupicchu",50,0,50,137,863
2026-10-08T19:11:54.085Z,2026-10-08 14:11:54,2026-10-08 21:11:54,2026-10-10,2,"Ruta 2-A: Clásico Diseñada",600,114,486,137,863
2026-10-08T19:16:05.555Z,2026-10-08 14:16:05,2026-10-08 21:16:05,2026-10-09,1,"Ruta 1-A: Montaña Machupicchu",50,50,0,1000,0
2026-10-08T19:16:05.555Z,2026-10-08 14:16:05,2026-10-08 21:16:05,2026-10-09,1,"Ruta 2-A: Clásico Diseñada",600,600,0,1000,0
2026-10-08T19:16:05.555Z,2026-10-08 14:16:05,2026-10-08 21:16:05,2026-10-10,2,"Ruta 1-A: Montaña Machupicchu",50,0,50,141,859
2026-10-08T19:16:05.555Z,2026-10-08 14:16:05,2026-10-08 21:16:05,2026-10-10,2,"Ruta 2-A: Clásico Diseñada",600,116,484,141,859
2026-10-08T19:21:05.797Z,2026-10-08 14:21:05,2026-10-08 21:21:05,2026-10-09,1,"Ruta 1-A: Montaña Machupicchu",50,50,0,1000,0
2026-10-08T19:21:05.797Z,2026-10-08 14:21:05,2026-10-08 21:21:05,2026-10-09,1,"Ruta 2-A: Clásico Diseñada",600,600,0,1000,0
2026-10-08T19:21:05.797Z,2026-10-08 14:21:05,2026-10-08 21:21:05,2026-10-10,2,"Ruta 1-A: Montaña Machupicchu",50,0,50,151,849
2026-10-08T19:21:05.797Z,2026-10-08 14:21:05,2026-10-08 21:21:05,2026-10-10,2,"Ruta 2-A: Clásico Diseñada",600,116,484,151,849
2026-10-08T19:26:05.902Z,2026-10-08 14:26:05,2026-10-08 21:26:05,2026-10-09,1,"Ruta 1-A: Montaña Machupicchu",50,50,0,1000,0
2026-10-08T19:26:05.902Z,2026-10-08 14:26:05,2026-10-08 21:26:05,2026-10-09,1,"Ruta 2-A: Clásico Diseñada",600,600,0,1000,0
2026-10-08T19:26:05.902Z,2026-10-08 14:26:05,2026-10-08 21:26:05,2026-10-10,2,"Ruta 1-A: Montaña Machupicchu",50,0,50,172,828
2026-10-08T19:26:05.902Z,2026-10-08 14:26:05,2026-10-08 21:26:05,2026-10-10,2,"Ruta 2-A: Clásico Diseñada",600,132,468,172,828
